time,conductivity,humidity,nitrogen,phosphorus,potassium,pH,temperature,latitude,longitude
2026-08-23T00:00:05.953638+05:30,375,39.9,39,138,131,8.8,24.2,,
2026-08-23T00:00:14.759584+05:30,375,39.8,39,138,131,8.8,24.2,,
2026-08-23T00:00:22.335308+05:30,374,39.6,39,137,130,8.8,24.2,,
2026-08-23T00:00:29.505052+05:30,390,46.2,42,145,138,8.8,24.2,,
2026-08-23T00:00:36.676154+05:30,392,44.5,43,146,139,8.8,24.2,,
2026-08-23T00:00:44.045831+05:30,392,43.1,43,146,139,8.8,24.2,,
2026-08-23T00:00:51.214719+05:30,393,42.5,43,146,139,8.8,24.2,,
2026-08-23T00:00:58.381691+05:30,394,42.0,43,147,140,8.8,24.2,,
2026-08-23T00:01:05.553014+05:30,396,41.9,44,148,141,8.8,24.2,,
2026-08-23T00:01:12.718747+05:30,435,47.0,52,167,160,8.8,24.2,,
2026-08-23T00:01:19.894741+05:30,454,48.6,56,176,169,8.8,24.2,,
2026-08-23T00:01:27.054836+05:30,466,49.4,58,181,175,8.8,24.2,,
2026-08-23T00:01:34.223118+05:30,472,49.1,60,184,178,8.8,24.2,,
2026-08-23T00:01:41.391126+05:30,476,49.3,60,186,180,8.8,24.2,,
2026-08-23T00:01:48.781418+05:30,509,56.6,67,202,196,8.8,24.2,,
2026-08-23T00:01:55.931427+05:30,547,58.9,75,221,214,8.9,24.2,,
2026-08-23T00:02:03.101853+05:30,596,61.2,85,244,238,8.6,24.2,,
2026-08-23T00:02:10.275946+05:30,604,61.2,87,248,242,8.7,24.3,,
2026-08-23T00:02:17.434102+05:30,611,61.2,89,251,245,8.7,24.3,,
2026-08-23T00:02:24.601985+05:30,618,61.2,90,255,249,8.7,24.3,,
2026-08-23T00:02:31.772589+05:30,626,61.0,92,259,253,8.8,24.3,,
2026-08-23T00:02:38.941158+05:30,633,61.2,93,262,256,8.8,24.3,,
2026-08-23T00:02:46.109711+05:30,640,61.2,95,265,259,8.8,24.3,,
2026-08-23T00:02:53.480981+05:30,644,61.3,95,267,261,8.8,24.3,,
2026-08-23T00:03:00.651210+05:30,651,61.2,97,271,265,8.8,24.3,,
2026-08-23T00:03:07.815864+05:30,655,61.2,98,273,267,8.8,24.3,,
2026-08-23T00:03:14.988946+05:30,659,61.2,99,275,269,8.8,24.3,,
2026-08-23T00:03:22.166420+05:30,663,61.3,99,276,271,8.8,24.3,,
2026-08-23T00:03:29.323134+05:30,667,61.3,100,278,273,8.8,24.3,,
2026-08-23T00:03:36.491529+05:30,671,61.3,101,280,275,8.9,24.3,,
2026-08-23T00:03:43.656703+05:30,678,61.3,103,284,278,8.9,24.3,,
2026-08-23T00:03:50.825699+05:30,682,61.5,103,286,280,8.9,24.3,,
2026-08-23T00:03:58.201599+05:30,685,61.5,104,287,281,8.9,24.3,,
2026-08-23T00:04:05.364247+05:30,687,61.7,104,288,282,8.9,24.3,,
2026-08-23T00:04:12.540520+05:30,694,63.8,106,291,286,8.9,24.3,,
2026-08-23T00:04:19.709695+05:30,717,66.7,111,303,297,8.9,24.3,,
2026-08-23T00:04:26.882739+05:30,731,66.3,114,309,304,8.9,24.4,,
2026-08-23T00:04:34.250405+05:30,743,66.7,116,315,310,8.9,24.4,,
2026-08-23T00:04:41.410433+05:30,753,68.7,118,320,314,8.9,24.4,,
2026-08-23T00:04:48.581497+05:30,767,77.1,121,327,321,8.9,24.4,,
2026-08-23T00:04:55.543123+05:30,776,77.1,123,331,326,8.9,24.5,,
2026-08-23T00:05:02.924838+05:30,787,77.5,125,336,331,8.9,24.5,,
2026-08-23T00:05:10.519904+05:30,795,77.1,127,340,335,8.9,24.5,,
2026-08-23T00:05:17.664185+05:30,803,77.5,129,344,339,8.9,24.5,,
2026-08-23T00:05:24.832475+05:30,810,77.5,130,347,342,8.9,24.5,,
2026-08-23T00:05:32.000257+05:30,818,77.8,132,351,346,8.9,24.5,,
2026-08-23T00:05:39.165406+05:30,825,78.9,133,355,349,8.9,24.5,,
2026-08-23T00:05:46.332636+05:30,832,78.6,135,358,353,8.9,24.5,,
2026-08-23T00:05:53.504858+05:30,839,78.9,136,361,356,8.9,24.5,,
2026-08-23T00:06:00.676401+05:30,854,81.8,139,369,363,8.9,24.5,,
2026-08-23T00:06:07.850378+05:30,858,81.8,140,371,365,8.9,24.5,,
2026-08-23T00:06:15.210594+05:30,861,82.6,141,372,367,9.0,24.5,,
2026-08-23T00:06:22.588672+05:30,872,86.5,143,377,372,9.0,24.5,,
2026-08-23T00:06:30.346189+05:30,877,86.5,144,380,375,9.0,24.5,,
2026-08-23T00:06:40.755791+05:30,884,88.8,146,383,378,9.0,24.6,,
2026-08-23T00:06:49.824202+05:30,914,89.1,152,398,393,9.0,24.6,,
2026-08-23T00:06:57.201541+05:30,937,89.1,157,409,404,9.0,24.6,,
2026-08-23T00:07:04.777597+05:30,592,78.6,85,242,236,9.0,24.6,,
2026-08-23T00:07:12.352371+05:30,0,8.7,0,0,0,7.9,23.6,,
2026-08-23T00:07:19.520017+05:30,0,4.5,0,0,0,7.1,22.6,,
2026-08-23T00:07:27.101477+05:30,0,4.4,0,0,0,6.6,22.5,,
2026-08-23T00:07:34.675795+05:30,0,4.3,0,0,0,6.2,22.5,,
2026-08-23T00:07:42.052588+05:30,0,4.3,0,0,0,5.9,22.7,,
2026-08-23T00:07:49.419832+05:30,0,4.3,0,0,0,5.7,22.8,,
2026-08-23T00:07:56.991417+05:30,0,4.3,0,0,0,5.5,23.0,,
2026-08-23T00:08:04.386789+05:30,0,4.1,0,0,0,5.3,23.2,,
2026-08-23T00:08:11.757522+05:30,0,4.1,0,0,0,5.2,23.4,,
2026-08-23T00:08:18.919553+05:30,0,4.1,0,0,0,5.1,23.8,,
2026-08-23T00:08:26.283710+05:30,0,4.1,0,0,0,5.0,24.1,,
2026-08-23T00:08:33.655918+05:30,0,4.1,0,0,0,4.9,24.5,,
2026-08-23T00:08:41.235569+05:30,0,4.1,0,0,0,4.9,24.8,,
2026-08-23T00:08:48.606446+05:30,0,4.0,0,0,0,4.8,25.0,,
2026-08-23T00:08:56.233437+05:30,0,4.0,0,0,0,4.8,25.2,,
2026-08-23T00:09:03.553681+05:30,0,4.0,0,0,0,4.7,25.4,,
2026-08-23T00:09:11.158300+05:30,0,4.0,0,0,0,4.7,25.5,,
2026-08-23T00:09:18.943252+05:30,0,3.8,0,0,0,4.6,25.7,,
2026-08-23T00:09:26.286568+05:30,0,4.0,0,0,0,4.6,25.8,,
2026-08-23T00:09:33.837487+05:30,0,3.8,0,0,0,4.6,25.9,,
2026-08-23T00:09:41.647034+05:30,0,3.8,0,0,0,4.5,25.9,,
2026-08-23T00:09:48.848811+05:30,0,3.8,0,0,0,4.5,26.0,,
2026-08-23T00:09:56.410687+05:30,0,3.8,0,0,0,4.5,26.1,,
2026-08-23T00:10:03.766921+05:30,0,3.5,0,0,0,4.5,26.1,,
2026-08-23T00:10:11.141759+05:30,0,4.3,0,0,0,4.4,26.2,,
2026-08-23T00:10:18.720930+05:30,16,20.0,0,0,0,8.8,25.9,,
2026-08-23T00:10:26.094177+05:30,15,20.0,0,0,0,7.8,25.4,,
2026-08-23T00:10:33.463025+05:30,14,20.0,0,0,0,7.7,25.2,,
2026-08-23T00:10:41.046261+05:30,13,20.0,0,0,0,7.7,25.0,,
2026-08-23T00:10:48.550490+05:30,13,20.0,0,0,0,7.7,25.0,,
2026-08-23T00:10:55.682790+05:30,12,20.0,0,0,0,7.7,24.9,,
2026-08-23T00:11:03.062868+05:30,12,20.0,0,0,0,7.7,24.9,,
2026-08-23T00:11:10.232463+05:30,145,69.5,0,27,19,7.7,24.9,,
2026-08-23T00:11:17.599525+05:30,726,69.7,113,307,301,8.1,25.6,,
2026-08-23T00:11:24.766843+05:30,761,66.7,120,324,318,8.2,25.7,,
2026-08-23T00:11:31.930811+05:30,776,65.5,123,331,326,8.3,25.7,,
2026-08-23T00:11:39.099909+05:30,790,64.6,126,338,332,8.3,25.6,,
2026-08-23T00:11:46.271430+05:30,795,64.0,127,340,335,8.4,25.6,,
2026-08-23T00:11:53.443241+05:30,801,63.6,128,343,338,8.5,25.6,,
2026-08-23T00:12:00.815780+05:30,802,63.1,128,344,338,8.5,25.6,,
2026-08-23T00:12:09.525107+05:30,803,62.9,129,344,339,8.5,25.5,,
2026-08-23T00:12:16.993691+05:30,806,62.5,129,345,340,8.6,25.5,,
2026-08-23T00:12:24.161246+05:30,807,62.1,129,346,341,8.6,25.5,,
2026-08-23T00:12:31.536815+05:30,809,61.9,130,347,342,8.6,25.5,,
2026-08-23T00:12:38.700746+05:30,810,61.7,130,347,342,8.7,25.5,,
2026-08-23T00:12:46.077133+05:30,809,61.7,130,347,342,8.7,25.5,,
2026-08-23T00:12:54.062032+05:30,809,61.5,130,347,342,8.7,25.5,,
2026-08-23T00:13:01.232616+05:30,810,61.3,130,347,342,8.7,25.5,,
2026-08-23T00:13:08.806100+05:30,810,61.2,130,347,342,8.7,25.5,,
2026-08-23T00:13:16.177283+05:30,810,61.0,130,347,342,8.7,25.5,,
2026-08-23T00:13:23.804520+05:30,810,60.8,130,347,342,8.7,25.5,,
2026-08-23T00:13:31.129872+05:30,810,60.8,130,347,342,8.7,25.5,,
2026-08-23T00:13:39.123557+05:30,810,60.8,130,347,342,8.7,25.5,,
2026-08-23T00:13:46.495211+05:30,820,61.2,132,352,347,8.7,25.5,,
2026-08-23T00:13:53.861358+05:30,821,61.3,132,353,347,8.7,25.5,,
2026-08-23T00:14:01.241331+05:30,821,61.2,132,353,347,8.7,25.5,,
2026-08-23T00:14:08.512313+05:30,835,62.1,135,359,354,8.7,25.5,,
2026-08-23T00:14:16.290919+05:30,857,65.9,140,370,365,8.7,25.5,,
2026-08-23T00:14:23.864442+05:30,858,65.5,140,371,365,8.7,25.5,,
2026-08-23T00:14:31.234542+05:30,857,64.8,140,370,365,8.7,25.5,,
2026-08-23T00:14:38.606627+05:30,859,65.5,140,371,366,8.7,25.5,,
2026-08-23T00:14:46.002636+05:30,870,67.6,143,376,371,8.8,25.5,,
2026-08-23T00:14:53.353681+05:30,872,67.2,143,377,372,8.8,25.5,,
2026-08-23T00:15:00.939040+05:30,870,66.7,143,376,371,8.8,25.5,,
2026-08-23T00:15:08.545278+05:30,869,66.5,142,376,371,8.8,25.5,,
2026-08-23T00:15:15.885323+05:30,867,65.9,142,375,370,8.8,25.5,,
2026-08-23T00:15:23.265032+05:30,865,65.9,142,374,369,8.8,25.5,,
2026-08-23T00:15:30.632873+05:30,876,67.8,144,379,374,8.8,25.5,,
2026-08-23T00:15:38.002828+05:30,874,67.4,143,378,373,8.8,25.5,,
2026-08-23T00:15:45.376450+05:30,907,74.9,150,394,389,8.8,25.5,,
2026-08-23T00:15:52.746527+05:30,952,87.7,160,416,411,8.8,25.5,,
2026-08-23T00:15:59.915248+05:30,953,87.0,160,416,412,8.8,25.6,,
2026-08-23T00:16:07.291776+05:30,953,86.8,160,416,412,8.8,25.6,,
2026-08-23T00:16:14.668974+05:30,952,86.5,160,416,411,8.8,25.6,,
2026-08-23T00:16:22.036201+05:30,953,86.2,160,416,412,8.8,25.6,,
2026-08-23T00:16:29.409977+05:30,953,86.7,160,416,412,8.9,25.6,,
2026-08-23T00:16:36.607983+05:30,951,86.5,160,415,411,8.9,25.6,,
2026-08-23T00:16:43.749934+05:30,949,85.9,159,414,410,8.9,25.6,,
2026-08-23T00:16:50.911518+05:30,944,84.9,158,412,407,8.9,25.6,,
2026-08-23T00:16:58.079166+05:30,940,84.0,157,410,405,8.9,25.6,,
2026-08-23T00:17:05.458912+05:30,938,82.6,157,409,404,8.9,25.6,,
2026-08-23T00:17:12.827850+05:30,937,81.5,157,409,404,8.9,25.6,,
2026-08-23T00:17:20.418654+05:30,936,80.4,156,408,403,8.9,25.6,,
2026-08-23T00:17:27.988868+05:30,933,78.9,156,407,402,8.9,25.6,,
2026-08-23T00:17:35.384379+05:30,932,78.6,156,406,401,8.9,25.6,,
2026-08-23T00:17:42.734460+05:30,930,77.5,155,405,400,8.9,25.6,,
2026-08-23T00:17:49.691074+05:30,929,77.1,155,405,400,8.9,25.6,,
2026-08-23T00:17:57.062679+05:30,927,76.4,155,404,399,8.9,25.6,,
2026-08-23T00:18:04.435691+05:30,927,76.0,155,404,399,8.9,25.6,,
2026-08-23T00:18:11.962791+05:30,945,84.2,158,413,408,8.9,25.6,,
2026-08-23T00:18:19.190414+05:30,949,84.9,159,414,410,8.9,25.6,,
2026-08-23T00:18:26.455376+05:30,945,84.4,158,413,408,8.9,25.6,,
2026-08-23T00:18:33.623682+05:30,941,83.7,157,411,406,8.9,25.6,,
2026-08-23T00:18:40.995987+05:30,938,82.2,157,409,404,8.9,25.6,,
2026-08-23T00:18:48.367615+05:30,936,81.1,156,408,403,8.9,25.6,,
2026-08-23T00:18:55.738844+05:30,934,80.0,156,407,402,8.9,25.6,,
2026-08-23T00:19:05.661077+05:30,930,78.9,155,405,400,8.9,25.6,,
2026-08-23T00:19:13.560104+05:30,927,77.8,155,404,399,8.9,25.6,,
2026-08-23T00:19:20.930173+05:30,926,77.5,154,403,399,8.8,25.6,,
2026-08-23T00:19:28.303044+05:30,925,76.8,154,403,398,8.8,25.6,,
2026-08-23T00:19:35.475589+05:30,923,76.4,154,402,397,8.8,25.6,,
2026-08-23T00:19:42.840782+05:30,923,76.0,154,402,397,8.8,25.6,,
2026-08-23T00:19:50.013353+05:30,922,75.7,153,401,397,8.8,25.6,,
2026-08-23T00:19:57.206686+05:30,921,75.7,153,401,396,8.8,25.6,,
2026-08-23T00:20:04.344795+05:30,921,75.3,153,401,396,8.8,25.6,,
2026-08-23T00:20:11.721248+05:30,919,74.9,153,400,395,8.8,25.6,,
2026-08-23T00:20:18.989704+05:30,919,74.9,153,400,395,8.8,25.6,,
2026-08-23T00:20:26.160204+05:30,917,74.6,152,399,394,8.8,25.6,,
2026-08-23T00:20:33.334936+05:30,917,74.2,152,399,394,8.8,25.6,,
2026-08-23T00:20:40.494978+05:30,915,74.2,152,398,393,8.8,25.6,,
2026-08-23T00:20:47.662399+05:30,914,73.9,152,398,393,8.8,25.6,,
2026-08-23T00:20:54.836310+05:30,914,73.1,152,398,393,8.8,25.6,,
2026-08-23T00:21:02.004319+05:30,912,72.8,151,397,392,8.8,25.6,,
2026-08-23T00:21:09.378165+05:30,911,72.8,151,396,391,8.8,25.6,,
2026-08-23T00:21:16.745621+05:30,910,72.4,151,396,391,8.8,25.6,,
2026-08-23T00:21:24.115559+05:30,910,72.4,151,396,391,8.8,25.6,,
2026-08-23T00:21:31.495034+05:30,910,72.0,151,396,391,8.8,25.6,,
2026-08-23T00:21:38.869502+05:30,908,71.7,151,395,390,8.8,25.7,,
2026-08-23T00:21:46.045581+05:30,908,71.3,151,395,390,8.8,25.6,,
2026-08-23T00:21:53.403529+05:30,908,71.3,151,395,390,8.8,25.6,,
2026-08-23T00:22:00.887169+05:30,908,71.3,151,395,390,8.8,25.6,,
2026-08-23T00:22:08.259429+05:30,908,71.3,151,395,390,8.8,25.6,,
2026-08-23T00:22:15.422605+05:30,908,71.3,151,395,390,8.8,25.6,,
2026-08-23T00:22:22.715615+05:30,908,70.9,151,395,390,8.8,25.6,,
2026-08-23T00:22:29.965172+05:30,908,70.9,151,395,390,8.8,25.7,,
2026-08-23T00:22:37.128724+05:30,907,70.6,150,394,389,8.8,25.7,,
2026-08-23T00:22:44.301750+05:30,907,69.9,150,394,389,8.7,25.7,,
2026-08-23T00:22:51.671375+05:30,907,69.9,150,394,389,8.7,25.7,,
2026-08-23T00:22:59.039681+05:30,907,69.7,150,394,389,8.7,25.7,,
2026-08-23T00:23:06.420296+05:30,907,69.7,150,394,389,8.7,25.7,,
2026-08-23T00:23:13.788902+05:30,907,69.7,150,394,389,8.7,25.6,,
2026-08-23T00:23:21.368355+05:30,907,69.7,150,394,389,8.7,25.7,,
2026-08-23T00:23:28.740151+05:30,907,69.5,150,394,389,8.7,25.7,,
2026-08-23T00:23:36.318857+05:30,907,69.5,150,394,389,8.7,25.7,,
2026-08-23T00:23:43.695337+05:30,907,69.5,150,394,389,8.7,25.7,,
2026-08-23T00:23:50.967221+05:30,907,69.5,150,394,389,8.7,25.7,,
2026-08-23T00:23:58.127381+05:30,907,69.5,150,394,389,8.7,25.7,,
2026-08-23T00:24:05.708152+05:30,907,69.3,150,394,389,8.7,25.7,,
2026-08-23T00:24:13.078281+05:30,907,69.3,150,394,389,8.7,25.7,,
2026-08-23T00:24:20.467579+05:30,907,69.3,150,394,389,8.7,25.7,,
2026-08-23T00:24:27.825863+05:30,907,69.1,150,394,389,8.7,25.7,,
2026-08-23T00:24:35.218917+05:30,907,69.1,150,394,389,8.7,25.7,,
2026-08-23T00:24:42.365652+05:30,907,69.1,150,394,389,8.7,25.7,,
2026-08-23T00:24:50.268094+05:30,907,69.3,150,394,389,8.7,25.7,,
2026-08-23T00:25:01.003213+05:30,907,69.1,150,394,389,8.7,25.7,,
2026-08-23T00:25:08.628425+05:30,908,69.1,151,395,390,8.7,25.7,,
2026-08-23T00:25:16.158968+05:30,908,69.1,151,395,390,8.7,25.7,,
2026-08-23T00:25:23.530343+05:30,907,69.1,150,394,389,8.7,25.7,,
2026-08-23T00:25:30.906556+05:30,908,68.9,151,395,390,8.7,25.7,,
2026-08-23T00:25:37.975804+05:30,907,69.1,150,394,389,8.7,25.7,,
2026-08-23T00:25:45.142650+05:30,907,68.9,150,394,389,8.7,25.7,,
2026-08-23T00:25:52.516414+05:30,907,68.9,150,394,389,8.7,25.7,,
2026-08-23T00:25:59.684245+05:30,908,68.9,151,395,390,8.6,25.7,,
2026-08-23T00:26:06.844597+05:30,908,68.9,151,395,390,8.6,25.7,,
2026-08-23T00:26:14.219006+05:30,908,68.9,151,395,390,8.6,25.7,,
2026-08-23T00:26:21.384713+05:30,908,68.7,151,395,390,8.6,25.7,,
2026-08-23T00:26:28.551476+05:30,908,68.6,151,395,390,8.6,25.7,,
2026-08-23T00:26:35.923616+05:30,908,68.7,151,395,390,8.6,25.7,,
2026-08-23T00:26:43.510881+05:30,908,68.7,151,395,390,8.6,25.7,,
2026-08-23T00:26:51.082409+05:30,908,68.7,151,395,390,8.6,25.7,,
2026-08-23T00:26:58.248280+05:30,908,68.6,151,395,390,8.6,25.7,,
2026-08-23T00:27:05.419955+05:30,908,68.6,151,395,390,8.6,25.7,,
2026-08-23T00:27:12.794352+05:30,908,68.6,151,395,390,8.6,25.7,,
2026-08-23T00:27:21.092284+05:30,908,68.6,151,395,390,8.6,25.7,,
2026-08-23T00:27:28.460253+05:30,908,68.6,151,395,390,8.6,25.7,,
2026-08-23T00:27:35.831762+05:30,910,68.6,151,396,391,8.6,25.7,,
2026-08-23T00:27:43.003235+05:30,908,68.6,151,395,390,8.6,25.7,,
2026-08-23T00:27:50.172566+05:30,910,68.6,151,396,391,8.6,25.7,,
2026-08-23T00:27:57.549165+05:30,910,68.6,151,396,391,8.6,25.7,,
2026-08-23T00:28:04.918596+05:30,910,68.6,151,396,391,8.6,25.7,,
2026-08-23T00:28:12.286476+05:30,911,68.4,151,396,391,8.6,25.7,,
2026-08-23T00:28:19.663399+05:30,910,68.4,151,396,391,8.6,25.7,,
2026-08-23T00:28:27.234456+05:30,911,68.6,151,396,391,8.6,25.7,,
2026-08-23T00:28:34.407721+05:30,911,68.4,151,396,391,8.6,25.8,,
2026-08-23T00:28:41.780163+05:30,911,68.4,151,396,391,8.6,25.7,,
2026-08-23T00:28:48.834748+05:30,911,68.6,151,396,391,8.6,25.7,,
2026-08-23T00:28:56.116795+05:30,912,68.6,151,397,392,8.6,25.7,,
2026-08-23T00:29:03.406297+05:30,911,68.4,151,396,391,8.6,25.8,,
2026-08-23T00:29:10.554563+05:30,912,68.4,151,397,392,8.5,25.8,,
2026-08-23T00:29:17.726043+05:30,912,68.4,151,397,392,8.5,25.8,,
2026-08-23T00:29:24.891180+05:30,912,68.4,151,397,392,8.5,25.8,,
2026-08-23T00:29:32.684119+05:30,912,68.4,151,397,392,8.5,25.8,,
2026-08-23T00:29:40.049385+05:30,912,68.4,151,397,392,8.5,25.8,,
2026-08-23T00:29:47.426521+05:30,912,68.4,151,397,392,8.5,25.8,,
2026-08-23T00:29:55.230957+05:30,912,68.4,151,397,392,8.5,25.8,,
2026-08-23T00:30:02.574304+05:30,912,68.4,151,397,392,8.5,25.8,,
2026-08-23T00:30:09.949989+05:30,914,68.4,152,398,393,8.5,25.8,,
2026-08-23T00:30:17.321407+05:30,912,68.4,151,397,392,8.5,25.8,,
2026-08-23T00:30:24.893610+05:30,912,68.4,151,397,392,8.5,25.8,,
2026-08-23T00:30:32.268315+05:30,914,68.4,152,398,393,8.5,25.8,,
2026-08-23T00:30:39.439054+05:30,914,68.4,152,398,393,8.5,25.8,,
2026-08-23T00:30:46.501085+05:30,914,68.4,152,398,393,8.5,25.8,,
2026-08-23T00:30:53.680897+05:30,914,68.4,152,398,393,8.5,25.8,,
2026-08-23T00:31:01.048000+05:30,914,68.4,152,398,393,8.5,25.8,,
2026-08-23T00:31:08.235638+05:30,914,68.4,152,398,393,8.5,25.8,,
2026-08-23T00:31:15.582173+05:30,914,68.4,152,398,393,8.5,25.9,,
2026-08-23T00:31:22.752859+05:30,914,68.4,152,398,393,8.5,25.8,,
2026-08-23T00:31:29.919595+05:30,914,68.4,152,398,393,8.5,25.8,,
2026-08-23T00:31:38.934745+05:30,914,68.4,152,398,393,8.5,25.8,,
2026-08-23T00:31:46.103328+05:30,914,68.4,152,398,393,8.5,25.8,,
2026-08-23T00:31:53.471149+05:30,914,68.4,152,398,393,8.5,25.9,,
2026-08-23T00:32:00.641139+05:30,915,68.4,152,398,393,8.5,25.8,,
2026-08-23T00:32:07.839742+05:30,914,68.4,152,398,393,8.5,25.8,,
2026-08-23T00:32:14.974987+05:30,914,68.4,152,398,393,8.5,25.8,,
2026-08-23T00:32:23.172404+05:30,915,68.4,152,398,393,8.5,25.8,,
2026-08-23T00:32:30.556745+05:30,915,68.4,152,398,393,8.5,25.8,,
2026-08-23T00:32:37.615269+05:30,915,68.4,152,398,393,8.5,25.8,,
2026-08-23T00:32:44.787647+05:30,915,68.4,152,398,393,8.5,25.8,,
2026-08-23T00:32:51.943700+05:30,915,68.4,152,398,393,8.5,25.8,,
2026-08-23T00:32:59.316943+05:30,915,68.4,152,398,393,8.5,25.8,,
2026-08-23T00:33:06.491368+05:30,915,68.4,152,398,393,8.5,25.8,,
2026-08-23T00:33:13.652874+05:30,915,68.4,152,398,393,8.5,25.8,,
2026-08-23T00:33:21.029061+05:30,915,68.4,152,398,393,8.5,25.8,,
2026-08-23T00:33:28.218165+05:30,915,68.4,152,398,393,8.4,25.8,,
2026-08-23T00:33:35.364300+05:30,915,68.4,152,398,393,8.4,25.8,,
2026-08-23T00:33:42.734408+05:30,915,68.4,152,398,393,8.4,25.8,,
2026-08-23T00:33:49.907211+05:30,915,68.2,152,398,393,8.4,25.8,,
2026-08-23T00:33:57.274975+05:30,915,68.2,152,398,393,8.4,25.8,,
2026-08-23T00:34:04.442630+05:30,915,68.4,152,398,393,8.4,25.8,,
2026-08-23T00:34:11.919171+05:30,915,68.4,152,398,393,8.4,25.8,,
2026-08-23T00:34:19.109909+05:30,915,68.2,152,398,393,8.4,25.7,,
2026-08-23T00:34:26.255597+05:30,915,68.2,152,398,393,8.4,25.7,,
2026-08-23T00:34:33.631164+05:30,915,68.4,152,398,393,8.4,25.7,,
2026-08-23T00:34:40.802175+05:30,915,68.2,152,398,393,8.4,25.7,,
2026-08-23T00:34:47.963694+05:30,915,68.2,152,398,393,8.4,25.7,,
2026-08-23T00:34:55.334804+05:30,915,68.2,152,398,393,8.4,25.7,,
2026-08-23T00:35:02.499855+05:30,914,68.0,152,398,393,8.4,25.7,,
2026-08-23T00:35:10.413522+05:30,914,68.4,152,398,393,8.4,25.7,,
2026-08-23T00:35:18.352712+05:30,914,68.2,152,398,393,8.4,25.7,,
2026-08-23T00:35:25.445867+05:30,914,68.0,152,398,393,8.4,25.7,,
2026-08-23T00:35:32.606610+05:30,914,68.2,152,398,393,8.4,25.7,,
2026-08-23T00:35:39.785295+05:30,914,68.2,152,398,393,8.4,25.7,,
2026-08-23T00:35:47.151175+05:30,915,68.2,152,398,393,8.4,25.7,,
2026-08-23T00:35:54.323878+05:30,914,68.4,152,398,393,8.4,25.7,,
2026-08-23T00:36:01.689391+05:30,914,68.2,152,398,393,8.4,25.7,,
2026-08-23T00:36:09.499471+05:30,914,68.0,152,398,393,8.4,25.7,,
2026-08-23T00:36:17.059718+05:30,914,68.2,152,398,393,8.4,25.7,,
2026-08-23T00:36:24.219635+05:30,914,68.0,152,398,393,8.4,25.6,,
2026-08-23T00:36:31.599024+05:30,914,68.2,152,398,393,8.4,25.6,,
2026-08-23T00:36:38.972115+05:30,914,68.2,152,398,393,8.4,25.6,,
2026-08-23T00:36:46.135910+05:30,914,68.0,152,398,393,8.4,25.6,,
2026-08-23T00:36:53.308806+05:30,914,68.0,152,398,393,8.4,25.6,,
2026-08-23T00:37:00.675756+05:30,914,68.0,152,398,393,8.3,25.6,,
2026-08-23T00:37:08.050258+05:30,914,68.0,152,398,393,8.3,25.6,,
2026-08-23T00:37:15.214575+05:30,914,68.0,152,398,393,8.3,25.6,,
2026-08-23T00:37:22.382880+05:30,914,68.0,152,398,393,8.3,25.6,,
2026-08-23T00:37:29.757663+05:30,914,67.8,152,398,393,8.3,25.5,,
2026-08-23T00:37:37.130396+05:30,914,68.0,152,398,393,8.3,25.5,,
2026-08-23T00:37:44.294148+05:30,914,68.0,152,398,393,8.3,25.5,,
2026-08-23T00:37:51.673536+05:30,914,68.2,152,398,393,8.3,25.5,,
2026-08-23T00:37:59.042576+05:30,914,67.8,152,398,393,8.3,25.5,,
2026-08-23T00:38:06.422985+05:30,914,67.8,152,398,393,8.3,25.5,,
2026-08-23T00:38:13.794501+05:30,912,67.8,151,397,392,8.3,25.5,,
2026-08-23T00:38:20.962729+05:30,912,67.8,151,397,392,8.3,25.5,,
2026-08-23T00:38:28.327112+05:30,912,67.8,151,397,392,8.3,25.5,,
2026-08-23T00:38:35.700462+05:30,914,67.8,152,398,393,8.3,25.5,,
2026-08-23T00:38:44.716713+05:30,912,68.2,151,397,392,8.3,25.5,,
2026-08-23T00:38:52.087052+05:30,912,67.8,151,397,392,8.3,25.5,,
2026-08-23T00:38:59.676763+05:30,912,67.8,151,397,392,8.3,25.4,,
2026-08-23T00:39:07.632321+05:30,912,67.6,151,397,392,8.3,25.4,,
2026-08-23T00:39:15.030033+05:30,912,67.8,151,397,392,8.3,25.4,,
2026-08-23T00:39:22.398025+05:30,912,67.8,151,397,392,8.3,25.4,,
2026-08-23T00:39:29.768684+05:30,912,67.8,151,397,392,8.3,25.4,,
2026-08-23T00:39:37.142951+05:30,912,67.6,151,397,392,8.3,25.4,,
2026-08-23T00:39:44.314537+05:30,912,68.0,151,397,392,8.3,25.3,,
2026-08-23T00:39:51.685168+05:30,911,67.8,151,396,391,8.3,25.4,,
2026-08-23T00:39:59.071137+05:30,912,67.6,151,397,392,8.3,25.3,,
2026-08-23T00:40:06.632303+05:30,912,67.8,151,397,392,8.3,25.3,,
2026-08-23T00:40:14.214659+05:30,911,67.8,151,396,391,8.3,25.3,,
2026-08-23T00:40:21.582634+05:30,912,67.8,151,397,392,8.3,25.3,,
2026-08-23T00:40:28.764305+05:30,912,67.6,151,397,392,8.3,25.3,,
2026-08-23T00:40:35.929526+05:30,911,67.8,151,396,391,8.3,25.3,,
2026-08-23T00:40:43.296408+05:30,912,67.8,151,397,392,8.3,25.3,,
2026-08-23T00:40:50.469992+05:30,910,67.6,151,396,391,8.3,25.3,,
2026-08-23T00:40:57.835479+05:30,910,67.6,151,396,391,8.3,25.3,,
2026-08-23T00:41:05.213640+05:30,910,67.6,151,396,391,8.2,25.2,,
2026-08-23T00:41:12.579503+05:30,910,68.0,151,396,391,8.2,25.2,,
2026-08-23T00:41:20.171035+05:30,0,0.0,0,0,0,7.8,23.6,,
2026-08-23T00:41:27.532499+05:30,0,2.5,0,0,0,5.4,22.4,,
2026-08-23T00:41:34.905546+05:30,0,2.5,0,0,0,5.5,21.9,,
2026-08-23T00:41:42.488818+05:30,0,2.5,0,0,0,5.5,21.7,,
2026-08-23T00:41:50.268967+05:30,0,2.5,0,0,0,5.5,21.8,,
2026-08-23T00:41:57.842974+05:30,0,2.5,0,0,0,5.4,22.0,,
2026-08-23T00:42:05.421768+05:30,0,16.1,0,0,0,9.0,22.3,,
2026-08-23T00:42:12.842757+05:30,82,20.7,0,0,0,8.4,23.5,,
2026-08-23T00:42:20.178581+05:30,82,20.8,0,0,0,8.0,24.2,,
2026-08-23T00:42:27.943875+05:30,82,20.7,0,0,0,7.9,24.5,,
2026-08-23T00:42:35.324329+05:30,81,20.8,0,0,0,7.9,24.7,,
2026-08-23T00:42:42.491304+05:30,81,20.8,0,0,0,7.8,24.8,,
2026-08-23T00:42:49.863056+05:30,82,20.9,0,0,0,7.8,24.9,,
2026-08-23T00:42:57.235981+05:30,81,20.9,0,0,0,7.8,25.0,,
2026-08-23T00:43:04.607224+05:30,81,20.9,0,0,0,7.8,25.0,,
2026-08-23T00:43:11.981225+05:30,81,20.9,0,0,0,7.7,25.0,,
2026-08-23T00:43:19.354073+05:30,81,20.9,0,0,0,7.7,25.1,,
2026-08-23T00:43:26.543723+05:30,83,21.7,0,0,0,7.7,25.1,,
2026-08-23T00:43:33.937852+05:30,84,21.6,0,0,0,7.7,25.1,,
2026-08-23T00:43:41.880533+05:30,84,21.5,0,0,0,7.7,25.1,,
2026-08-23T00:43:49.046003+05:30,83,21.5,0,0,0,7.7,25.2,,
2026-08-23T00:43:56.422408+05:30,83,21.5,0,0,0,7.7,25.2,,
2026-08-23T00:44:03.796205+05:30,83,21.5,0,0,0,7.6,25.2,,
2026-08-23T00:44:11.175635+05:30,83,21.5,0,0,0,7.6,25.2,,
2026-08-23T00:44:18.770472+05:30,86,22.5,0,0,0,7.6,25.2,,
2026-08-23T00:44:25.975055+05:30,86,22.3,0,0,0,7.6,25.2,,
2026-08-23T00:44:33.490761+05:30,86,22.2,0,0,0,7.6,25.2,,
2026-08-23T00:44:40.863115+05:30,89,22.9,0,0,0,7.6,25.2,,
2026-08-23T00:44:48.032260+05:30,91,23.8,0,1,0,7.6,25.2,,
2026-08-23T00:44:55.406779+05:30,94,25.1,0,2,0,7.6,25.2,,
2026-08-23T00:45:02.780850+05:30,95,24.7,0,3,0,7.6,25.2,,
2026-08-23T00:45:09.945969+05:30,97,24.4,0,4,0,7.5,25.2,,
2026-08-23T00:45:17.322672+05:30,98,24.0,0,4,0,7.5,25.2,,
2026-08-23T00:45:24.490036+05:30,99,23.9,0,4,0,7.5,25.2,,
2026-08-23T00:45:31.861467+05:30,100,23.7,0,5,0,7.5,25.2,,
2026-08-23T00:45:39.231347+05:30,101,23.6,0,5,0,7.5,25.2,,
2026-08-23T00:45:46.400311+05:30,102,23.5,0,6,0,7.5,25.2,,
2026-08-23T00:45:53.568793+05:30,102,23.4,0,6,0,7.5,25.2,,
2026-08-23T00:46:00.946613+05:30,103,23.3,0,6,0,7.5,25.2,,
2026-08-23T00:46:08.316561+05:30,103,23.3,0,6,0,7.5,25.2,,
2026-08-23T00:46:15.694763+05:30,103,23.1,0,6,0,7.5,25.2,,
2026-08-23T00:46:23.116395+05:30,104,23.0,0,7,0,7.5,25.2,,
2026-08-23T00:46:30.230573+05:30,104,23.0,0,7,0,7.5,25.1,,
2026-08-23T00:46:37.612413+05:30,104,22.9,0,7,0,7.4,25.1,,
2026-08-23T00:46:44.779538+05:30,104,22.9,0,7,0,7.4,25.1,,
2026-08-23T00:46:51.935242+05:30,104,22.9,0,7,0,7.4,25.1,,
2026-08-23T00:46:59.104918+05:30,104,22.9,0,7,0,7.4,25.1,,
2026-08-23T00:47:06.479083+05:30,104,22.8,0,7,0,7.4,25.0,,
2026-08-23T00:47:14.054391+05:30,104,22.8,0,7,0,7.4,25.0,,
2026-08-23T00:47:21.222015+05:30,104,22.8,0,7,0,7.4,25.0,,
2026-08-23T00:47:28.730378+05:30,105,22.8,0,7,0,7.4,25.0,,
2026-08-23T00:47:36.380248+05:30,105,22.8,0,7,0,7.4,25.0,,
2026-08-23T00:47:43.551555+05:30,105,22.8,0,7,0,7.4,25.0,,
2026-08-23T00:47:51.151748+05:30,105,22.8,0,7,0,7.4,25.0,,
2026-08-23T00:47:58.508169+05:30,105,22.7,0,7,0,7.3,25.0,,
2026-08-23T00:48:05.877064+05:30,105,22.7,0,7,0,7.3,24.9,,
2026-08-23T00:48:13.245408+05:30,105,22.6,0,7,0,7.3,24.9,,
2026-08-23T00:48:20.820908+05:30,105,22.6,0,7,0,7.3,24.9,,
2026-08-23T00:48:28.194421+05:30,106,23.0,0,8,0,7.3,24.9,,
2026-08-23T00:48:35.571171+05:30,109,23.2,0,9,1,7.3,24.9,,
2026-08-23T00:48:42.940141+05:30,109,23.2,0,9,1,7.3,24.9,,
2026-08-23T00:48:50.318539+05:30,128,24.2,0,18,11,7.3,24.9,,
2026-08-23T00:48:57.682163+05:30,135,24.5,0,22,14,7.3,24.8,,
2026-08-23T00:49:05.881103+05:30,167,31.5,0,37,29,7.3,24.9,,
2026-08-23T00:49:13.263664+05:30,182,27.8,0,45,37,7.3,24.8,,
2026-08-23T00:49:20.629894+05:30,189,27.6,1,48,40,7.3,24.8,,
2026-08-23T00:49:27.998250+05:30,191,27.4,1,49,41,7.3,24.8,,
2026-08-23T00:49:35.369671+05:30,194,27.4,2,50,43,7.3,24.8,,
2026-08-23T00:49:42.538532+05:30,196,27.2,2,51,44,7.3,24.7,,
2026-08-23T00:49:49.910518+05:30,197,27.2,2,52,44,7.3,24.7,,
2026-08-23T00:49:57.082616+05:30,246,34.7,12,75,68,7.3,24.7,,
2026-08-23T00:50:04.453203+05:30,261,33.3,16,83,75,7.4,24.6,,
2026-08-23T00:50:12.040310+05:30,269,32.0,17,86,79,7.3,24.6,,
2026-08-23T00:50:19.602676+05:30,277,30.9,19,90,83,7.3,24.6,,
2026-08-23T00:50:26.783071+05:30,283,30.6,20,93,86,7.3,24.6,,
2026-08-23T00:50:34.147903+05:30,288,30.1,21,96,88,7.3,24.5,,
2026-08-23T00:50:41.724085+05:30,292,29.6,22,98,90,7.3,24.5,,
2026-08-23T00:50:49.093764+05:30,294,29.5,22,99,91,7.3,24.5,,
2026-08-23T00:50:56.318486+05:30,297,29.2,23,100,93,7.3,24.5,,
2026-08-23T00:51:03.637073+05:30,302,30.2,24,102,95,7.3,24.4,,
2026-08-23T00:51:10.810572+05:30,397,51.4,44,148,141,7.2,24.4,,
2026-08-23T00:51:18.434441+05:30,427,49.4,50,163,156,7.2,24.3,,
2026-08-23T00:51:26.168678+05:30,439,47.7,53,168,162,7.2,24.3,,
2026-08-23T00:51:33.752234+05:30,447,47.3,54,172,166,7.2,24.3,,
2026-08-23T00:51:40.911386+05:30,454,47.0,56,176,169,7.2,24.3,,
2026-08-23T00:51:48.293210+05:30,458,47.0,57,178,171,7.2,24.2,,
2026-08-23T00:51:55.658718+05:30,463,47.0,58,180,173,7.2,24.2,,
2026-08-23T00:52:03.057870+05:30,466,46.8,58,181,175,7.2,24.2,,
2026-08-23T00:52:10.405659+05:30,469,46.8,59,183,176,7.2,24.2,,
2026-08-23T00:52:17.777782+05:30,471,47.0,59,184,177,7.2,24.2,,
2026-08-23T00:52:24.942293+05:30,494,53.5,64,195,188,7.1,24.1,,
2026-08-23T00:52:32.116940+05:30,503,53.7,66,199,193,7.1,24.1,,
2026-08-23T00:52:39.285611+05:30,574,62.5,81,234,227,7.1,24.1,,
2026-08-23T00:52:46.451241+05:30,603,61.5,87,248,241,7.2,24.1,,
2026-08-23T00:52:54.352897+05:30,614,59.5,89,253,247,7.2,24.0,,
2026-08-23T00:53:02.018397+05:30,619,57.6,90,255,249,7.1,24.0,,
2026-08-23T00:53:09.794450+05:30,627,56.8,92,259,253,7.1,24.0,,
2026-08-23T00:53:17.177069+05:30,634,56.4,93,263,257,7.0,24.0,,
2026-08-23T00:53:24.541194+05:30,640,56.2,95,265,259,7.0,24.0,,
2026-08-23T00:53:31.915016+05:30,642,55.8,95,266,260,7.0,24.0,,
2026-08-23T00:53:39.298392+05:30,645,55.7,96,268,262,7.0,23.9,,
2026-08-23T00:53:46.453664+05:30,648,55.7,96,269,263,7.0,23.9,,
2026-08-23T00:53:53.828294+05:30,649,55.0,97,270,264,6.9,23.9,,
2026-08-23T00:54:01.199440+05:30,651,55.0,97,271,265,6.9,23.9,,
2026-08-23T00:54:08.568751+05:30,653,55.1,97,272,266,6.9,23.9,,
2026-08-23T00:54:15.656972+05:30,655,55.0,98,273,267,6.9,23.8,,
2026-08-23T00:54:23.013943+05:30,687,63.4,104,288,282,6.9,23.8,,
2026-08-23T00:54:30.188768+05:30,712,63.6,110,300,294,6.9,23.8,,
2026-08-23T00:54:37.554666+05:30,802,76.0,128,344,338,6.9,23.8,,
2026-08-23T00:54:44.722079+05:30,872,84.9,143,377,372,6.9,23.7,,
2026-08-23T00:54:52.102628+05:30,915,87.2,152,398,393,6.9,23.6,,
2026-08-23T00:54:59.472010+05:30,937,87.8,157,409,404,6.9,23.6,,
2026-08-23T00:55:06.840044+05:30,953,87.5,160,416,412,6.8,23.6,,
2026-08-23T00:55:14.210283+05:30,962,87.3,162,421,416,6.8,23.6,,
2026-08-23T00:55:21.584228+05:30,970,87.2,164,425,420,6.8,23.6,,
2026-08-23T00:55:28.957696+05:30,977,87.0,165,428,423,6.8,23.6,,
2026-08-23T00:55:36.329432+05:30,981,86.8,166,430,425,6.8,23.6,,
2026-08-23T00:55:43.701870+05:30,985,86.8,167,432,427,6.7,23.5,,
2026-08-23T00:55:51.088684+05:30,986,86.5,167,432,428,6.7,23.5,,
2026-08-23T00:55:58.457223+05:30,989,86.5,167,434,429,6.7,23.5,,
2026-08-23T00:56:06.030636+05:30,992,86.0,168,435,431,6.7,23.5,,
2026-08-23T00:56:13.405054+05:30,996,86.2,169,437,433,6.7,23.5,,
2026-08-23T00:56:20.976915+05:30,997,86.0,169,438,433,6.7,23.4,,
2026-08-23T00:56:28.357535+05:30,1013,85.9,172,445,441,6.6,23.4,,
2026-08-23T00:56:35.724030+05:30,1020,85.9,174,449,444,6.6,23.4,,
2026-08-23T00:56:43.301769+05:30,1026,86.0,175,452,447,6.6,23.4,,
2026-08-23T00:56:50.876509+05:30,1033,85.7,177,455,451,6.6,23.4,,
2026-08-23T00:56:58.049214+05:30,1039,85.7,178,458,453,6.6,23.4,,
2026-08-23T00:57:05.213523+05:30,1045,85.7,179,461,456,6.6,23.3,,
2026-08-23T00:57:12.383052+05:30,1052,85.4,181,464,460,6.6,23.3,,
2026-08-23T00:57:19.759553+05:30,1039,85.2,178,458,453,6.6,23.3,,
2026-08-23T00:57:28.162245+05:30,1052,85.2,181,464,460,6.5,23.3,,
2026-08-23T00:57:35.423381+05:30,1045,85.0,179,461,456,6.5,23.2,,
2026-08-23T00:57:42.594019+05:30,1052,84.9,181,464,460,6.5,23.2,,
2026-08-23T00:57:49.967527+05:30,1052,84.7,181,464,460,6.5,23.2,,
2026-08-23T00:57:57.340881+05:30,1052,84.7,181,464,460,6.5,23.2,,
2026-08-23T00:58:04.514304+05:30,1052,84.5,181,464,460,6.5,23.2,,
2026-08-23T00:58:11.881300+05:30,1058,84.4,182,467,463,6.5,23.1,,
2026-08-23T00:58:19.043064+05:30,1058,84.5,182,467,463,6.5,23.1,,
2026-08-23T00:58:26.426317+05:30,1058,84.5,182,467,463,6.5,23.1,,
2026-08-23T00:58:33.584974+05:30,1058,84.0,182,467,463,6.4,23.1,,
2026-08-23T00:58:40.960353+05:30,1058,83.7,182,467,463,6.4,23.1,,
2026-08-23T00:58:48.126426+05:30,1058,83.7,182,467,463,6.4,23.0,,
2026-08-23T00:58:55.299578+05:30,1058,83.7,182,467,463,6.4,23.0,,
2026-08-23T00:59:02.670069+05:30,1058,83.3,182,467,463,6.4,23.0,,
2026-08-23T00:59:10.046928+05:30,1058,83.7,182,467,463,6.4,23.0,,
2026-08-23T00:59:17.832872+05:30,1058,83.3,182,467,463,6.4,23.0,,
2026-08-23T00:59:25.197358+05:30,1058,83.3,182,467,463,6.4,23.0,,
2026-08-23T00:59:32.571328+05:30,1064,83.3,183,470,466,6.4,22.9,,
2026-08-23T00:59:39.942937+05:30,1064,83.3,183,470,466,6.4,22.9,,
2026-08-23T00:59:47.318417+05:30,1064,82.9,183,470,466,6.4,22.9,,
2026-08-23T00:59:54.483993+05:30,1064,82.9,183,470,466,6.4,22.8,,
2026-08-23T01:00:01.870402+05:30,1064,82.9,183,470,466,6.3,22.8,,
2026-08-23T01:00:09.236717+05:30,1071,82.6,185,473,469,6.3,22.8,,
2026-08-23T01:00:16.398148+05:30,1071,82.6,185,473,469,6.3,22.8,,
2026-08-23T01:00:23.769805+05:30,1071,82.6,185,473,469,6.3,22.8,,
2026-08-23T01:00:31.147176+05:30,1071,82.2,185,473,469,6.3,22.8,,
2026-08-23T01:00:38.517382+05:30,1071,82.6,185,473,469,6.3,22.8,,
2026-08-23T01:00:45.900259+05:30,1071,82.2,185,473,469,6.3,22.8,,
2026-08-23T01:00:53.569757+05:30,1071,82.2,185,473,469,6.3,22.8,,
2026-08-23T01:01:01.147632+05:30,1071,81.8,185,473,469,6.3,22.8,,
2026-08-23T01:01:08.519326+05:30,1071,81.8,185,473,469,6.3,22.8,,
2026-08-23T01:01:15.892533+05:30,1071,81.8,185,473,469,6.3,22.7,,
2026-08-23T01:01:23.264716+05:30,1071,82.2,185,473,469,6.3,22.7,,
2026-08-23T01:01:30.436036+05:30,1064,81.8,183,470,466,6.3,22.7,,
2026-08-23T01:01:37.804477+05:30,1071,81.8,185,473,469,6.2,22.7,,
2026-08-23T01:01:44.975470+05:30,1071,81.8,185,473,469,6.2,22.7,,
2026-08-23T01:01:52.346670+05:30,1077,81.8,186,476,472,6.2,22.7,,
2026-08-23T01:01:59.513229+05:30,1071,81.8,185,473,469,6.2,22.7,,
2026-08-23T01:02:06.687646+05:30,1071,81.5,185,473,469,6.2,22.7,,
2026-08-23T01:02:14.060537+05:30,1071,80.8,185,473,469,6.2,22.7,,
2026-08-23T01:02:21.430025+05:30,1071,80.4,185,473,469,6.2,22.7,,
2026-08-23T01:02:28.596025+05:30,1071,81.1,185,473,469,6.2,22.7,,
2026-08-23T01:02:35.967595+05:30,1071,80.4,185,473,469,6.2,22.6,,
2026-08-23T01:02:43.139940+05:30,1071,80.8,185,473,469,6.2,22.6,,
2026-08-23T01:02:50.512613+05:30,1071,80.4,185,473,469,6.2,22.6,,
2026-08-23T01:02:57.884098+05:30,1071,80.8,185,473,469,6.2,22.6,,
2026-08-23T01:03:05.051039+05:30,1071,80.8,185,473,469,6.2,22.6,,
2026-08-23T01:03:12.430491+05:30,1071,80.8,185,473,469,6.2,22.6,,
2026-08-23T01:03:19.608953+05:30,1071,80.4,185,473,469,6.2,22.6,,
2026-08-23T01:03:26.964536+05:30,1071,80.4,185,473,469,6.2,22.6,,
2026-08-23T01:03:34.344263+05:30,1071,80.4,185,473,469,6.2,22.6,,
2026-08-23T01:03:41.711108+05:30,1071,80.4,185,473,469,6.1,22.6,,
2026-08-23T01:03:48.784958+05:30,1071,80.4,185,473,469,6.1,22.6,,
2026-08-23T01:03:56.664632+05:30,1071,80.4,185,473,469,6.1,22.6,,
2026-08-23T01:04:04.448205+05:30,1071,80.4,185,473,469,6.1,22.6,,
2026-08-23T01:04:11.872177+05:30,1064,80.4,183,470,466,6.1,22.6,,
2026-08-23T01:04:19.406102+05:30,1071,80.4,185,473,469,6.1,22.6,,
2026-08-23T01:04:26.565080+05:30,1071,80.0,185,473,469,6.1,22.5,,
2026-08-23T01:04:33.936128+05:30,1071,80.0,185,473,469,6.1,22.5,,
2026-08-23T01:04:41.367084+05:30,1071,80.0,185,473,469,6.1,22.6,,
2026-08-23T01:04:48.749658+05:30,1071,80.4,185,473,469,6.1,22.5,,
2026-08-23T01:04:56.259216+05:30,1071,80.0,185,473,469,6.1,22.5,,
2026-08-23T01:05:03.640469+05:30,1071,80.0,185,473,469,6.1,22.5,,
2026-08-23T01:05:11.212244+05:30,1071,80.0,185,473,469,6.1,22.5,,
2026-08-23T01:05:18.582117+05:30,1071,80.0,185,473,469,6.1,22.5,,
2026-08-23T01:05:25.954240+05:30,1077,79.3,186,476,472,6.1,22.5,,
2026-08-23T01:05:33.330434+05:30,1071,79.3,185,473,469,6.1,22.5,,
2026-08-23T01:05:40.908541+05:30,1071,79.7,185,473,469,6.1,22.5,,
2026-08-23T01:05:48.280811+05:30,1077,79.7,186,476,472,6.1,22.5,,
2026-08-23T01:05:55.654903+05:30,1071,79.7,185,473,469,6.0,22.5,,
2026-08-23T01:06:02.821739+05:30,1077,79.7,186,476,472,6.0,22.5,,
2026-08-23T01:06:10.192747+05:30,1077,79.7,186,476,472,6.0,22.5,,
2026-08-23T01:06:17.627909+05:30,1071,78.9,185,473,469,6.0,22.5,,
2026-08-23T01:06:24.935375+05:30,1071,78.9,185,473,469,6.0,22.5,,
2026-08-23T01:06:32.308562+05:30,1071,78.9,185,473,469,6.0,22.5,,
2026-08-23T01:06:39.478059+05:30,1077,79.3,186,476,472,6.0,22.5,,
2026-08-23T01:06:46.647305+05:30,1071,78.9,185,473,469,6.0,22.5,,
2026-08-23T01:06:54.017848+05:30,1071,78.9,185,473,469,6.0,22.5,,
2026-08-23T01:07:01.397201+05:30,1077,78.9,186,476,472,6.0,22.5,,
2026-08-23T01:07:08.767439+05:30,1077,79.3,186,476,472,6.0,22.5,,
2026-08-23T01:07:15.933585+05:30,1077,79.7,186,476,472,6.0,22.5,,
2026-08-23T01:07:23.367791+05:30,1077,78.9,186,476,472,6.0,22.5,,
2026-08-23T01:07:30.893188+05:30,1071,78.9,185,473,469,6.0,22.5,,
2026-08-23T01:07:38.257631+05:30,1077,78.9,186,476,472,6.0,22.5,,
2026-08-23T01:07:45.428527+05:30,1077,78.9,186,476,472,6.0,22.4,,
2026-08-23T01:07:52.592511+05:30,1077,78.9,186,476,472,6.0,22.4,,
2026-08-23T01:07:59.762622+05:30,1077,78.9,186,476,472,6.0,22.5,,
2026-08-23T01:08:06.931611+05:30,1077,78.9,186,476,472,6.0,22.5,,
2026-08-23T01:08:14.301906+05:30,1077,78.9,186,476,472,6.0,22.4,,
2026-08-23T01:08:21.680093+05:30,1077,78.9,186,476,472,6.0,22.4,,
2026-08-23T01:08:29.047843+05:30,1071,78.9,185,473,469,6.0,22.4,,
2026-08-23T01:08:36.214793+05:30,1077,78.9,186,476,472,6.0,22.4,,
2026-08-23T01:08:43.586968+05:30,1077,78.9,186,476,472,5.9,22.4,,
2026-08-23T01:08:50.963006+05:30,1077,78.9,186,476,472,5.9,22.4,,
2026-08-23T01:08:58.336306+05:30,1077,78.9,186,476,472,5.9,22.4,,
2026-08-23T01:09:05.708911+05:30,1071,78.9,185,473,469,5.9,22.4,,
2026-08-23T01:09:13.088576+05:30,1077,78.9,186,476,472,5.9,22.4,,
2026-08-23T01:09:20.660864+05:30,1077,78.9,186,476,472,5.9,22.4,,
2026-08-23T01:09:28.031782+05:30,1077,78.6,186,476,472,5.9,22.4,,
2026-08-23T01:09:35.405550+05:30,1077,78.9,186,476,472,5.9,22.4,,
2026-08-23T01:09:42.779285+05:30,1077,78.6,186,476,472,5.9,22.4,,
2026-08-23T01:09:50.151686+05:30,1077,78.6,186,476,472,5.9,22.4,,
2026-08-23T01:09:57.521524+05:30,1077,78.6,186,476,472,5.9,22.4,,
2026-08-23T01:10:04.695540+05:30,1077,78.6,186,476,472,5.9,22.4,,
2026-08-23T01:10:12.677833+05:30,1077,78.6,186,476,472,5.9,22.4,,
2026-08-23T01:10:20.054983+05:30,1077,78.6,186,476,472,5.9,22.4,,
2026-08-23T01:10:27.223815+05:30,1071,78.2,185,473,469,5.9,22.4,,
2026-08-23T01:10:34.593030+05:30,1077,78.6,186,476,472,5.9,22.4,,
2026-08-23T01:10:41.962856+05:30,1077,78.2,186,476,472,5.9,22.4,,
2026-08-23T01:10:49.347016+05:30,1077,78.2,186,476,472,5.9,22.4,,
2026-08-23T01:10:56.711318+05:30,1077,78.2,186,476,472,5.9,22.4,,
2026-08-23T01:11:04.081125+05:30,1077,78.6,186,476,472,5.9,22.4,,
2026-08-23T01:11:11.457110+05:30,1077,78.6,186,476,472,5.9,22.4,,
2026-08-23T01:11:18.843114+05:30,1077,78.6,186,476,472,5.9,22.4,,
2026-08-23T01:11:26.210564+05:30,1077,78.6,186,476,472,5.9,22.4,,
2026-08-23T01:11:33.573081+05:30,1077,78.2,186,476,472,5.8,22.3,,
2026-08-23T01:11:41.156350+05:30,1077,78.2,186,476,472,5.8,22.3,,
2026-08-23T01:11:48.554198+05:30,1077,78.6,186,476,472,5.8,22.4,,
2026-08-23T01:11:55.902265+05:30,1077,78.2,186,476,472,5.8,22.4,,
2026-08-23T01:12:03.270550+05:30,1077,78.2,186,476,472,5.8,22.4,,
2026-08-23T01:12:10.439082+05:30,1077,78.2,186,476,472,5.8,22.3,,
2026-08-23T01:12:17.812008+05:30,1077,78.6,186,476,472,5.8,22.3,,
2026-08-23T01:12:24.980901+05:30,1077,77.8,186,476,472,5.8,22.3,,
2026-08-23T01:12:32.353068+05:30,1077,78.2,186,476,472,5.8,22.3,,
2026-08-23T01:12:39.724586+05:30,1077,77.8,186,476,472,5.8,22.3,,
2026-08-23T01:12:46.893608+05:30,1077,78.2,186,476,472,5.8,22.3,,
2026-08-23T01:12:54.080995+05:30,1077,77.8,186,476,472,5.8,22.3,,
2026-08-23T01:13:01.433188+05:30,1077,77.8,186,476,472,5.8,22.3,,
2026-08-23T01:13:08.810683+05:30,1077,77.8,186,476,472,5.8,22.3,,
2026-08-23T01:13:16.387312+05:30,1077,78.2,186,476,472,5.8,22.3,,
2026-08-23T01:13:23.755306+05:30,1077,77.5,186,476,472,5.8,22.3,,
2026-08-23T01:13:30.923901+05:30,1077,77.8,186,476,472,5.8,22.3,,
2026-08-23T01:13:38.296448+05:30,1077,77.8,186,476,472,5.8,22.3,,
2026-08-23T01:13:45.464959+05:30,1077,77.8,186,476,472,5.8,22.3,,
2026-08-23T01:13:52.837871+05:30,1077,77.8,186,476,472,5.8,22.3,,
2026-08-23T01:14:00.215055+05:30,1077,77.8,186,476,472,5.8,22.3,,
2026-08-23T01:14:07.585377+05:30,1077,77.5,186,476,472,5.8,22.3,,
2026-08-23T01:14:14.856859+05:30,1077,77.8,186,476,472,5.8,22.3,,
2026-08-23T01:14:22.232444+05:30,1077,77.8,186,476,472,5.8,22.3,,
2026-08-23T01:14:29.602383+05:30,1077,77.5,186,476,472,5.8,22.3,,
2026-08-23T01:14:36.976834+05:30,1077,77.8,186,476,472,5.8,22.3,,
2026-08-23T01:14:44.346955+05:30,1077,77.8,186,476,472,5.8,22.3,,
2026-08-23T01:14:51.718896+05:30,1077,77.5,186,476,472,5.8,22.3,,
2026-08-23T01:14:59.099340+05:30,1077,77.8,186,476,472,5.8,22.3,,
2026-08-23T01:15:06.256301+05:30,1077,77.8,186,476,472,5.8,22.3,,
2026-08-23T01:15:13.839471+05:30,1077,77.5,186,476,472,5.8,22.3,,
2026-08-23T01:15:21.006651+05:30,1077,77.5,186,476,472,5.7,22.3,,
2026-08-23T01:15:28.379292+05:30,1077,77.5,186,476,472,5.7,22.3,,
2026-08-23T01:15:35.753148+05:30,1077,77.5,186,476,472,5.7,22.3,,
2026-08-23T01:15:42.920116+05:30,1077,77.5,186,476,472,5.7,22.3,,
2026-08-23T01:15:50.296739+05:30,1077,77.5,186,476,472,5.7,22.3,,
2026-08-23T01:15:58.079639+05:30,1077,77.5,186,476,472,5.7,22.3,,
2026-08-23T01:16:05.453279+05:30,1077,77.5,186,476,472,5.7,22.3,,
2026-08-23T01:16:13.034332+05:30,1084,77.5,187,480,475,5.7,22.3,,
2026-08-23T01:16:20.430140+05:30,1084,77.5,187,480,475,5.7,22.3,,
2026-08-23T01:16:27.570048+05:30,1077,77.5,186,476,472,5.7,22.3,,
2026-08-23T01:16:34.935810+05:30,1077,77.1,186,476,472,5.7,22.3,,
2026-08-23T01:16:42.311395+05:30,1077,77.5,186,476,472,5.7,22.3,,
2026-08-23T01:16:49.690543+05:30,1077,77.1,186,476,472,5.7,22.3,,
2026-08-23T01:16:57.061426+05:30,1077,77.5,186,476,472,5.7,22.3,,
2026-08-23T01:17:04.432614+05:30,1077,77.5,186,476,472,5.7,22.3,,
2026-08-23T01:17:11.809515+05:30,1077,77.5,186,476,472,5.7,22.3,,
2026-08-23T01:17:19.179248+05:30,1077,77.1,186,476,472,5.7,22.3,,
2026-08-23T01:17:26.549877+05:30,1077,77.5,186,476,472,5.7,22.3,,
2026-08-23T01:17:33.820659+05:30,1077,77.5,186,476,472,5.7,22.3,,
2026-08-23T01:17:41.193010+05:30,1077,77.5,186,476,472,5.7,22.3,,
2026-08-23T01:17:48.575942+05:30,1077,77.5,186,476,472,5.7,22.3,,
2026-08-23T01:17:55.937781+05:30,1084,77.5,187,480,475,5.7,22.3,,
2026-08-23T01:18:03.311347+05:30,1077,77.5,186,476,472,5.7,22.3,,
2026-08-23T01:18:10.714281+05:30,1077,77.5,186,476,472,5.7,22.3,,
2026-08-23T01:18:18.073709+05:30,1077,77.5,186,476,472,5.7,22.3,,
2026-08-23T01:18:25.223420+05:30,1084,77.5,187,480,475,5.7,22.3,,
2026-08-23T01:18:32.399479+05:30,1077,77.5,186,476,472,5.7,22.3,,
2026-08-23T01:18:39.559816+05:30,1077,77.5,186,476,472,5.7,22.3,,
2026-08-23T01:18:46.933067+05:30,1077,76.8,186,476,472,5.7,22.3,,
2026-08-23T01:18:54.112565+05:30,1077,77.5,186,476,472,5.7,22.3,,
2026-08-23T01:19:01.713676+05:30,1084,77.5,187,480,475,5.7,22.3,,
2026-08-23T01:19:08.846612+05:30,1077,77.5,186,476,472,5.7,22.3,,
2026-08-23T01:19:16.223685+05:30,1084,77.5,187,480,475,5.7,22.3,,
2026-08-23T01:19:23.595935+05:30,1084,77.1,187,480,475,5.7,22.3,,
2026-08-23T01:19:30.974636+05:30,1077,77.5,186,476,472,5.7,22.3,,
2026-08-23T01:19:38.339299+05:30,1077,77.1,186,476,472,5.7,22.3,,
2026-08-23T01:19:45.716669+05:30,1084,77.1,187,480,475,5.6,22.3,,
2026-08-23T01:19:53.086579+05:30,1077,76.8,186,476,472,5.6,22.3,,
2026-08-23T01:20:01.077665+05:30,1077,77.1,186,476,472,5.6,22.3,,
2026-08-23T01:20:08.445014+05:30,1077,77.1,186,476,472,5.6,22.3,,
2026-08-23T01:20:19.708673+05:30,1077,77.5,186,476,472,5.6,22.3,,
2026-08-23T01:20:27.100772+05:30,1077,77.1,186,476,472,5.6,22.3,,
2026-08-23T01:20:34.457785+05:30,1077,77.1,186,476,472,5.6,22.3,,
2026-08-23T01:20:41.848486+05:30,1084,77.1,187,480,475,5.6,22.3,,
2026-08-23T01:20:49.203232+05:30,1077,77.1,186,476,472,5.6,22.3,,
2026-08-23T01:20:56.377595+05:30,1077,76.8,186,476,472,5.6,22.3,,
2026-08-23T01:21:03.744662+05:30,1077,77.1,186,476,472,5.6,22.3,,
2026-08-23T01:21:11.117911+05:30,1077,77.1,186,476,472,5.6,22.3,,
2026-08-23T01:21:18.488165+05:30,1077,76.8,186,476,472,5.6,22.3,,
2026-08-23T01:21:25.869004+05:30,1077,77.1,186,476,472,5.6,22.3,,
2026-08-23T01:21:33.232588+05:30,1077,77.5,186,476,472,5.6,22.3,,
2026-08-23T01:21:40.610775+05:30,1077,76.8,186,476,472,5.6,22.3,,
2026-08-23T01:21:47.978497+05:30,1077,77.1,186,476,472,5.6,22.3,,
2026-08-23T01:21:55.152058+05:30,1077,77.1,186,476,472,5.6,22.3,,
2026-08-23T01:22:02.315490+05:30,1077,77.1,186,476,472,5.6,22.3,,
2026-08-23T01:22:09.484712+05:30,1077,76.8,186,476,472,5.6,22.3,,
2026-08-23T01:22:16.876175+05:30,1077,77.1,186,476,472,5.6,22.3,,
2026-08-23T01:22:24.226381+05:30,1077,76.8,186,476,472,5.6,22.3,,
2026-08-23T01:22:31.602040+05:30,1077,77.1,186,476,472,5.6,22.3,,
2026-08-23T01:22:38.766925+05:30,1077,77.1,186,476,472,5.6,22.3,,
2026-08-23T01:22:45.936779+05:30,1077,77.1,186,476,472,5.6,22.3,,
2026-08-23T01:22:53.105131+05:30,1077,76.8,186,476,472,5.6,22.3,,
2026-08-23T01:23:00.278422+05:30,1077,77.1,186,476,472,5.6,22.3,,
2026-08-23T01:23:07.471703+05:30,1077,76.8,186,476,472,5.6,22.3,,
2026-08-23T01:23:15.017600+05:30,1077,77.1,186,476,472,5.6,22.3,,
2026-08-23T01:23:22.204040+05:30,1077,76.4,186,476,472,5.6,22.3,,
2026-08-23T01:23:29.357373+05:30,1077,76.4,186,476,472,5.6,22.3,,
2026-08-23T01:23:36.727242+05:30,1077,76.8,186,476,472,5.6,22.3,,
2026-08-23T01:23:43.899422+05:30,1077,76.8,186,476,472,5.6,22.3,,
2026-08-23T01:23:51.069504+05:30,1077,76.8,186,476,472,5.6,22.3,,
2026-08-23T01:23:58.231083+05:30,1077,76.0,186,476,472,5.6,22.3,,
2026-08-23T01:24:05.605971+05:30,1077,76.8,186,476,472,5.6,22.3,,
2026-08-23T01:24:12.982192+05:30,1077,76.8,186,476,472,5.6,22.3,,
2026-08-23T01:24:20.356236+05:30,1084,76.4,187,480,475,5.6,22.3,,
2026-08-23T01:24:27.528168+05:30,1077,76.8,186,476,472,5.6,22.3,,
2026-08-23T01:24:34.688061+05:30,1237,85.9,219,553,550,5.5,22.3,,
2026-08-23T01:24:42.060292+05:30,1237,85.0,219,553,550,5.6,22.3,,
2026-08-23T01:24:49.438555+05:30,1275,85.9,227,572,568,5.6,22.3,,
2026-08-23T01:24:56.604874+05:30,1307,86.7,234,587,584,5.6,22.3,,
2026-08-23T01:25:03.980799+05:30,1345,86.7,242,605,602,5.6,22.3,,
2026-08-23T01:25:11.354472+05:30,1358,86.7,244,612,609,5.6,22.3,,
2026-08-23T01:25:18.520321+05:30,1377,86.8,248,621,618,5.6,22.3,,
2026-08-23T01:25:25.891712+05:30,1383,86.7,250,624,621,5.6,22.3,,
2026-08-23T01:25:33.259973+05:30,1396,86.7,252,630,627,5.6,22.3,,
2026-08-23T01:25:40.634068+05:30,1402,86.5,254,633,630,5.6,22.3,,
2026-08-23T01:25:47.809377+05:30,1409,86.5,255,636,633,5.6,22.3,,
2026-08-23T01:25:55.176574+05:30,1409,86.7,255,636,633,5.6,22.3,,
2026-08-23T01:26:02.547775+05:30,1415,86.7,256,639,636,5.6,22.3,,
2026-08-23T01:26:09.918842+05:30,1415,86.5,256,639,636,5.6,22.2,,
2026-08-23T01:26:17.290425+05:30,1415,86.7,256,639,636,5.6,22.2,,
2026-08-23T01:26:24.663377+05:30,1421,86.5,258,642,639,5.6,22.2,,
2026-08-23T01:26:32.039371+05:30,1421,86.5,258,642,639,5.6,22.2,,
2026-08-23T01:26:39.417821+05:30,1428,86.5,259,645,643,5.6,22.2,,
2026-08-23T01:26:46.581238+05:30,1428,86.5,259,645,643,5.6,22.2,,
2026-08-23T01:26:53.956485+05:30,1428,86.2,259,645,643,5.6,22.2,,
2026-08-23T01:27:01.337018+05:30,1428,85.9,259,645,643,5.6,22.2,,
2026-08-23T01:27:08.699925+05:30,1421,85.2,258,642,639,5.5,22.2,,
2026-08-23T01:27:15.875450+05:30,1421,85.2,258,642,639,5.5,22.1,,
2026-08-23T01:27:23.237797+05:30,1421,85.0,258,642,639,5.5,22.1,,
2026-08-23T01:27:30.716175+05:30,1421,85.0,258,642,639,5.5,22.1,,
2026-08-23T01:27:38.194069+05:30,1421,85.0,258,642,639,5.5,22.1,,
2026-08-23T01:27:45.355997+05:30,1421,85.0,258,642,639,5.5,22.1,,
2026-08-23T01:27:52.529242+05:30,1421,84.9,258,642,639,5.5,22.1,22.513308,88.409954
2026-08-23T01:27:59.694167+05:30,1421,84.9,258,642,639,5.5,22.1,,
2026-08-23T01:28:06.863015+05:30,1421,84.7,258,642,639,5.5,22.1,22.513293,88.409843
2026-08-23T01:28:14.238428+05:30,1421,84.9,258,642,639,5.5,22.1,22.513239,88.409897
2026-08-23T01:28:21.816402+05:30,1415,84.7,256,639,636,5.5,22.1,22.513268,88.409911
2026-08-23T01:28:29.191578+05:30,1421,84.7,258,642,639,5.5,22.1,22.513281,88.409927
2026-08-23T01:28:36.355801+05:30,1421,84.5,258,642,639,5.5,22.1,22.513292,88.409935
2026-08-23T01:28:43.519593+05:30,1415,84.4,256,639,636,5.5,22.1,22.513282,88.409967
2026-08-23T01:28:50.691906+05:30,1421,84.5,258,642,639,5.5,22.1,22.51328,88.409984
2026-08-23T01:29:01.233513+05:30,1415,84.4,256,639,636,5.5,22.1,22.513282,88.409974
2026-08-23T01:29:08.710163+05:30,1415,84.4,256,639,636,5.5,22.1,22.513295,88.410017
2026-08-23T01:29:16.081457+05:30,1415,84.4,256,639,636,5.5,22.1,22.513297,88.410005
2026-08-23T01:29:23.455274+05:30,1415,84.2,256,639,636,5.5,22.1,22.513305,88.409987
2026-08-23T01:29:30.838193+05:30,1409,84.4,255,636,633,5.5,22.0,22.513314,88.409994
2026-08-23T01:29:38.201337+05:30,1409,84.0,255,636,633,5.5,22.0,22.513309,88.409976
2026-08-23T01:29:45.782036+05:30,1409,84.2,255,636,633,5.5,22.1,22.51331,88.409967
2026-08-23T01:29:53.391653+05:30,1402,84.2,254,633,630,5.5,22.1,22.513319,88.409964
2026-08-23T01:30:01.154311+05:30,1409,83.7,255,636,633,5.5,22.0,22.513332,88.409988
2026-08-23T01:30:08.316462+05:30,1409,84.0,255,636,633,5.5,22.0,22.51333,88.409994
2026-08-23T01:30:15.887416+05:30,1409,84.0,255,636,633,5.5,22.0,22.513334,88.409974
2026-08-23T01:30:23.055797+05:30,1409,84.0,255,636,633,5.5,22.0,22.513341,88.409942
2026-08-23T01:30:30.227240+05:30,1409,84.0,255,636,633,5.5,22.0,22.513346,88.409934
2026-08-23T01:30:37.596395+05:30,1402,83.7,254,633,630,5.5,22.0,22.51335,88.409934
2026-08-23T01:30:44.768220+05:30,1409,83.7,255,636,633,5.5,22.0,22.513344,88.409915
2026-08-23T01:30:52.238846+05:30,1396,83.7,252,630,627,5.5,22.0,22.51335,88.409908
2026-08-23T01:30:59.406891+05:30,1396,83.7,252,630,627,5.5,22.0,22.513352,88.409904
2026-08-23T01:31:06.572697+05:30,1396,83.7,252,630,627,5.4,22.0,22.513365,88.409915
2026-08-23T01:31:13.947515+05:30,1390,83.3,251,627,624,5.4,22.0,22.513372,88.409933
2026-08-23T01:31:21.325358+05:30,1396,83.3,252,630,627,5.4,22.0,22.513373,88.409941
2026-08-23T01:31:28.491270+05:30,1390,83.3,251,627,624,5.4,22.0,22.513372,88.409957
2026-08-23T01:31:35.864943+05:30,1390,82.9,251,627,624,5.4,22.0,22.513375,88.409959
2026-08-23T01:31:43.028527+05:30,1390,83.3,251,627,624,5.4,22.0,22.513382,88.40998
2026-08-23T01:31:50.406213+05:30,1390,83.3,251,627,624,5.4,22.0,22.513382,88.410006
2026-08-23T01:31:57.578227+05:30,1390,82.9,251,627,624,5.4,22.0,22.513379,88.410012
2026-08-23T01:32:04.945011+05:30,1390,83.3,251,627,624,5.4,22.0,22.513374,88.409986
2026-08-23T01:32:12.319962+05:30,1390,82.9,251,627,624,5.4,22.0,22.513356,88.409926
2026-08-23T01:32:19.691355+05:30,1383,82.9,250,624,621,5.4,22.0,22.513341,88.409884
2026-08-23T01:32:26.859087+05:30,1383,82.9,250,624,621,5.4,22.0,22.513323,88.409867
2026-08-23T01:32:34.443072+05:30,1383,82.6,250,624,621,5.4,22.0,22.51332,88.409807
2026-08-23T01:32:41.811693+05:30,1383,82.6,250,624,621,5.4,22.0,22.513311,88.409796
2026-08-23T01:32:48.979225+05:30,1383,82.2,250,624,621,5.4,21.9,22.513298,88.409805
2026-08-23T01:32:57.169589+05:30,1383,82.6,250,624,621,5.4,22.0,22.513294,88.409789
2026-08-23T01:33:04.568586+05:30,1383,82.2,250,624,621,5.4,22.0,22.5133,88.409743
2026-08-23T01:33:12.116701+05:30,1377,82.2,248,621,618,5.4,22.0,22.513306,88.409753
2026-08-23T01:33:19.494401+05:30,1377,81.8,248,621,618,5.4,21.9,22.513316,88.40981
2026-08-23T01:33:26.863049+05:30,1377,82.2,248,621,618,5.4,22.0,22.513326,88.409805
2026-08-23T01:33:34.235237+05:30,1377,81.8,248,621,618,5.4,21.9,22.513326,88.409812
2026-08-23T01:33:41.609493+05:30,1364,81.8,246,615,611,5.4,21.9,22.513322,88.40984
2026-08-23T01:33:48.710249+05:30,1370,81.8,247,617,614,5.4,22.0,22.513324,88.409852
2026-08-23T01:33:55.950568+05:30,1370,81.8,247,617,614,5.4,22.0,22.513326,88.409782
2026-08-23T01:34:03.324439+05:30,1370,81.5,247,617,614,5.4,22.0,22.513326,88.409713
2026-08-23T01:34:10.492842+05:30,1370,81.8,247,617,614,5.4,21.9,22.51331,88.409747
2026-08-23T01:34:17.966425+05:30,1364,81.8,246,615,611,5.4,21.9,22.513307,88.40982
2026-08-23T01:34:25.339207+05:30,1370,81.8,247,617,614,5.4,22.0,22.513324,88.409784
2026-08-23T01:34:32.715538+05:30,1370,81.8,247,617,614,5.4,21.9,22.513331,88.409806
2026-08-23T01:34:40.086344+05:30,1364,81.8,246,615,611,5.4,21.9,22.513335,88.409849
2026-08-23T01:34:47.457553+05:30,1364,81.5,246,615,611,5.4,21.9,22.513346,88.409832
2026-08-23T01:34:54.831436+05:30,1364,81.5,246,615,611,5.4,21.9,22.513358,88.409773
2026-08-23T01:35:02.201222+05:30,1358,81.5,244,612,609,5.4,21.9,22.513367,88.409756
2026-08-23T01:35:09.577176+05:30,1364,81.5,246,615,611,5.4,21.9,22.513364,88.409818
2026-08-23T01:35:16.944069+05:30,1358,81.5,244,612,609,5.4,21.9,22.51337,88.40983
2026-08-23T01:35:24.320097+05:30,1358,81.5,244,612,609,5.4,21.9,22.513371,88.409804
2026-08-23T01:35:31.702025+05:30,1358,81.1,244,612,609,5.4,21.9,22.513366,88.409815
2026-08-23T01:35:39.066254+05:30,1358,81.5,244,612,609,5.4,21.9,22.513368,88.409825
2026-08-23T01:35:46.434164+05:30,1358,81.1,244,612,609,5.4,21.9,22.513383,88.409808
2026-08-23T01:35:54.016077+05:30,1358,81.1,244,612,609,5.4,21.9,22.513385,88.409783
2026-08-23T01:36:01.389558+05:30,1358,81.1,244,612,609,5.4,21.9,22.513375,88.409838
2026-08-23T01:36:08.762492+05:30,1351,80.8,243,608,605,5.4,21.9,22.513357,88.409897
2026-08-23T01:36:16.134148+05:30,1351,81.1,243,608,605,5.4,21.9,22.513362,88.409894
2026-08-23T01:36:23.301735+05:30,1351,81.1,243,608,605,5.4,21.9,22.513355,88.4099
2026-08-23T01:36:30.471030+05:30,1351,80.4,243,608,605,5.4,22.0,22.51336,88.409825
2026-08-23T01:36:39.688754+05:30,1351,80.8,243,608,605,5.4,21.9,22.513355,88.409781
2026-08-23T01:36:47.066472+05:30,1351,80.4,243,608,605,5.4,21.9,22.513331,88.409866
2026-08-23T01:36:54.429806+05:30,1358,80.8,244,612,609,5.4,21.9,22.513328,88.40986
2026-08-23T01:37:01.807526+05:30,1351,80.4,243,608,605,5.4,21.9,22.513331,88.409868
2026-08-23T01:37:08.974652+05:30,1345,80.4,242,605,602,5.4,21.9,22.513345,88.409783
2026-08-23T01:37:16.345069+05:30,1351,80.4,243,608,605,5.4,21.9,22.513359,88.409684
2026-08-23T01:37:23.515275+05:30,1351,80.4,243,608,605,5.3,21.9,22.513366,88.409623
2026-08-23T01:37:30.887242+05:30,1345,80.4,242,605,602,5.3,21.9,22.513368,88.409608
2026-08-23T01:37:38.053033+05:30,1345,80.4,242,605,602,5.3,21.9,22.513364,88.409611
2026-08-23T01:37:45.224569+05:30,1345,80.4,242,605,602,5.3,21.9,22.513353,88.409674
2026-08-23T01:37:52.396242+05:30,1345,80.4,242,605,602,5.3,21.9,22.513346,88.409694
2026-08-23T01:37:59.767417+05:30,1345,80.4,242,605,602,5.3,21.9,22.513345,88.409665
2026-08-23T01:38:07.135492+05:30,1345,80.4,242,605,602,5.3,21.9,22.513341,88.409651
2026-08-23T01:38:14.302683+05:30,1345,80.4,242,605,602,5.3,21.9,22.513342,88.409683
2026-08-23T01:38:21.471801+05:30,1332,80.4,239,599,596,5.3,21.9,22.513326,88.409774
2026-08-23T01:38:28.636778+05:30,1345,80.4,242,605,602,5.3,21.9,22.513322,88.409771
2026-08-23T01:38:36.013783+05:30,1339,80.0,241,603,599,5.3,21.9,22.513312,88.409763
2026-08-23T01:38:43.181525+05:30,1345,80.0,242,605,602,5.3,21.9,22.513308,88.409751
2026-08-23T01:38:50.347912+05:30,1339,80.0,241,603,599,5.3,21.9,22.513317,88.409759
2026-08-23T01:38:57.728510+05:30,1332,80.0,239,599,596,5.3,21.9,22.51331,88.409787
2026-08-23T01:39:05.300702+05:30,1332,80.4,239,599,596,5.3,21.9,22.513316,88.409782
2026-08-23T01:39:12.672837+05:30,1339,80.0,241,603,599,5.3,21.9,22.513327,88.409788
2026-08-23T01:39:19.842608+05:30,1339,80.0,241,603,599,5.3,21.9,22.513334,88.409814
2026-08-23T01:39:27.215216+05:30,1339,80.0,241,603,599,5.3,21.9,22.513356,88.409759
2026-08-23T01:39:34.584158+05:30,1332,79.3,239,599,596,5.3,21.9,22.513378,88.409614
2026-08-23T01:39:41.755765+05:30,1326,80.0,238,596,593,5.3,21.9,22.513371,88.409671
2026-08-23T01:39:48.921895+05:30,1326,80.0,238,596,593,5.3,21.9,22.513362,88.40972
2026-08-23T01:39:56.089626+05:30,1326,80.0,238,596,593,5.3,21.9,,
2026-08-23T01:40:03.667047+05:30,1326,79.7,238,596,593,5.3,21.9,,
2026-08-23T01:40:11.039715+05:30,1326,79.7,238,596,593,5.3,21.9,,
2026-08-23T01:40:18.208826+05:30,1326,79.7,238,596,593,5.3,21.9,,
2026-08-23T01:40:25.376609+05:30,1326,79.7,238,596,593,5.3,21.9,,
2026-08-23T01:40:32.751387+05:30,1326,80.0,238,596,593,5.3,21.9,,
2026-08-23T01:40:40.124486+05:30,1319,79.7,236,593,590,5.3,21.9,,
2026-08-23T01:40:47.495369+05:30,1319,79.3,236,593,590,5.3,21.9,,
2026-08-23T01:40:54.664740+05:30,1326,79.3,238,596,593,5.3,21.9,22.513421,88.409652
2026-08-23T01:41:01.838020+05:30,1319,79.3,236,593,590,5.3,21.9,22.513393,88.409823
2026-08-23T01:41:08.998849+05:30,1326,79.3,238,596,593,5.3,21.9,22.513318,88.40994
2026-08-23T01:41:16.368084+05:30,1319,79.3,236,593,590,5.3,21.9,22.51332,88.409941
2026-08-23T01:41:23.747987+05:30,1326,79.3,238,596,593,5.3,21.9,22.513314,88.409962
2026-08-23T01:41:31.121458+05:30,1319,79.3,236,593,590,5.3,21.9,22.513288,88.410008
2026-08-23T01:41:38.289605+05:30,1326,78.9,238,596,593,5.3,21.9,22.513266,88.409993
2026-08-23T01:41:45.861760+05:30,1319,78.9,236,593,590,5.3,21.9,22.51325,88.409981
2026-08-23T01:41:53.240972+05:30,1319,78.9,236,593,590,5.3,21.9,22.513289,88.409927
2026-08-23T01:42:00.611954+05:30,1319,78.9,236,593,590,5.3,21.9,22.513265,88.409959
2026-08-23T01:42:08.187658+05:30,1319,79.3,236,593,590,5.3,21.9,22.513266,88.410088
2026-08-23T01:42:15.559188+05:30,1319,78.9,236,593,590,5.3,21.9,,
2026-08-23T01:42:22.929023+05:30,1319,78.9,236,593,590,5.3,21.9,22.5132,88.410256
2026-08-23T01:42:30.105426+05:30,1319,78.9,236,593,590,5.3,21.9,,
2026-08-23T01:42:37.471085+05:30,1319,78.9,236,593,590,5.3,21.9,,
2026-08-23T01:42:44.844228+05:30,1319,78.9,236,593,590,5.3,21.9,,
2026-08-23T01:42:52.221699+05:30,1319,78.9,236,593,590,5.3,21.9,,
2026-08-23T01:42:59.590210+05:30,1319,78.9,236,593,590,5.3,21.9,22.51333,88.41016
2026-08-23T01:43:06.964520+05:30,1313,79.3,235,590,587,5.3,21.9,22.513379,88.4101
2026-08-23T01:43:14.336693+05:30,1319,78.9,236,593,590,5.3,21.9,22.513408,88.410051
2026-08-23T01:43:21.506569+05:30,1313,78.9,235,590,587,5.3,21.9,22.513351,88.410063
2026-08-23T01:43:28.879231+05:30,1313,78.9,235,590,587,5.3,21.9,22.513294,88.409972
2026-08-23T01:43:36.251492+05:30,1313,78.9,235,590,587,5.3,21.9,22.51334,88.40993
2026-08-23T01:43:43.622822+05:30,1313,78.9,235,590,587,5.3,21.9,22.513397,88.409886
2026-08-23T01:43:50.799223+05:30,1313,78.6,235,590,587,5.3,21.9,22.513414,88.40986
2026-08-23T01:43:57.971545+05:30,1313,78.9,235,590,587,5.3,21.9,22.513401,88.40992
2026-08-23T01:44:05.335585+05:30,1307,78.9,234,587,584,5.3,21.9,22.513444,88.409856
2026-08-23T01:44:12.913106+05:30,1313,78.6,235,590,587,5.3,21.9,22.513438,88.409693
2026-08-23T01:44:20.284197+05:30,1313,78.2,235,590,587,5.3,21.9,22.513438,88.409693
2026-08-23T01:44:27.449016+05:30,1313,78.9,235,590,587,5.3,21.9,,
2026-08-23T01:44:34.825439+05:30,1313,78.9,235,590,587,5.3,21.9,,
2026-08-23T01:44:41.991819+05:30,1313,78.6,235,590,587,5.3,21.9,,
2026-08-23T01:44:49.173612+05:30,1313,78.6,235,590,587,5.3,21.9,,
2026-08-23T01:44:56.532720+05:30,1313,78.9,235,590,587,5.3,21.9,,
2026-08-23T01:45:04.108656+05:30,1313,78.6,235,590,587,5.3,21.9,,
2026-08-23T01:45:11.278992+05:30,1313,78.6,235,590,587,5.3,21.9,22.513179,88.409859
2026-08-23T01:45:18.652378+05:30,1313,78.6,235,590,587,5.3,21.9,22.513164,88.409981
2026-08-23T01:45:26.023796+05:30,1307,78.2,234,587,584,5.3,21.9,,
2026-08-23T01:45:33.409975+05:30,1307,78.9,234,587,584,5.3,21.9,22.513128,88.409919
2026-08-23T01:45:40.772409+05:30,1313,78.6,235,590,587,5.3,21.9,22.513148,88.409966
2026-08-23T01:45:48.141806+05:30,1313,78.6,235,590,587,5.3,21.9,22.513186,88.409888
2026-08-23T01:45:55.516048+05:30,1307,78.6,234,587,584,5.3,21.9,22.513221,88.409821
2026-08-23T01:46:02.683540+05:30,1307,78.6,234,587,584,5.3,21.9,22.513239,88.409918
2026-08-23T01:46:09.855032+05:30,1307,78.6,234,587,584,5.3,21.9,22.513288,88.409961
2026-08-23T01:46:17.226499+05:30,1307,78.2,234,587,584,5.3,21.9,22.513294,88.409967
2026-08-23T01:46:24.603728+05:30,1300,78.6,232,584,580,5.3,21.9,22.513289,88.409934
2026-08-23T01:46:31.969141+05:30,1300,78.2,232,584,580,5.3,21.9,22.513289,88.409934
2026-08-23T01:46:39.343936+05:30,1307,78.6,234,587,584,5.3,21.9,,
2026-08-23T01:46:46.713945+05:30,1307,78.2,234,587,584,5.3,21.9,,
2026-08-23T01:46:53.886495+05:30,1313,78.2,235,590,587,5.3,21.9,,
2026-08-23T01:47:01.257144+05:30,1300,78.6,232,584,580,5.3,21.9,,
2026-08-23T01:47:08.425411+05:30,1300,78.2,232,584,580,5.3,21.9,,
2026-08-23T01:47:15.607110+05:30,1307,77.8,234,587,584,5.3,21.9,,
2026-08-23T01:47:22.762663+05:30,1307,77.8,234,587,584,5.3,21.9,,
2026-08-23T01:47:30.135206+05:30,1307,78.2,234,587,584,5.3,21.9,,
2026-08-23T01:47:37.505648+05:30,1300,78.6,232,584,580,5.2,21.9,,
2026-08-23T01:47:45.301888+05:30,1307,78.2,234,587,584,5.2,21.9,,
2026-08-23T01:47:52.662975+05:30,1294,78.2,231,581,577,5.2,21.9,22.513311,88.41021
2026-08-23T01:48:00.039156+05:30,1300,77.8,232,584,580,5.2,21.9,22.513341,88.410126
2026-08-23T01:48:07.408821+05:30,1300,77.8,232,584,580,5.2,21.9,22.513329,88.41012
2026-08-23T01:48:14.783238+05:30,1300,77.8,232,584,580,5.2,21.9,22.513338,88.410051
2026-08-23T01:48:22.154539+05:30,1300,78.2,232,584,580,5.2,21.9,22.513306,88.410009
2026-08-23T01:48:29.333052+05:30,1300,77.8,232,584,580,5.2,21.9,22.513276,88.409938
2026-08-23T01:48:36.694480+05:30,1300,77.8,232,584,580,5.2,21.9,22.513271,88.409899
2026-08-23T01:48:44.069706+05:30,1300,77.8,232,584,580,5.2,21.9,22.513251,88.409877
2026-08-23T01:48:51.243126+05:30,1300,77.8,232,584,580,5.2,21.9,22.513299,88.409803
2026-08-23T01:48:58.404205+05:30,1294,77.8,231,581,577,5.2,21.9,22.513322,88.409769
2026-08-23T01:49:05.569365+05:30,1294,77.5,231,581,577,5.2,21.9,22.513343,88.409707
2026-08-23T01:49:12.945863+05:30,1300,77.8,232,584,580,5.2,21.9,22.513336,88.409628
2026-08-23T01:49:20.327350+05:30,1294,77.5,231,581,577,5.2,21.9,22.513302,88.40966
2026-08-23T01:49:27.488228+05:30,1294,77.8,231,581,577,5.2,21.9,22.513303,88.409708
2026-08-23T01:49:34.865971+05:30,1294,77.8,231,581,577,5.2,21.9,22.513299,88.409674
2026-08-23T01:49:42.232428+05:30,1300,77.5,232,584,580,5.2,21.9,22.513318,88.40969
2026-08-23T01:49:49.403154+05:30,1294,77.8,231,581,577,5.2,21.9,22.513338,88.409718
2026-08-23T01:49:56.776928+05:30,1294,77.8,231,581,577,5.2,21.9,22.513346,88.40973
2026-08-23T01:50:04.145527+05:30,1294,77.8,231,581,577,5.2,21.9,22.513339,88.409716
2026-08-23T01:50:11.520466+05:30,1294,77.5,231,581,577,5.2,21.9,22.513346,88.409739
2026-08-23T01:50:18.686600+05:30,1294,77.8,231,581,577,5.2,21.9,22.513344,88.409773
2026-08-23T01:50:25.858167+05:30,1294,77.8,231,581,577,5.2,21.9,22.513348,88.409778
2026-08-23T01:50:33.026124+05:30,1294,77.5,231,581,577,5.2,21.9,22.513345,88.409795
2026-08-23T01:50:40.195423+05:30,1294,77.5,231,581,577,5.2,21.9,22.513293,88.409763
2026-08-23T01:50:47.363688+05:30,1294,77.5,231,581,577,5.2,21.9,22.513268,88.409744
2026-08-23T01:50:54.530246+05:30,1294,77.5,231,581,577,5.2,21.9,22.513302,88.409741
2026-08-23T01:51:01.912534+05:30,1294,77.8,231,581,577,5.2,21.9,22.513317,88.409773
2026-08-23T01:51:09.682355+05:30,1288,77.5,230,578,575,5.2,21.9,22.513348,88.409836
2026-08-23T01:51:16.851754+05:30,1294,77.5,231,581,577,5.2,21.9,22.513375,88.409765
2026-08-23T01:51:24.223293+05:30,1288,77.5,230,578,575,5.2,21.9,22.513414,88.409751
2026-08-23T01:51:31.596178+05:30,1288,77.5,230,578,575,5.2,22.0,,
2026-08-23T01:51:38.975481+05:30,1288,77.5,230,578,575,5.2,21.9,,
2026-08-23T01:51:46.137443+05:30,1288,77.5,230,578,575,5.2,22.0,,
2026-08-23T01:51:53.511511+05:30,1294,77.5,231,581,577,5.2,21.9,,
2026-08-23T01:52:00.892085+05:30,1288,77.5,230,578,575,5.2,21.9,,
2026-08-23T01:52:08.256577+05:30,1288,77.5,230,578,575,5.2,22.0,,
2026-08-23T01:52:15.632823+05:30,1288,77.5,230,578,575,5.2,21.9,,
2026-08-23T01:52:22.820196+05:30,1288,77.5,230,578,575,5.2,22.0,22.513326,88.409702
2026-08-23T01:52:30.179518+05:30,1288,77.5,230,578,575,5.2,21.9,,
2026-08-23T01:52:37.748251+05:30,1288,77.5,230,578,575,5.2,22.0,,
2026-08-23T01:52:44.918707+05:30,1288,77.5,230,578,575,5.2,22.0,,
2026-08-23T01:52:52.288794+05:30,1288,77.5,230,578,575,5.2,21.9,,
2026-08-23T01:52:59.662410+05:30,1288,77.5,230,578,575,5.2,22.0,,
2026-08-23T01:53:07.035339+05:30,1288,77.5,230,578,575,5.2,22.0,,
2026-08-23T01:53:14.409541+05:30,1288,77.5,230,578,575,5.2,22.0,,
2026-08-23T01:53:21.782609+05:30,1288,77.5,230,578,575,5.2,22.0,,
2026-08-23T01:53:28.946508+05:30,1288,77.5,230,578,575,5.2,22.0,,
2026-08-23T01:53:36.319812+05:30,1288,77.5,230,578,575,5.2,22.0,,
2026-08-23T01:53:43.692898+05:30,1288,77.5,230,578,575,5.2,22.0,,
2026-08-23T01:53:50.878900+05:30,1288,77.5,230,578,575,5.2,22.0,,
2026-08-23T01:53:58.028198+05:30,1288,77.8,230,578,575,5.2,22.0,,
2026-08-23T01:54:05.198483+05:30,1288,77.1,230,578,575,5.2,22.0,,
2026-08-23T01:54:12.622012+05:30,1288,77.5,230,578,575,5.2,22.0,,
2026-08-23T01:54:19.946774+05:30,1281,77.5,228,575,571,5.2,22.0,,
2026-08-23T01:54:27.315866+05:30,1288,77.1,230,578,575,5.2,22.0,,
2026-08-23T01:54:34.688151+05:30,1288,77.5,230,578,575,5.2,22.0,,
2026-08-23T01:54:42.065018+05:30,1288,77.1,230,578,575,5.2,22.0,,
2026-08-23T01:54:49.438479+05:30,1281,77.1,228,575,571,5.2,22.0,,
2026-08-23T01:54:56.810530+05:30,1281,77.1,228,575,571,5.2,22.0,,
2026-08-23T01:55:04.183735+05:30,1288,77.5,230,578,575,5.2,22.0,,
2026-08-23T01:55:11.558762+05:30,1281,77.5,228,575,571,5.2,22.0,,
2026-08-23T01:55:18.928263+05:30,1288,77.1,230,578,575,5.2,22.0,,
2026-08-23T01:55:26.096699+05:30,1281,77.5,228,575,571,5.2,22.0,,
2026-08-23T01:55:33.674515+05:30,1281,77.5,228,575,571,5.2,22.0,,
2026-08-23T01:55:41.660033+05:30,1281,77.5,228,575,571,5.2,22.0,,
2026-08-23T01:55:48.684633+05:30,1288,77.1,230,578,575,5.2,22.0,,
2026-08-23T01:55:56.203947+05:30,1281,77.5,228,575,571,5.2,22.0,,
2026-08-23T01:56:03.577475+05:30,1281,77.1,228,575,571,5.2,22.0,,
2026-08-23T01:56:10.749629+05:30,1281,77.5,228,575,571,5.2,22.0,22.513248,88.409995
2026-08-23T01:56:18.117911+05:30,1281,77.1,228,575,571,5.2,22.0,22.513302,88.409956
2026-08-23T01:56:25.280035+05:30,1281,77.1,228,575,571,5.2,22.0,,
2026-08-23T01:56:32.664571+05:30,1281,77.5,228,575,571,5.2,22.0,,
2026-08-23T01:56:40.353079+05:30,1281,77.1,228,575,571,5.2,22.0,,
2026-08-23T01:56:47.813575+05:30,1281,77.1,228,575,571,5.2,22.0,,
2026-08-23T01:56:55.186246+05:30,1281,77.5,228,575,571,5.2,22.0,,
2026-08-23T01:57:02.556571+05:30,1281,77.5,228,575,571,5.2,22.0,22.513309,88.40998
2026-08-23T01:57:10.133570+05:30,1281,76.8,228,575,571,5.2,22.0,,
2026-08-23T01:57:17.307095+05:30,1281,77.5,228,575,571,5.2,22.0,22.513361,88.409904
2026-08-23T01:57:24.675332+05:30,1281,77.1,228,575,571,5.2,22.0,22.51336,88.409894
2026-08-23T01:57:32.249439+05:30,1281,77.1,228,575,571,5.2,22.0,22.51342,88.409865
2026-08-23T01:57:39.755936+05:30,1281,77.1,228,575,571,5.2,22.0,22.51341,88.409883
2026-08-23T01:57:46.900961+05:30,1281,77.1,228,575,571,5.2,22.0,22.51344,88.409894
2026-08-23T01:57:54.276034+05:30,1281,76.8,228,575,571,5.2,22.0,,
2026-08-23T01:58:01.438171+05:30,1281,77.1,228,575,571,5.2,22.0,,
2026-08-23T01:58:08.808651+05:30,1275,76.8,227,572,568,5.2,22.0,,
2026-08-23T01:58:16.182550+05:30,1281,76.8,228,575,571,5.2,22.0,22.513277,88.409934
2026-08-23T01:58:23.553059+05:30,1281,77.1,228,575,571,5.2,22.0,22.513236,88.40993
2026-08-23T01:58:30.928659+05:30,1281,77.1,228,575,571,5.2,22.0,22.513206,88.409911
2026-08-23T01:58:38.300907+05:30,1281,77.1,228,575,571,5.2,22.0,,
2026-08-23T01:58:45.470014+05:30,1275,76.8,227,572,568,5.2,22.0,,
2026-08-23T01:58:52.840193+05:30,1275,77.1,227,572,568,5.2,22.0,,
2026-08-23T01:59:00.220862+05:30,1281,77.1,228,575,571,5.2,22.0,,
2026-08-23T01:59:07.591970+05:30,1275,77.1,227,572,568,5.2,22.0,,
2026-08-23T01:59:14.960310+05:30,1275,77.1,227,572,568,5.2,22.0,,
2026-08-23T01:59:22.331073+05:30,1275,77.1,227,572,568,5.2,22.0,22.513338,88.40977
2026-08-23T01:59:29.499483+05:30,1275,77.1,227,572,568,5.2,22.1,22.513323,88.409785
2026-08-23T01:59:36.873896+05:30,1275,77.1,227,572,568,5.2,22.1,22.513294,88.409794
2026-08-23T01:59:44.246839+05:30,1281,77.1,228,575,571,5.2,22.0,22.513282,88.409789
2026-08-23T01:59:51.620145+05:30,1275,77.1,227,572,568,5.2,22.0,22.513319,88.409756
2026-08-23T01:59:59.001968+05:30,1275,77.5,227,572,568,5.2,22.1,22.513344,88.409732
2026-08-23T02:00:06.371352+05:30,1275,76.8,227,572,568,5.1,22.0,22.513342,88.409766
2026-08-23T02:00:13.948039+05:30,1275,76.8,227,572,568,5.1,22.0,22.513383,88.409772
2026-08-23T02:00:21.313854+05:30,1275,77.1,227,572,568,5.1,22.1,22.513441,88.40979
2026-08-23T02:00:28.691169+05:30,1275,76.8,227,572,568,5.1,22.1,22.513458,88.409833
2026-08-23T02:00:35.854518+05:30,1275,76.8,227,572,568,5.1,22.1,22.513464,88.409856
2026-08-23T02:00:43.227193+05:30,1275,76.8,227,572,568,5.1,22.1,22.513386,88.409861
2026-08-23T02:00:50.401545+05:30,1275,77.1,227,572,568,5.1,22.1,22.513364,88.409893
2026-08-23T02:00:57.768957+05:30,1275,77.1,227,572,568,5.1,22.1,22.513379,88.409909
2026-08-23T02:01:05.347644+05:30,1275,77.1,227,572,568,5.1,22.1,22.513379,88.409923
2026-08-23T02:01:12.922777+05:30,1281,77.1,228,575,571,5.1,22.1,22.513373,88.409914
2026-08-23T02:01:20.303696+05:30,1275,76.8,227,572,568,5.1,22.1,22.513358,88.409948
2026-08-23T02:01:27.682920+05:30,1275,76.8,227,572,568,5.1,22.1,22.513366,88.409984
2026-08-23T02:01:35.050832+05:30,1275,76.8,227,572,568,5.1,22.1,22.51336,88.409984
2026-08-23T02:01:42.210409+05:30,1275,76.8,227,572,568,5.1,22.1,22.51334,88.40999
2026-08-23T02:01:49.791986+05:30,1275,76.8,227,572,568,5.1,22.1,22.513367,88.409978
2026-08-23T02:01:56.957738+05:30,1275,76.8,227,572,568,5.1,22.1,22.51335,88.409972
2026-08-23T02:02:04.332957+05:30,1275,76.8,227,572,568,5.1,22.1,22.513355,88.409923
2026-08-23T02:02:11.709411+05:30,1275,76.8,227,572,568,5.1,22.1,22.513343,88.409961
2026-08-23T02:02:18.873002+05:30,1275,76.8,227,572,568,5.1,22.1,22.513346,88.409979
2026-08-23T02:02:26.040649+05:30,1268,76.8,226,568,565,5.1,22.1,22.513375,88.40999
2026-08-23T02:02:33.205381+05:30,1262,76.8,224,565,562,5.1,22.1,22.513381,88.410047
2026-08-23T02:02:40.591491+05:30,1268,76.8,226,568,565,5.1,22.1,22.513375,88.410123
2026-08-23T02:02:47.751239+05:30,1275,76.8,227,572,568,5.1,22.1,22.513352,88.410161
2026-08-23T02:02:55.121411+05:30,1275,76.8,227,572,568,5.1,22.1,22.513339,88.410174
2026-08-23T02:03:03.027511+05:30,1275,76.4,227,572,568,5.1,22.1,22.513304,88.41019
2026-08-23T02:03:11.121580+05:30,1275,76.8,227,572,568,5.1,22.1,22.513282,88.410246
2026-08-23T02:03:18.677557+05:30,1275,76.8,227,572,568,5.1,22.1,22.513269,88.410324
2026-08-23T02:03:26.044108+05:30,1275,76.8,227,572,568,5.1,22.1,22.51325,88.410342
2026-08-23T02:03:33.418727+05:30,1275,76.8,227,572,568,5.1,22.1,22.513267,88.410296
2026-08-23T02:03:40.792225+05:30,1275,76.8,227,572,568,5.1,22.1,22.51326,88.410305
2026-08-23T02:03:48.204573+05:30,1268,76.4,226,568,565,5.1,22.1,22.513247,88.410334
2026-08-23T02:03:55.788454+05:30,1275,76.8,227,572,568,5.1,22.1,22.513257,88.410347
2026-08-23T02:04:03.319933+05:30,1268,76.8,226,568,565,5.1,22.1,22.513243,88.410355
2026-08-23T02:04:10.695330+05:30,1268,76.8,226,568,565,5.1,22.1,22.513262,88.410301
2026-08-23T02:04:18.267708+05:30,1268,76.4,226,568,565,5.1,22.1,22.513272,88.41029
2026-08-23T02:04:25.451562+05:30,1268,76.8,226,568,565,5.1,22.1,22.51329,88.410191
2026-08-23T02:04:32.810818+05:30,1268,76.8,226,568,565,5.1,22.1,22.513312,88.410138
2026-08-23T02:04:40.598487+05:30,1268,76.8,226,568,565,5.1,22.1,22.513321,88.410124
2026-08-23T02:04:47.966421+05:30,1268,76.4,226,568,565,5.1,22.1,22.513328,88.410105
2026-08-23T02:04:55.134520+05:30,1268,76.8,226,568,565,5.1,22.1,22.513339,88.410103
2026-08-23T02:05:02.517335+05:30,1268,76.4,226,568,565,5.1,22.1,22.513305,88.410093
2026-08-23T02:05:09.675224+05:30,1268,76.8,226,568,565,5.1,22.1,22.51329,88.410094
2026-08-23T02:05:17.058588+05:30,1268,76.8,226,568,565,5.1,22.1,22.513266,88.410111
2026-08-23T02:05:24.250718+05:30,1268,76.8,226,568,565,5.1,22.1,22.513254,88.410162
2026-08-23T02:05:31.691251+05:30,1268,76.4,226,568,565,5.1,22.1,22.513277,88.410103
2026-08-23T02:05:38.958460+05:30,1262,76.4,224,565,562,5.1,22.1,22.513246,88.410126
2026-08-23T02:05:46.335287+05:30,1268,76.0,226,568,565,5.1,22.1,22.513224,88.41023
2026-08-23T02:05:53.712032+05:30,1268,76.4,226,568,565,5.1,22.1,22.513237,88.410222
2026-08-23T02:06:01.078810+05:30,1268,76.4,226,568,565,5.1,22.1,22.513248,88.410172
2026-08-23T02:06:08.451578+05:30,1268,76.8,226,568,565,5.1,22.1,22.513294,88.410058
2026-08-23T02:06:15.827902+05:30,1268,76.4,226,568,565,5.1,22.1,22.513282,88.410038
2026-08-23T02:06:23.407434+05:30,1268,76.4,226,568,565,5.1,22.1,22.513296,88.410008
2026-08-23T02:06:31.596385+05:30,1268,76.8,226,568,565,5.1,22.1,22.513297,88.409988
2026-08-23T02:06:38.967859+05:30,1262,76.4,224,565,562,5.1,22.2,22.513285,88.410012
2026-08-23T02:06:46.346261+05:30,1256,76.4,223,563,559,5.1,22.1,22.513294,88.409949
2026-08-23T02:06:53.924107+05:30,1268,76.4,226,568,565,5.1,22.2,,
2026-08-23T02:07:01.569250+05:30,1268,76.4,226,568,565,5.1,22.2,22.513362,88.409722
2026-08-23T02:07:08.870930+05:30,1268,76.0,226,568,565,5.1,22.2,22.513369,88.409688
2026-08-23T02:07:16.241550+05:30,1268,76.4,226,568,565,5.1,22.2,22.513409,88.409444
2026-08-23T02:07:23.616511+05:30,1268,76.4,226,568,565,5.1,22.2,,
2026-08-23T02:07:30.786415+05:30,1262,76.8,224,565,562,5.1,22.2,,
2026-08-23T02:07:38.155664+05:30,1268,76.4,226,568,565,5.1,22.2,,
2026-08-23T02:07:45.530776+05:30,1268,76.4,226,568,565,5.1,22.2,,
2026-08-23T02:07:53.106422+05:30,1268,76.4,226,568,565,5.1,22.2,,
2026-08-23T02:08:00.480650+05:30,1268,76.0,226,568,565,5.1,22.2,,
2026-08-23T02:08:07.855363+05:30,1262,76.4,224,565,562,5.1,22.2,,
2026-08-23T02:08:15.224955+05:30,1262,76.4,224,565,562,5.1,22.2,,
2026-08-23T02:08:22.392671+05:30,1268,75.7,226,568,565,5.1,22.2,,
2026-08-23T02:08:30.180849+05:30,1256,76.4,223,563,559,5.1,22.2,,
2026-08-23T02:08:37.342985+05:30,1262,76.4,224,565,562,5.1,22.2,,
2026-08-23T02:08:44.717199+05:30,1268,76.8,226,568,565,5.1,22.2,,
2026-08-23T02:08:51.884461+05:30,1326,82.9,238,596,593,5.1,22.2,,
2026-08-23T02:08:59.051190+05:30,1390,85.0,251,627,624,5.2,22.2,,
2026-08-23T02:09:06.430757+05:30,1466,85.2,267,664,661,5.2,22.2,,
2026-08-23T02:09:13.598377+05:30,1466,85.2,267,664,661,5.2,22.2,,
2026-08-23T02:09:20.974861+05:30,1453,85.2,264,658,655,5.3,22.2,,
2026-08-23T02:09:28.338111+05:30,1453,85.0,264,658,655,5.3,22.2,,
2026-08-23T02:09:35.713069+05:30,1460,85.0,266,661,658,5.3,22.3,,
2026-08-23T02:09:43.087809+05:30,1453,85.0,264,658,655,5.3,22.2,,
2026-08-23T02:09:50.464534+05:30,1460,84.9,266,661,658,5.3,22.2,,
2026-08-23T02:09:57.624422+05:30,1453,84.9,264,658,655,5.3,22.3,,
2026-08-23T02:10:04.997464+05:30,1453,84.9,264,658,655,5.3,22.2,,
2026-08-23T02:10:12.377579+05:30,1453,84.9,264,658,655,5.3,22.2,,
2026-08-23T02:10:19.745651+05:30,1460,84.7,266,661,658,5.2,22.2,,
2026-08-23T02:10:27.121366+05:30,1453,84.7,264,658,655,5.2,22.2,,
2026-08-23T02:10:34.286690+05:30,1460,84.7,266,661,658,5.2,22.3,,
2026-08-23T02:10:41.660645+05:30,1453,84.7,264,658,655,5.2,22.2,,
2026-08-23T02:10:49.234669+05:30,1453,84.7,264,658,655,5.2,22.2,,
2026-08-23T02:10:56.608095+05:30,1460,84.7,266,661,658,5.2,22.3,,
2026-08-23T02:11:03.781152+05:30,1453,84.7,264,658,655,5.2,22.3,,
2026-08-23T02:11:11.356488+05:30,1453,84.5,264,658,655,5.2,22.2,,
2026-08-23T02:11:18.523980+05:30,1453,84.5,264,658,655,5.2,22.3,,
2026-08-23T02:11:25.901143+05:30,1453,84.7,264,658,655,5.2,22.3,,
2026-08-23T02:11:33.268036+05:30,1453,84.7,264,658,655,5.2,22.3,,
2026-08-23T02:11:40.645963+05:30,1453,84.5,264,658,655,5.2,22.3,,
2026-08-23T02:11:48.009201+05:30,1453,84.5,264,658,655,5.2,22.3,,
2026-08-23T02:11:55.387365+05:30,1453,84.5,264,658,655,5.2,22.3,,
2026-08-23T02:12:02.771139+05:30,1447,84.4,263,655,652,5.1,22.2,,
2026-08-23T02:12:10.143178+05:30,1447,84.4,263,655,652,5.1,22.3,,
2026-08-23T02:12:17.504890+05:30,1447,84.4,263,655,652,5.1,22.3,,
2026-08-23T02:12:24.882103+05:30,1447,84.4,263,655,652,5.1,22.3,,
2026-08-23T02:12:32.045794+05:30,1447,84.5,263,655,652,5.1,22.3,,
2026-08-23T02:12:39.419047+05:30,1447,84.2,263,655,652,5.1,22.3,,
2026-08-23T02:12:46.997962+05:30,1441,84.4,262,652,649,5.1,22.3,,
2026-08-23T02:12:54.369960+05:30,1447,84.2,263,655,652,5.1,22.3,,
2026-08-23T02:13:01.537979+05:30,1447,84.2,263,655,652,5.1,22.3,,
2026-08-23T02:13:09.123031+05:30,1441,84.2,262,652,649,5.1,22.3,,
2026-08-23T02:13:16.284205+05:30,1441,84.2,262,652,649,5.1,22.3,,
2026-08-23T02:13:23.654341+05:30,1441,84.0,262,652,649,5.1,22.3,,
2026-08-23T02:13:31.231996+05:30,1441,84.0,262,652,649,5.1,22.3,,
2026-08-23T02:13:38.607904+05:30,1428,84.0,259,645,643,5.1,22.3,,
2026-08-23T02:13:46.184527+05:30,1441,84.0,262,652,649,5.1,22.3,,
2026-08-23T02:13:53.553504+05:30,1428,83.7,259,645,643,5.1,22.3,,
2026-08-23T02:14:01.953875+05:30,1434,83.7,260,648,645,5.1,22.3,,
2026-08-23T02:14:09.342037+05:30,1428,83.7,259,645,643,5.1,22.3,,
2026-08-23T02:14:16.700681+05:30,1428,83.3,259,645,643,5.1,22.3,,
2026-08-23T02:14:24.073264+05:30,1428,83.7,259,645,643,5.1,22.3,,
2026-08-23T02:14:31.443933+05:30,1421,84.0,258,642,639,5.1,22.3,,
2026-08-23T02:14:38.819695+05:30,1421,83.7,258,642,639,5.1,22.3,,
2026-08-23T02:14:46.807224+05:30,1421,83.7,258,642,639,5.1,22.3,,
2026-08-23T02:14:54.382701+05:30,1421,83.3,258,642,639,5.1,22.3,,
2026-08-23T02:15:01.760698+05:30,1421,83.3,258,642,639,5.1,22.3,,
2026-08-23T02:15:09.538346+05:30,1421,83.3,258,642,639,5.1,22.3,,
2026-08-23T02:15:16.913192+05:30,1415,83.3,256,639,636,5.1,22.3,,
2026-08-23T02:15:24.493303+05:30,1415,83.3,256,639,636,5.1,22.3,,
2026-08-23T02:18:02.291828+05:30,1390,83.7,251,627,624,5.1,22.3,,
2026-08-23T02:18:09.663656+05:30,1396,83.7,252,630,627,5.1,22.3,,
2026-08-23T02:33:48.472191+05:30,1339,82.2,241,603,599,5.1,22.5,,
2026-08-23T02:33:55.642020+05:30,1339,81.8,241,603,599,5.1,22.5,,
2026-08-23T02:34:02.808147+05:30,1339,81.8,241,603,599,5.1,22.5,,
2026-08-23T02:34:09.981448+05:30,1332,81.8,239,599,596,5.1,22.5,,
2026-08-23T02:34:17.150176+05:30,1339,81.8,241,603,599,5.1,22.5,,
2026-08-23T02:34:24.317816+05:30,1332,81.8,239,599,596,5.1,22.5,,
2026-08-23T02:34:31.479544+05:30,1332,81.8,239,599,596,5.1,22.5,,
2026-08-23T02:34:38.649199+05:30,1326,81.8,238,596,593,5.1,22.5,,
2026-08-23T02:34:46.025580+05:30,1339,81.8,241,603,599,5.1,22.5,,
2026-08-23T02:34:53.394224+05:30,1326,81.8,238,596,593,5.1,22.5,,
2026-08-23T02:35:00.564159+05:30,1332,81.8,239,599,596,5.1,22.5,,
2026-08-23T02:35:07.798158+05:30,1319,81.8,236,593,590,5.1,22.5,,
2026-08-23T02:35:15.120867+05:30,1326,81.8,238,596,593,5.1,22.5,,
2026-08-23T02:35:22.272880+05:30,1319,81.8,236,593,590,5.1,22.5,,
2026-08-23T02:35:29.460594+05:30,1326,81.8,238,596,593,5.1,22.5,,
2026-08-23T02:35:36.603193+05:30,1326,81.8,238,596,593,5.1,22.5,,
2026-08-23T02:35:43.778194+05:30,1332,81.8,239,599,596,5.1,22.5,,
2026-08-23T02:35:50.942543+05:30,1326,81.8,238,596,593,5.1,22.5,,
2026-08-23T02:35:58.323022+05:30,1326,81.8,238,596,593,5.1,22.5,,
2026-08-23T02:36:05.485670+05:30,1326,81.8,238,596,593,5.1,22.5,,
2026-08-23T02:36:12.681720+05:30,1332,81.8,239,599,596,5.1,22.5,,
2026-08-23T02:36:19.825578+05:30,1326,81.8,238,596,593,5.1,22.5,,
2026-08-23T02:36:27.194867+05:30,1326,81.8,238,596,593,5.1,22.5,,
2026-08-23T02:36:34.564630+05:30,1319,81.8,236,593,590,5.1,22.5,,
2026-08-23T02:36:41.737387+05:30,1339,81.8,241,603,599,5.2,22.5,,
2026-08-23T02:36:49.105923+05:30,1326,81.8,238,596,593,5.2,22.5,,
2026-08-23T02:36:56.273106+05:30,1326,81.8,238,596,593,5.2,22.5,,
2026-08-23T02:37:03.495331+05:30,1313,81.8,235,590,587,5.2,22.5,,
2026-08-23T02:37:10.609118+05:30,1319,81.8,236,593,590,5.2,22.5,,
2026-08-23T02:37:17.984105+05:30,1319,81.8,236,593,590,5.2,22.5,,
2026-08-23T02:37:25.150530+05:30,1326,81.8,238,596,593,5.2,22.5,,
2026-08-23T02:37:32.316255+05:30,1326,81.8,238,596,593,5.1,22.5,,
2026-08-23T02:37:39.518677+05:30,1326,81.8,238,596,593,5.1,22.5,,
2026-08-23T02:37:46.685461+05:30,1326,81.8,238,596,593,5.2,22.5,,
2026-08-23T02:37:54.251446+05:30,1326,81.8,238,596,593,5.2,22.5,,
2026-08-23T02:38:01.609027+05:30,1319,81.8,236,593,590,5.1,22.5,,
2026-08-23T02:38:08.772673+05:30,1319,81.8,236,593,590,5.1,22.5,,
2026-08-23T02:38:15.981759+05:30,1319,81.8,236,593,590,5.2,22.5,,
2026-08-23T02:38:23.329013+05:30,1332,81.8,239,599,596,5.2,22.5,,
2026-08-23T02:38:30.515617+05:30,1326,81.8,238,596,593,5.2,22.5,,
2026-08-23T02:38:54.649316+05:30,1326,81.8,238,596,593,5.2,22.6,,
2026-08-23T02:38:56.696681+05:30,1319,81.8,236,593,590,5.2,22.6,,
2026-08-23T02:39:03.865740+05:30,1326,81.8,238,596,593,5.2,22.6,,
2026-08-23T02:39:11.038985+05:30,1326,81.8,238,596,593,5.2,22.6,,
2026-08-23T02:39:18.198880+05:30,1332,82.2,239,599,596,5.2,22.6,,
2026-08-23T02:39:25.408706+05:30,1326,81.8,238,596,593,5.2,22.6,,
2026-08-23T02:39:32.541954+05:30,1332,81.8,239,599,596,5.2,22.6,,
2026-08-23T02:39:39.912949+05:30,1326,81.8,238,596,593,5.2,22.6,,
2026-08-23T02:39:47.078569+05:30,1319,81.8,236,593,590,5.2,22.6,,
2026-08-23T02:39:54.253859+05:30,1326,81.8,238,596,593,5.2,22.6,,
2026-08-23T02:40:01.421975+05:30,1332,81.8,239,599,596,5.2,22.6,,
2026-08-23T02:40:08.585052+05:30,1326,81.8,238,596,593,5.2,22.6,,
2026-08-23T02:40:15.955967+05:30,1332,81.8,239,599,596,5.2,22.6,,
2026-08-23T02:40:23.333094+05:30,1326,81.8,238,596,593,5.2,22.6,,
2026-08-23T02:40:30.712913+05:30,1319,81.8,236,593,590,5.2,22.7,,
2026-08-23T02:40:37.873023+05:30,1326,81.8,238,596,593,5.2,22.7,,
2026-08-23T02:40:45.248979+05:30,1326,81.8,238,596,593,5.2,22.7,,
2026-08-23T02:40:52.410099+05:30,1326,81.8,238,596,593,5.2,22.7,,
2026-08-23T02:40:59.604587+05:30,1326,81.8,238,596,593,5.2,22.7,,
2026-08-23T02:41:06.745335+05:30,1326,81.8,238,596,593,5.2,22.7,,
2026-08-23T02:41:14.153691+05:30,1332,81.8,239,599,596,5.2,22.7,,
2026-08-23T02:41:21.310905+05:30,1326,81.8,238,596,593,5.2,22.7,,
2026-08-23T02:41:28.452377+05:30,1326,81.8,238,596,593,5.2,22.7,,
2026-08-23T02:41:35.625802+05:30,1326,81.8,238,596,593,5.2,22.7,,
2026-08-23T02:41:42.997792+05:30,1319,81.8,236,593,590,5.2,22.7,,
2026-08-23T02:41:50.167368+05:30,1332,81.8,239,599,596,5.2,22.7,,
2026-08-23T02:41:57.540550+05:30,1326,81.8,238,596,593,5.2,22.7,,
2026-08-23T02:42:04.708564+05:30,1339,81.8,241,603,599,5.2,22.7,,
2026-08-23T02:42:12.081955+05:30,1319,81.8,236,593,590,5.2,22.8,,
2026-08-23T02:42:19.464468+05:30,1332,82.2,239,599,596,5.2,22.7,,
2026-08-23T02:42:26.618040+05:30,1332,81.8,239,599,596,5.2,22.8,,
2026-08-23T02:42:33.790441+05:30,1326,81.8,238,596,593,5.2,22.8,,
2026-08-23T02:42:40.955941+05:30,1345,81.8,242,605,602,5.2,22.8,,
2026-08-23T02:42:48.122041+05:30,1326,81.8,238,596,593,5.2,22.8,,
2026-08-23T02:42:55.296953+05:30,1332,81.8,239,599,596,5.2,22.8,,
2026-08-23T02:43:02.465521+05:30,1326,81.8,238,596,593,5.2,22.8,,
2026-08-23T02:43:09.625656+05:30,1339,81.8,241,603,599,5.2,22.8,,
2026-08-23T02:43:19.913470+05:30,1332,81.8,239,599,596,5.2,22.8,,
2026-08-23T02:43:27.041681+05:30,1339,81.8,241,603,599,5.2,22.8,,
2026-08-23T02:43:34.238821+05:30,1339,81.8,241,603,599,5.2,22.8,,
2026-08-23T02:43:41.409131+05:30,1319,81.8,236,593,590,5.2,22.8,,
2026-08-23T02:43:48.545304+05:30,1326,81.8,238,596,593,5.2,22.8,,
2026-08-23T02:43:55.712552+05:30,1326,81.8,238,596,593,5.2,22.9,,
2026-08-23T02:44:02.881904+05:30,1339,81.8,241,603,599,5.2,22.8,,
2026-08-23T02:44:12.914530+05:30,1339,81.8,241,603,599,5.2,22.9,,
2026-08-23T02:44:20.288648+05:30,1332,81.8,239,599,596,5.2,22.9,,
2026-08-23T02:44:27.474043+05:30,1339,81.8,241,603,599,5.2,22.9,,
2026-08-23T02:44:34.628328+05:30,1339,81.8,241,603,599,5.2,22.9,,
2026-08-23T02:44:41.786531+05:30,1339,81.8,241,603,599,5.2,22.9,,
2026-08-23T02:44:48.957746+05:30,1332,81.8,239,599,596,5.2,22.9,,
2026-08-23T02:44:56.121608+05:30,1339,81.8,241,603,599,5.2,22.9,,
2026-08-23T02:45:03.501602+05:30,1339,81.8,241,603,599,5.2,23.0,,
2026-08-23T02:45:10.669538+05:30,1339,81.8,241,603,599,5.2,23.0,,
2026-08-23T02:45:17.862006+05:30,1313,81.8,235,590,587,5.2,23.0,,
2026-08-23T02:45:25.207055+05:30,1326,81.8,238,596,593,5.2,23.0,,
2026-08-23T02:45:32.369671+05:30,1339,81.8,241,603,599,5.2,23.0,,
2026-08-23T02:45:39.953513+05:30,1339,81.8,241,603,599,5.2,23.0,,
2026-08-23T02:45:47.325370+05:30,1339,81.8,241,603,599,5.2,23.0,,
2026-08-23T02:45:54.704896+05:30,1332,81.8,239,599,596,5.2,23.0,,
2026-08-23T02:46:01.872810+05:30,1332,81.8,239,599,596,5.2,23.0,,
2026-08-23T02:46:09.443915+05:30,1345,81.8,242,605,602,5.2,23.0,,
2026-08-23T02:46:16.610857+05:30,1339,81.8,241,603,599,5.2,23.0,,
2026-08-23T02:46:23.779815+05:30,1339,81.8,241,603,599,5.2,23.1,,
2026-08-23T02:46:31.149753+05:30,1351,81.8,243,608,605,5.2,23.1,,
2026-08-23T02:46:38.321110+05:30,1339,81.8,241,603,599,5.2,23.1,,
2026-08-23T02:46:45.487748+05:30,1332,81.8,239,599,596,5.2,23.1,,
2026-08-23T02:46:52.654788+05:30,1339,81.8,241,603,599,5.2,23.1,,
2026-08-23T02:46:59.837241+05:30,1326,81.8,238,596,593,5.2,23.1,,
2026-08-23T02:47:06.992974+05:30,1339,82.2,241,603,599,5.2,23.1,,
2026-08-23T02:47:14.158664+05:30,1339,81.8,241,603,599,5.2,23.1,,
2026-08-23T02:47:21.328802+05:30,1332,81.8,239,599,596,5.2,23.1,,
2026-08-23T02:47:28.496028+05:30,1345,81.8,242,605,602,5.2,23.1,,
2026-08-23T02:47:35.873141+05:30,1345,81.8,242,605,602,5.2,23.2,,
2026-08-23T02:47:43.039110+05:30,1332,82.2,239,599,596,5.2,23.2,,
2026-08-23T02:47:50.217479+05:30,1351,82.6,243,608,605,5.2,23.2,,
2026-08-23T02:47:57.379045+05:30,1351,81.8,243,608,605,5.2,23.2,,
2026-08-23T02:48:04.746140+05:30,1345,82.2,242,605,602,5.2,23.2,,
2026-08-23T02:48:12.120058+05:30,1339,81.8,241,603,599,5.2,23.2,,
2026-08-23T02:48:19.293321+05:30,1339,81.8,241,603,599,5.2,23.2,,
2026-08-23T02:48:26.512340+05:30,1339,82.2,241,603,599,5.2,23.2,,
2026-08-23T02:48:33.628027+05:30,1339,82.2,241,603,599,5.2,23.2,,
2026-08-23T02:48:40.996135+05:30,1339,82.2,241,603,599,5.2,23.2,,
2026-08-23T02:48:48.164929+05:30,1345,82.2,242,605,602,5.2,23.2,,
2026-08-23T02:48:55.331777+05:30,1345,82.2,242,605,602,5.2,23.2,,
2026-08-23T02:49:02.507745+05:30,1351,82.2,243,608,605,5.2,23.2,,
2026-08-23T02:49:09.667594+05:30,1345,82.2,242,605,602,5.2,23.3,,
2026-08-23T02:49:16.836748+05:30,1345,82.2,242,605,602,5.2,23.3,,
2026-08-23T02:49:24.000516+05:30,1345,82.2,242,605,602,5.2,23.3,,
2026-08-23T02:49:31.179142+05:30,1339,82.2,241,603,599,5.2,23.3,,
2026-08-23T02:49:38.346997+05:30,1351,82.2,243,608,605,5.2,23.3,,
2026-08-23T02:49:48.577189+05:30,1351,82.2,243,608,605,5.2,23.3,,
2026-08-23T02:49:55.753173+05:30,1345,81.8,242,605,602,5.2,23.3,,
2026-08-23T02:50:02.915965+05:30,1345,82.6,242,605,602,5.2,23.3,,
2026-08-23T02:50:10.090324+05:30,1345,82.2,242,605,602,5.2,23.4,,
2026-08-23T02:50:17.245219+05:30,1345,82.2,242,605,602,5.1,23.4,,
2026-08-23T02:50:24.422802+05:30,1345,82.2,242,605,602,5.1,23.4,,
2026-08-23T02:50:31.589351+05:30,1345,82.2,242,605,602,5.2,23.4,,
2026-08-23T02:50:38.757569+05:30,1351,82.2,243,608,605,5.1,23.4,,
2026-08-23T02:50:46.338540+05:30,1345,82.2,242,605,602,5.1,23.4,,
2026-08-23T02:50:53.509523+05:30,1351,82.2,243,608,605,5.1,23.4,,
2026-08-23T02:51:00.674255+05:30,1358,82.2,244,612,609,5.1,23.4,,
2026-08-23T02:51:07.877444+05:30,1351,82.2,243,608,605,5.1,23.4,,
2026-08-23T02:51:15.011793+05:30,1351,82.2,243,608,605,5.1,23.4,,
2026-08-23T02:51:22.181650+05:30,1351,82.2,243,608,605,5.1,23.4,,
2026-08-23T02:51:29.346747+05:30,1358,82.2,244,612,609,5.1,23.4,,
2026-08-23T02:51:36.515520+05:30,1351,82.6,243,608,605,5.1,23.4,,
2026-08-23T02:51:43.683075+05:30,1351,82.6,243,608,605,5.1,23.4,,
2026-08-23T02:51:51.058529+05:30,1351,82.6,243,608,605,5.2,23.5,,
2026-08-23T02:51:58.229918+05:30,1351,82.6,243,608,605,5.2,23.5,,
2026-08-23T02:52:05.601595+05:30,1351,82.2,243,608,605,5.2,23.5,,
2026-08-23T02:52:12.763245+05:30,1358,82.9,244,612,609,5.2,23.5,,
2026-08-23T02:52:19.936803+05:30,1351,82.2,243,608,605,5.2,23.5,,
2026-08-23T02:52:27.096972+05:30,1351,82.6,243,608,605,5.2,23.5,,
2026-08-23T02:52:34.268468+05:30,1358,82.6,244,612,609,5.2,23.5,,
2026-08-23T02:52:41.437561+05:30,1364,82.6,246,615,611,5.2,23.5,,
2026-08-23T02:52:48.611639+05:30,1351,83.3,243,608,605,5.2,23.5,,
2026-08-23T02:52:55.980164+05:30,1351,82.6,243,608,605,5.2,23.5,,
2026-08-23T02:53:03.149396+05:30,1358,82.6,244,612,609,5.2,23.6,,
2026-08-23T02:53:10.519913+05:30,1351,82.6,243,608,605,5.2,23.6,,
2026-08-23T02:53:17.684143+05:30,1364,82.9,246,615,611,5.2,23.6,,
2026-08-23T02:53:24.856125+05:30,1358,82.6,244,612,609,5.2,23.6,,
2026-08-23T02:53:32.023642+05:30,1345,82.6,242,605,602,5.2,23.6,,
2026-08-23T02:53:39.198731+05:30,1358,82.6,244,612,609,5.2,23.6,,
2026-08-23T02:53:46.563116+05:30,1351,82.6,243,608,605,5.2,23.6,,
2026-08-23T02:53:53.729022+05:30,1358,82.2,244,612,609,5.2,23.6,,
2026-08-23T02:54:00.902756+05:30,1351,82.6,243,608,605,5.2,23.6,,
2026-08-23T02:54:08.067798+05:30,1358,82.6,244,612,609,5.2,23.6,,
2026-08-23T02:54:15.338872+05:30,1351,82.6,243,608,605,5.2,23.6,,
2026-08-23T02:54:22.508944+05:30,1358,82.6,244,612,609,5.2,23.7,,
2026-08-23T02:54:29.671891+05:30,1351,82.6,243,608,605,5.2,23.7,,
2026-08-23T02:54:36.838997+05:30,1364,82.6,246,615,611,5.2,23.7,,
2026-08-23T02:54:44.005951+05:30,1364,82.9,246,615,611,5.2,23.7,,
2026-08-23T02:54:51.386034+05:30,1370,82.6,247,617,614,5.2,23.7,,
2026-08-23T02:54:58.550896+05:30,1364,82.6,246,615,611,5.2,23.7,,
2026-08-23T02:55:05.719115+05:30,1364,82.9,246,615,611,5.2,23.7,,
2026-08-23T02:55:12.888700+05:30,1364,82.6,246,615,611,5.2,23.7,22.513328,88.410147
2026-08-23T02:55:20.062002+05:30,1364,82.6,246,615,611,5.2,23.8,22.513233,88.410245
2026-08-23T02:55:27.223470+05:30,1364,82.9,246,615,611,5.2,23.8,22.513351,88.410006
2026-08-23T02:55:34.392033+05:30,1358,82.9,244,612,609,5.2,23.8,22.513513,88.409572
2026-08-23T02:55:41.559879+05:30,1358,82.9,244,612,609,5.2,23.8,22.513534,88.409528
2026-08-23T02:55:48.727849+05:30,1370,82.9,247,617,614,5.2,23.8,22.513527,88.409516
2026-08-23T02:55:56.101044+05:30,1370,82.9,247,617,614,5.2,23.8,22.513453,88.409616
2026-08-23T02:56:03.266252+05:30,1370,82.9,247,617,614,5.2,23.8,22.513405,88.409708
2026-08-23T02:56:10.453854+05:30,1370,82.9,247,617,614,5.2,23.8,,
2026-08-23T02:56:17.608114+05:30,1370,82.6,247,617,614,5.2,23.8,,
2026-08-23T02:56:24.778087+05:30,1364,82.9,246,615,611,5.2,23.8,,
2026-08-23T02:56:31.941748+05:30,1370,82.9,247,617,614,5.2,23.8,,
2026-08-23T02:56:39.112742+05:30,1364,82.9,246,615,611,5.2,23.8,,
2026-08-23T02:56:46.273200+05:30,1358,82.9,244,612,609,5.2,23.8,,
2026-08-23T02:56:53.438076+05:30,1370,82.9,247,617,614,5.2,23.9,22.513496,88.409809
2026-08-23T02:57:00.822951+05:30,1370,82.9,247,617,614,5.2,23.9,22.513393,88.409894
2026-08-23T02:57:07.989470+05:30,1377,82.9,248,621,618,5.2,23.9,22.51329,88.409949
2026-08-23T02:57:15.156760+05:30,1370,82.9,247,617,614,5.2,23.9,22.513254,88.409972
2026-08-23T02:57:22.317158+05:30,1370,82.9,247,617,614,5.2,23.9,22.513181,88.410004
2026-08-23T02:57:29.492221+05:30,1364,82.9,246,615,611,5.2,23.9,22.513101,88.410051
2026-08-23T02:57:36.760078+05:30,1370,82.9,247,617,614,5.2,23.9,22.513063,88.410061
2026-08-23T02:57:43.925922+05:30,1370,83.3,247,617,614,5.2,23.9,22.513061,88.410015
2026-08-23T02:57:51.301816+05:30,1377,82.9,248,621,618,5.2,23.9,22.513093,88.410024
2026-08-23T02:57:58.674538+05:30,1370,82.9,247,617,614,5.2,23.9,22.513077,88.410054
2026-08-23T02:58:06.053946+05:30,1370,83.3,247,617,614,5.2,23.9,22.513084,88.410051
2026-08-23T02:58:13.215465+05:30,1370,83.3,247,617,614,5.2,23.9,,
2026-08-23T02:58:20.380944+05:30,1364,82.9,246,615,611,5.2,24.0,22.513264,88.410046
2026-08-23T02:58:27.554153+05:30,1364,83.3,246,615,611,5.2,24.0,22.513268,88.409953
2026-08-23T02:58:34.717341+05:30,1370,82.9,247,617,614,5.2,24.0,22.513355,88.409908
2026-08-23T02:58:41.885813+05:30,1370,83.3,247,617,614,5.2,24.0,22.513385,88.40993
2026-08-23T02:58:49.260274+05:30,1370,83.3,247,617,614,5.2,24.0,22.513499,88.409876
2026-08-23T02:58:56.428446+05:30,1364,83.3,246,615,611,5.2,24.0,22.51364,88.409805
2026-08-23T02:59:03.599469+05:30,1377,82.9,248,621,618,5.2,24.0,22.513629,88.409762
2026-08-23T02:59:10.969755+05:30,1370,83.3,247,617,614,5.2,24.0,22.513608,88.409724
2026-08-23T02:59:18.136776+05:30,1377,83.3,248,621,618,5.2,24.0,22.513609,88.409724
2026-08-23T02:59:25.518146+05:30,1377,83.3,248,621,618,5.2,24.1,22.513535,88.409753
2026-08-23T02:59:32.676211+05:30,1383,83.3,250,624,621,5.2,24.1,22.513483,88.409786
2026-08-23T02:59:39.844604+05:30,1377,83.3,248,621,618,5.2,24.1,22.513442,88.40981
2026-08-23T02:59:50.089904+05:30,1377,83.3,248,621,618,5.2,24.1,22.513751,88.409604
2026-08-23T02:59:57.259224+05:30,1370,83.3,247,617,614,5.2,24.1,22.513707,88.409639
2026-08-23T03:00:04.422234+05:30,1383,83.3,250,624,621,5.2,24.1,22.513632,88.409689
2026-08-23T03:00:11.795047+05:30,1377,83.3,248,621,618,5.2,24.1,22.513536,88.409757
2026-08-23T03:00:18.963801+05:30,1383,82.9,250,624,621,5.2,24.1,22.51344,88.409811
2026-08-23T03:00:26.130036+05:30,1383,83.3,250,624,621,5.2,24.1,22.51331,88.409879
2026-08-23T03:00:33.297178+05:30,1377,83.3,248,621,618,5.2,24.1,22.513234,88.409918
2026-08-23T03:00:40.464526+05:30,1377,83.3,248,621,618,5.2,24.2,22.513214,88.409927
2026-08-23T03:00:47.631512+05:30,1383,83.3,250,624,621,5.2,24.2,22.513198,88.409946
2026-08-23T03:00:54.802006+05:30,1383,83.3,250,624,621,5.2,24.2,22.513209,88.409946
2026-08-23T03:01:01.971286+05:30,1390,83.3,251,627,624,5.2,24.2,22.513231,88.409931
2026-08-23T03:01:09.154782+05:30,1377,83.3,248,621,618,5.2,24.2,22.51327,88.409909
2026-08-23T03:01:16.512704+05:30,1377,83.3,248,621,618,5.2,24.2,22.513288,88.409922
2026-08-23T03:01:23.679780+05:30,1383,83.3,250,624,621,5.2,24.2,22.513292,88.409914
2026-08-23T03:01:32.867850+05:30,1383,83.3,250,624,621,5.2,24.2,22.513316,88.409885
2026-08-23T03:01:40.071636+05:30,1377,83.3,248,621,618,5.2,24.2,22.513356,88.409879
2026-08-23T03:01:47.229796+05:30,1383,83.3,250,624,621,5.2,24.2,22.513364,88.409867
2026-08-23T03:01:54.401783+05:30,1383,83.3,250,624,621,5.2,24.2,22.513342,88.409878
2026-08-23T03:02:04.843961+05:30,1370,83.3,247,617,614,5.2,24.2,22.513329,88.409871
2026-08-23T03:02:12.008844+05:30,1390,83.3,251,627,624,5.2,24.2,22.513341,88.409827
2026-08-23T03:02:19.383171+05:30,1383,83.3,250,624,621,5.2,24.3,22.513351,88.4098
2026-08-23T03:02:26.552100+05:30,1370,83.3,247,617,614,5.2,24.3,22.513353,88.409802
2026-08-23T03:02:33.722118+05:30,1383,83.3,250,624,621,5.2,24.3,22.513367,88.409798
2026-08-23T03:02:40.888925+05:30,1377,83.3,248,621,618,5.2,24.3,22.513392,88.409799
2026-08-23T03:02:51.177905+05:30,1383,83.3,250,624,621,5.2,24.3,22.513393,88.40977
2026-08-23T03:03:01.394472+05:30,1383,83.3,250,624,621,5.2,24.3,22.513409,88.409691
2026-08-23T03:03:08.537347+05:30,1383,83.3,250,624,621,5.2,24.3,22.513388,88.409684
2026-08-23T03:03:15.709572+05:30,1396,83.3,252,630,627,5.2,24.3,22.513362,88.40966
2026-08-23T03:03:23.079563+05:30,1396,83.3,252,630,627,5.2,24.3,22.513378,88.409649
2026-08-23T03:03:30.246995+05:30,1396,83.3,252,630,627,5.2,24.4,22.513341,88.409678
2026-08-23T03:03:37.416710+05:30,1390,83.3,251,627,624,5.2,24.4,22.513362,88.409685
2026-08-23T03:03:44.890484+05:30,1383,83.3,250,624,621,5.2,24.4,22.513382,88.409711
2026-08-23T03:03:51.955434+05:30,1390,83.3,251,627,624,5.2,24.4,22.513362,88.409703
2026-08-23T03:03:59.125149+05:30,1390,83.3,251,627,624,5.2,24.4,22.513403,88.409676
2026-08-23T03:04:06.291708+05:30,1383,83.3,250,624,621,5.2,24.5,22.513418,88.409693
2026-08-23T03:04:13.463549+05:30,1383,83.3,250,624,621,5.2,24.5,22.513433,88.409699
2026-08-23T03:04:20.631153+05:30,1383,83.7,250,624,621,5.2,24.5,22.513424,88.409713
2026-08-23T03:04:28.000184+05:30,1396,83.3,252,630,627,5.2,24.5,22.513432,88.409727
2026-08-23T03:04:35.165723+05:30,1383,83.3,250,624,621,5.2,24.5,22.51342,88.409725
2026-08-23T03:04:42.340828+05:30,1390,83.3,251,627,624,5.2,24.5,22.513441,88.409686
2026-08-23T03:04:49.507484+05:30,1409,83.3,255,636,633,5.2,24.5,22.513441,88.409686
2026-08-23T03:04:56.671466+05:30,1390,83.7,251,627,624,5.2,24.5,,
2026-08-23T03:05:03.837390+05:30,1383,83.3,250,624,621,5.2,24.5,,
2026-08-23T03:05:11.011915+05:30,1396,83.7,252,630,627,5.2,24.5,,
2026-08-23T03:05:18.177741+05:30,1396,83.3,252,630,627,5.2,24.5,,
2026-08-23T03:05:25.344696+05:30,1396,83.7,252,630,627,5.2,24.5,,
2026-08-23T03:05:32.718408+05:30,1390,83.3,251,627,624,5.2,24.5,,
2026-08-23T03:05:39.885526+05:30,1396,83.3,252,630,627,5.1,24.6,,
2026-08-23T03:05:47.260920+05:30,1402,83.7,254,633,630,5.1,24.5,22.513392,88.409756
2026-08-23T03:05:54.427259+05:30,1390,83.7,251,627,624,5.1,24.6,22.513428,88.409717
2026-08-23T03:06:01.589819+05:30,1396,83.7,252,630,627,5.1,24.6,22.513456,88.409711
2026-08-23T03:06:08.967496+05:30,1390,83.3,251,627,624,5.1,24.6,22.513504,88.409729
2026-08-23T03:06:16.134439+05:30,1390,83.3,251,627,624,5.2,24.6,,
2026-08-23T03:06:23.304097+05:30,1396,84.0,252,630,627,5.2,24.6,,
2026-08-23T03:06:30.472279+05:30,1383,83.7,250,624,621,5.2,24.6,22.51357,88.409726
2026-08-23T03:06:37.848501+05:30,1396,83.7,252,630,627,5.2,24.6,22.513549,88.409765
2026-08-23T03:06:45.011716+05:30,1390,83.7,251,627,624,5.2,24.6,,
2026-08-23T03:06:52.180510+05:30,1402,83.7,254,633,630,5.2,24.6,22.513434,88.409808
2026-08-23T03:06:59.554236+05:30,1402,83.3,254,633,630,5.2,24.6,,
2026-08-23T03:07:06.721909+05:30,1402,83.7,254,633,630,5.2,24.6,22.513198,88.409567
2026-08-23T03:07:13.894942+05:30,1402,83.7,254,633,630,5.2,24.7,22.513252,88.40962
2026-08-23T03:07:21.057566+05:30,1396,83.3,252,630,627,5.2,24.7,,
2026-08-23T03:07:28.225581+05:30,1402,83.7,254,633,630,5.2,24.7,,
2026-08-23T03:07:35.393363+05:30,1402,83.7,254,633,630,5.2,24.7,,
2026-08-23T03:07:42.867827+05:30,1402,83.7,254,633,630,5.2,24.7,,
2026-08-23T03:07:50.143679+05:30,1396,83.7,252,630,627,5.2,24.7,22.513896,88.4098
2026-08-23T03:07:57.308966+05:30,1396,83.7,252,630,627,5.2,24.7,22.51368,88.409879
2026-08-23T03:08:04.475790+05:30,1396,83.7,252,630,627,5.2,24.7,,
2026-08-23T03:08:11.644697+05:30,1396,83.7,252,630,627,5.2,24.7,22.513582,88.409864
2026-08-23T03:08:18.811210+05:30,1402,83.7,254,633,630,5.2,24.7,,
2026-08-23T03:08:25.975249+05:30,1409,83.7,255,636,633,5.2,24.8,22.513484,88.409873
2026-08-23T03:08:33.150080+05:30,1390,83.7,251,627,624,5.2,24.8,22.513513,88.409941
2026-08-23T03:08:40.638203+05:30,1409,83.7,255,636,633,5.2,24.8,22.513478,88.410025
2026-08-23T03:08:47.687394+05:30,1402,83.7,254,633,630,5.2,24.8,22.513439,88.409989
2026-08-23T03:08:54.852822+05:30,1402,83.7,254,633,630,5.2,24.8,,
2026-08-23T03:09:02.021170+05:30,1396,83.7,252,630,627,5.2,24.8,22.513314,88.409908
2026-08-23T03:09:09.192653+05:30,1409,83.7,255,636,633,5.2,24.8,22.513359,88.409814
2026-08-23T03:09:16.461955+05:30,1402,83.7,254,633,630,5.2,24.8,22.513324,88.409795
2026-08-23T03:09:23.630229+05:30,1402,83.7,254,633,630,5.2,24.8,22.513324,88.409738
2026-08-23T03:09:30.800059+05:30,1402,84.0,254,633,630,5.2,24.8,22.513267,88.409744
2026-08-23T03:09:38.179100+05:30,1402,83.7,254,633,630,5.2,24.8,22.513294,88.409745
2026-08-23T03:09:45.954867+05:30,1409,84.0,255,636,633,5.2,24.8,,
2026-08-23T03:09:53.123571+05:30,1402,83.7,254,633,630,5.2,24.8,22.51333,88.40975
2026-08-23T03:10:00.293103+05:30,1415,83.7,256,639,636,5.2,24.8,22.513431,88.409685
2026-08-23T03:10:07.458415+05:30,1402,84.0,254,633,630,5.2,24.8,22.513609,88.409553
2026-08-23T03:10:14.631166+05:30,1402,84.0,254,633,630,5.2,24.8,22.513562,88.409597
2026-08-23T03:10:21.796411+05:30,1409,84.0,255,636,633,5.2,24.9,22.513473,88.409698
2026-08-23T03:10:28.963796+05:30,1402,84.0,254,633,630,5.2,24.9,22.513433,88.409743
2026-08-23T03:10:36.129659+05:30,1409,84.0,255,636,633,5.2,24.9,22.513402,88.409767
2026-08-23T03:10:43.507789+05:30,1409,84.0,255,636,633,5.2,24.9,22.513396,88.409754
2026-08-23T03:10:53.246150+05:30,1409,84.0,255,636,633,5.2,24.9,22.513384,88.409774
2026-08-23T03:11:00.406399+05:30,1415,84.0,256,639,636,5.2,24.9,22.513405,88.409756
2026-08-23T03:11:07.571133+05:30,1396,84.0,252,630,627,5.2,24.9,22.513382,88.409792
2026-08-23T03:11:14.840078+05:30,1409,84.2,255,636,633,5.2,24.9,22.513359,88.409811
2026-08-23T03:11:22.029378+05:30,1409,83.7,255,636,633,5.2,24.9,22.513335,88.409837
2026-08-23T03:11:29.177429+05:30,1402,84.0,254,633,630,5.2,24.9,22.51332,88.409858
2026-08-23T03:11:36.344301+05:30,1415,84.0,256,639,636,5.2,24.9,22.51331,88.40987
2026-08-23T03:11:43.718042+05:30,1402,84.0,254,633,630,5.2,24.9,22.513276,88.409909
2026-08-23T03:11:51.701553+05:30,1409,84.0,255,636,633,5.2,25.0,,
2026-08-23T03:11:58.869661+05:30,1409,84.0,255,636,633,5.2,24.9,,
2026-08-23T03:12:06.043257+05:30,1409,84.0,255,636,633,5.2,25.0,22.513288,88.409843
2026-08-23T03:12:13.208729+05:30,1409,84.0,255,636,633,5.2,25.0,22.513285,88.409832
2026-08-23T03:12:20.377187+05:30,1409,84.0,255,636,633,5.2,25.0,22.513264,88.40986
2026-08-23T03:12:27.542583+05:30,1421,84.0,258,642,639,5.2,25.0,22.513286,88.409848
2026-08-23T03:12:34.711253+05:30,1415,84.0,256,639,636,5.2,25.0,22.513216,88.409931
2026-08-23T03:12:41.877985+05:30,1415,84.0,256,639,636,5.2,25.0,22.513209,88.409949
2026-08-23T03:12:49.044832+05:30,1415,84.0,256,639,636,5.2,25.0,22.513215,88.409955
2026-08-23T03:12:56.418070+05:30,1409,84.4,255,636,633,5.2,25.0,22.513224,88.409949
2026-08-23T03:13:03.588770+05:30,1409,84.0,255,636,633,5.2,25.0,22.513221,88.409953
2026-08-23T03:13:10.861835+05:30,1409,84.2,255,636,633,5.2,25.0,22.513254,88.40992
2026-08-23T03:13:18.030556+05:30,1415,84.0,256,639,636,5.2,25.0,22.513247,88.409932
2026-08-23T03:13:25.293693+05:30,1409,84.2,255,636,633,5.2,25.0,22.513236,88.409934
2026-08-23T03:13:32.567928+05:30,1409,84.2,255,636,633,5.2,25.0,22.51321,88.409952
2026-08-23T03:13:40.149849+05:30,1402,84.2,254,633,630,5.2,25.0,22.513161,88.410007
2026-08-23T03:13:47.315029+05:30,1415,84.0,256,639,636,5.2,25.1,,
2026-08-23T03:13:54.477551+05:30,1415,84.2,256,639,636,5.2,25.0,22.513284,88.409908
2026-08-23T03:14:01.674179+05:30,1409,84.2,255,636,633,5.2,25.1,22.513327,88.409844
2026-08-23T03:14:08.817085+05:30,1421,84.2,258,642,639,5.2,25.1,22.51343,88.409727
2026-08-23T03:14:15.987028+05:30,1415,84.2,256,639,636,5.2,25.1,22.513382,88.40979
2026-08-23T03:14:23.255727+05:30,1415,84.0,256,639,636,5.2,25.1,22.513385,88.409778
2026-08-23T03:14:30.430841+05:30,1421,84.2,258,642,639,5.2,25.1,,
2026-08-23T03:14:37.591119+05:30,1421,84.2,258,642,639,5.2,25.1,22.51331,88.409824
2026-08-23T03:14:44.965225+05:30,1421,84.2,258,642,639,5.2,25.1,22.513417,88.409739
2026-08-23T03:14:52.132295+05:30,1421,84.4,258,642,639,5.2,25.1,22.513444,88.409737
2026-08-23T03:15:00.531471+05:30,1415,84.0,256,639,636,5.2,25.1,22.513429,88.409769
2026-08-23T03:15:07.698369+05:30,1421,84.2,258,642,639,5.2,25.1,22.513434,88.409752
2026-08-23T03:15:14.970440+05:30,1415,84.2,256,639,636,5.2,25.2,22.513429,88.409758
2026-08-23T03:15:22.139748+05:30,1415,84.2,256,639,636,5.2,25.2,22.513378,88.409792
2026-08-23T03:15:29.302688+05:30,1415,84.2,256,639,636,5.2,25.2,22.513339,88.409814
2026-08-23T03:15:36.471881+05:30,1415,84.0,256,639,636,5.2,25.2,22.513312,88.409837
2026-08-23T03:15:43.844487+05:30,1421,84.2,258,642,639,5.2,25.2,22.513326,88.409822
2026-08-23T03:15:51.429093+05:30,1421,84.2,258,642,639,5.2,25.2,,
2026-08-23T03:15:58.593087+05:30,1421,84.2,258,642,639,5.2,25.2,22.513391,88.409735
2026-08-23T03:16:05.757757+05:30,1421,84.2,258,642,639,5.2,25.2,22.513406,88.409709
2026-08-23T03:16:12.928870+05:30,1421,84.2,258,642,639,5.2,25.2,22.513431,88.409677
2026-08-23T03:16:20.301794+05:30,1421,84.2,258,642,639,5.2,25.2,22.51355,88.409557
2026-08-23T03:16:27.467038+05:30,1415,84.2,256,639,636,5.2,25.2,22.513558,88.40955
2026-08-23T03:16:34.634815+05:30,1428,84.2,259,645,643,5.2,25.2,22.513441,88.409684
2026-08-23T03:16:41.802113+05:30,1415,84.2,256,639,636,5.2,25.2,22.513415,88.409714
2026-08-23T03:16:48.993735+05:30,1428,84.2,259,645,643,5.2,25.2,22.513181,88.409894
2026-08-23T03:16:56.346920+05:30,1421,84.2,258,642,639,5.2,25.2,22.513277,88.409823
2026-08-23T03:17:03.516925+05:30,1421,84.4,258,642,639,5.2,25.2,22.513352,88.409785
2026-08-23T03:17:10.584965+05:30,1421,84.2,258,642,639,5.2,25.2,22.513333,88.409803
2026-08-23T03:17:17.742886+05:30,1428,84.2,259,645,643,5.2,25.2,22.513359,88.409783
2026-08-23T03:17:24.919394+05:30,1428,84.4,259,645,643,5.2,25.2,22.513357,88.409775
2026-08-23T03:17:32.087328+05:30,1421,84.2,258,642,639,5.2,25.3,22.513361,88.409759
2026-08-23T03:17:39.248851+05:30,1428,84.2,259,645,643,5.2,25.3,22.513363,88.409748
2026-08-23T03:17:46.426282+05:30,1428,84.2,259,645,643,5.2,25.3,22.513106,88.409856
2026-08-23T03:17:53.791041+05:30,1428,84.4,259,645,643,5.2,25.3,22.513147,88.409811
2026-08-23T03:18:01.164104+05:30,1421,84.2,258,642,639,5.2,25.3,22.513262,88.409705
2026-08-23T03:18:08.332531+05:30,1434,84.4,260,648,645,5.2,25.3,22.513316,88.40965
2026-08-23T03:18:15.500285+05:30,1421,84.2,258,642,639,5.2,25.3,22.513364,88.409628
2026-08-23T03:18:22.905717+05:30,1421,84.2,258,642,639,5.2,25.3,22.513446,88.409621
2026-08-23T03:18:30.044947+05:30,1428,84.4,259,645,643,5.2,25.3,22.513412,88.409656
2026-08-23T03:18:37.209439+05:30,1428,84.4,259,645,643,5.2,25.3,22.513386,88.40972
2026-08-23T03:18:44.484529+05:30,1428,84.4,259,645,643,5.2,25.3,22.513387,88.409756
2026-08-23T03:18:51.748017+05:30,1434,84.4,260,648,645,5.2,25.3,,
2026-08-23T03:18:58.920573+05:30,1428,84.4,259,645,643,5.2,25.3,22.513421,88.409757
2026-08-23T03:19:06.087793+05:30,1428,84.4,259,645,643,5.2,25.3,22.513413,88.409721
2026-08-23T03:19:13.255144+05:30,1428,84.4,259,645,643,5.2,25.3,22.513476,88.409691
2026-08-23T03:19:20.527679+05:30,1447,84.4,263,655,652,5.2,25.3,22.513434,88.40969
2026-08-23T03:19:27.692262+05:30,1428,84.4,259,645,643,5.2,25.3,22.513348,88.409659
2026-08-23T03:19:34.866999+05:30,1421,84.4,258,642,639,5.2,25.3,,
2026-08-23T03:19:42.033412+05:30,1428,84.4,259,645,643,5.2,25.3,22.513289,88.409698
2026-08-23T03:19:49.199999+05:30,1428,84.4,259,645,643,5.2,25.3,22.513488,88.409577
2026-08-23T03:19:56.179907+05:30,1428,84.2,259,645,643,5.2,25.4,22.513441,88.409671
2026-08-23T03:20:03.338824+05:30,1421,84.4,258,642,639,5.2,25.4,,
2026-08-23T03:20:10.495864+05:30,1428,84.4,259,645,643,5.2,25.4,22.513328,88.409715
2026-08-23T03:20:17.663669+05:30,1441,84.4,262,652,649,5.2,25.4,22.513359,88.409688
2026-08-23T03:20:25.243802+05:30,1434,84.4,260,648,645,5.2,25.4,,
2026-08-23T03:20:32.412956+05:30,1428,84.4,259,645,643,5.2,25.4,22.513427,88.409671
2026-08-23T03:20:39.577084+05:30,1434,84.4,260,648,645,5.2,25.4,,
2026-08-23T03:20:46.744689+05:30,1434,84.4,260,648,645,5.2,25.4,22.513744,88.409393
2026-08-23T03:20:53.913192+05:30,1434,84.4,260,648,645,5.2,25.4,22.513872,88.409267
2026-08-23T03:21:01.081899+05:30,1421,84.2,258,642,639,5.2,25.4,22.514105,88.40911
2026-08-23T03:21:08.246414+05:30,1434,84.4,260,648,645,5.2,25.4,,
2026-08-23T03:21:15.434967+05:30,1434,84.4,260,648,645,5.2,25.4,,
2026-08-23T03:21:22.592961+05:30,1441,84.4,262,652,649,5.2,25.4,,
2026-08-23T03:21:29.955072+05:30,1434,84.4,260,648,645,5.2,25.4,22.515118,88.408227
2026-08-23T03:21:37.128890+05:30,1428,84.4,259,645,643,5.2,25.4,,
2026-08-23T03:21:44.398680+05:30,1428,84.4,259,645,643,5.2,25.4,,
2026-08-23T03:21:51.567253+05:30,1428,84.4,259,645,643,5.2,25.4,,
2026-08-23T03:21:58.735681+05:30,1428,84.4,259,645,643,5.2,25.5,,
2026-08-23T03:22:05.903735+05:30,1428,84.4,259,645,643,5.2,25.5,,
2026-08-23T03:22:13.071922+05:30,1428,84.4,259,645,643,5.2,25.5,,
2026-08-23T03:22:20.239041+05:30,1434,84.4,260,648,645,5.2,25.5,,
2026-08-23T03:22:27.414387+05:30,1434,84.4,260,648,645,5.2,25.5,22.513826,88.409269
2026-08-23T03:22:34.779437+05:30,1434,84.4,260,648,645,5.2,25.5,22.513703,88.409336
2026-08-23T03:22:41.948094+05:30,1428,84.4,259,645,643,5.2,25.5,,
2026-08-23T03:22:49.116097+05:30,1428,84.4,259,645,643,5.2,25.5,,
2026-08-23T03:22:56.301087+05:30,1441,84.4,262,652,649,5.2,25.5,,
2026-08-23T03:23:03.454798+05:30,1441,84.4,262,652,649,5.2,25.5,,
2026-08-23T03:23:10.632120+05:30,1434,84.4,260,648,645,5.2,25.5,22.512919,88.410113
2026-08-23T03:23:17.796700+05:30,1441,84.4,262,652,649,5.2,25.5,22.513009,88.410078
2026-08-23T03:23:24.953610+05:30,1434,84.4,260,648,645,5.2,25.5,22.513183,88.40995
2026-08-23T03:23:32.123006+05:30,1434,84.4,260,648,645,5.2,25.5,22.513337,88.409848
2026-08-23T03:23:39.499341+05:30,1441,84.4,262,652,649,5.2,25.5,22.513397,88.409804
2026-08-23T03:23:46.659938+05:30,1434,84.4,260,648,645,5.2,25.5,22.51348,88.409695
2026-08-23T03:23:53.830836+05:30,1434,84.4,260,648,645,5.2,25.5,22.513511,88.409592
2026-08-23T03:24:00.906400+05:30,1434,84.4,260,648,645,5.2,25.5,22.513575,88.409507
2026-08-23T03:24:08.063342+05:30,1434,84.4,260,648,645,5.2,25.5,22.513706,88.40941
2026-08-23T03:24:15.228292+05:30,1434,84.4,260,648,645,5.2,25.6,22.513707,88.409449
2026-08-23T03:24:22.402489+05:30,1434,84.4,260,648,645,5.2,25.6,22.513573,88.409539
2026-08-23T03:24:29.567905+05:30,1441,84.4,262,652,649,5.2,25.6,22.513472,88.409629
2026-08-23T03:24:36.732752+05:30,1441,84.4,262,652,649,5.2,25.6,,
2026-08-23T03:24:44.108793+05:30,1447,84.4,263,655,652,5.2,25.6,22.513442,88.409619
2026-08-23T03:24:51.279509+05:30,1441,84.4,262,652,649,5.2,25.6,22.513536,88.409639
2026-08-23T03:24:58.448106+05:30,1441,84.5,262,652,649,5.2,25.6,22.513638,88.409629
2026-08-23T03:25:05.611414+05:30,1434,84.4,260,648,645,5.2,25.6,22.513681,88.409572
2026-08-23T03:25:12.783500+05:30,1421,84.5,258,642,639,5.2,25.6,22.513652,88.40955
2026-08-23T03:25:19.955917+05:30,1434,84.5,260,648,645,5.2,25.6,,
2026-08-23T03:25:27.120731+05:30,1434,84.4,260,648,645,5.2,25.6,22.513552,88.409482
2026-08-23T03:25:34.286462+05:30,1434,84.5,260,648,645,5.2,25.6,,
2026-08-23T03:25:41.456340+05:30,1434,84.5,260,648,645,5.2,25.6,22.514213,88.409462
2026-08-23T03:25:48.826459+05:30,1434,84.5,260,648,645,5.2,25.6,,
2026-08-23T03:25:55.997496+05:30,1434,84.4,260,648,645,5.2,25.6,,
2026-08-23T03:26:03.161848+05:30,1447,84.4,263,655,652,5.2,25.6,,
2026-08-23T03:26:10.338005+05:30,1441,84.5,262,652,649,5.2,25.6,,
2026-08-23T03:26:17.502552+05:30,1434,84.5,260,648,645,5.2,25.6,,
2026-08-23T03:26:24.690478+05:30,1434,84.5,260,648,645,5.2,25.6,,
2026-08-23T03:26:31.837131+05:30,1434,84.5,260,648,645,5.2,25.7,,
2026-08-23T03:26:39.005818+05:30,1441,84.5,262,652,649,5.2,25.7,,
2026-08-23T03:26:46.173596+05:30,1428,84.5,259,645,643,5.2,25.7,,
2026-08-23T03:26:53.545116+05:30,1441,84.5,262,652,649,5.2,25.7,,
2026-08-23T03:27:00.715679+05:30,1441,84.5,262,652,649,5.2,25.7,,
2026-08-23T03:27:08.091561+05:30,1441,84.5,262,652,649,5.2,25.7,,
2026-08-23T03:27:15.255612+05:30,1441,84.9,262,652,649,5.2,25.7,,
2026-08-23T03:27:22.427079+05:30,1441,84.5,262,652,649,5.2,25.7,,
2026-08-23T03:27:29.594621+05:30,1441,84.4,262,652,649,5.2,25.7,,
2026-08-23T03:27:36.755017+05:30,1447,84.5,263,655,652,5.2,25.7,,
2026-08-23T03:27:43.927998+05:30,1441,84.5,262,652,649,5.2,25.7,,
2026-08-23T03:27:51.099175+05:30,1453,84.4,264,658,655,5.2,25.7,,
2026-08-23T03:27:58.468067+05:30,1434,84.5,260,648,645,5.2,25.7,,
2026-08-23T03:28:05.634802+05:30,1447,84.5,263,655,652,5.2,25.7,,
2026-08-23T03:28:12.803017+05:30,1441,84.5,262,652,649,5.2,25.7,,
2026-08-23T03:28:19.969107+05:30,1441,84.5,262,652,649,5.2,25.7,,
2026-08-23T03:28:27.137465+05:30,1434,84.5,260,648,645,5.2,25.7,,
2026-08-23T03:28:34.307262+05:30,1434,84.5,260,648,645,5.2,25.7,,
2026-08-23T03:28:41.481891+05:30,1447,84.5,263,655,652,5.2,25.7,,
2026-08-23T03:28:48.648632+05:30,1447,84.5,263,655,652,5.2,25.7,,
2026-08-23T03:28:55.813740+05:30,1434,84.5,260,648,645,5.2,25.7,,
2026-08-23T03:29:03.391558+05:30,1441,84.5,262,652,649,5.2,25.7,,
2026-08-23T03:29:10.763289+05:30,1441,84.5,262,652,649,5.2,25.7,,
2026-08-23T03:29:17.934688+05:30,1441,84.5,262,652,649,5.2,25.7,,
2026-08-23T03:29:25.102822+05:30,1441,84.7,262,652,649,5.2,25.8,,
2026-08-23T03:29:32.266178+05:30,1441,84.5,262,652,649,5.2,25.8,,
2026-08-23T03:29:39.453617+05:30,1447,84.5,263,655,652,5.2,25.8,,
2026-08-23T03:29:46.600579+05:30,1447,84.9,263,655,652,5.2,25.8,,
2026-08-23T03:29:53.769401+05:30,1447,84.5,263,655,652,5.2,25.8,,
2026-08-23T03:30:00.945671+05:30,1441,84.7,262,652,649,5.2,25.8,,
2026-08-23T03:30:08.107182+05:30,1447,84.5,263,655,652,5.2,25.8,,
2026-08-23T03:30:15.479997+05:30,1447,84.7,263,655,652,5.2,25.8,,
2026-08-23T03:30:22.647787+05:30,1441,84.7,262,652,649,5.2,25.8,,
2026-08-23T03:30:29.818277+05:30,1441,84.5,262,652,649,5.2,25.8,,
2026-08-23T03:30:36.984376+05:30,1434,84.7,260,648,645,5.2,25.8,,
2026-08-23T03:30:44.152623+05:30,1441,84.5,262,652,649,5.1,25.8,,
2026-08-23T03:30:51.325716+05:30,1447,84.5,263,655,652,5.1,25.9,,
2026-08-23T03:30:58.488944+05:30,1447,84.5,263,655,652,5.2,25.8,,
2026-08-23T03:31:05.660265+05:30,1447,84.7,263,655,652,5.2,25.9,,
2026-08-23T03:31:13.027884+05:30,1447,84.7,263,655,652,5.2,25.9,,
2026-08-23T03:31:20.398833+05:30,1447,84.5,263,655,652,5.2,25.9,,
2026-08-23T03:31:27.571535+05:30,1441,84.7,262,652,649,5.2,25.9,,
2026-08-23T03:31:34.739037+05:30,1441,84.5,262,652,649,5.2,25.9,,
2026-08-23T03:31:41.905241+05:30,1447,84.5,263,655,652,5.2,25.9,,
2026-08-23T03:31:49.070495+05:30,1447,84.9,263,655,652,5.2,25.9,,
2026-08-23T03:31:56.240619+05:30,1453,84.7,264,658,655,5.2,25.9,,
2026-08-23T03:32:03.411345+05:30,1447,84.7,263,655,652,5.2,25.9,,
2026-08-23T03:32:10.594552+05:30,1441,84.7,262,652,649,5.2,25.9,,
2026-08-23T03:32:17.948122+05:30,1447,84.7,263,655,652,5.2,25.9,,
2026-08-23T03:32:25.326376+05:30,1447,84.7,263,655,652,5.2,25.9,,
2026-08-23T03:32:32.493129+05:30,1453,84.7,264,658,655,5.2,25.9,,
2026-08-23T03:32:39.660516+05:30,1453,84.7,264,658,655,5.2,25.9,,
2026-08-23T03:32:46.829571+05:30,1453,84.9,264,658,655,5.2,25.9,,
2026-08-23T03:32:53.993059+05:30,1453,84.5,264,658,655,5.2,25.9,,
2026-08-23T03:33:01.165900+05:30,1460,84.7,266,661,658,5.2,25.9,,
2026-08-23T03:33:08.333900+05:30,1447,84.7,263,655,652,5.2,25.9,,
2026-08-23T03:33:15.518207+05:30,1453,84.7,264,658,655,5.2,25.9,,
2026-08-23T03:33:23.099403+05:30,1460,85.0,266,661,658,5.2,25.9,,
2026-08-23T03:33:30.450714+05:30,1447,84.7,263,655,652,5.2,25.9,,
2026-08-23T03:33:37.623984+05:30,1453,84.7,264,658,655,5.2,25.9,,
2026-08-23T03:33:44.791620+05:30,1453,84.7,264,658,655,5.2,25.9,22.513506,88.409646
2026-08-23T03:33:51.961505+05:30,1447,84.9,263,655,652,5.2,25.9,22.513446,88.409713
2026-08-23T03:33:59.120394+05:30,1447,84.7,263,655,652,5.2,25.9,22.51344,88.409722
2026-08-23T03:34:06.291570+05:30,1460,84.7,266,661,658,5.2,25.9,22.513493,88.409695
2026-08-23T03:34:13.470850+05:30,1447,84.7,263,655,652,5.2,25.9,22.513585,88.409696
2026-08-23T03:34:20.734541+05:30,1453,84.7,264,658,655,5.2,26.0,22.513627,88.409689
2026-08-23T03:34:28.106177+05:30,1453,84.7,264,658,655,5.2,26.0,22.513611,88.409686
2026-08-23T03:34:35.270504+05:30,1460,84.7,266,661,658,5.2,26.0,22.51357,88.409647
2026-08-23T03:34:42.438876+05:30,1441,84.7,262,652,649,5.2,26.0,22.513563,88.409676
2026-08-23T03:34:49.604951+05:30,1447,84.9,263,655,652,5.2,26.0,22.51352,88.409729
2026-08-23T03:34:56.775817+05:30,1453,84.9,264,658,655,5.2,26.0,22.513514,88.409737
2026-08-23T03:35:03.947720+05:30,1453,84.7,264,658,655,5.2,26.0,22.51356,88.409765
2026-08-23T03:35:11.114274+05:30,1453,84.7,264,658,655,5.2,26.0,22.513565,88.409776
2026-08-23T03:35:18.281306+05:30,1453,84.7,264,658,655,5.2,26.0,,
2026-08-23T03:35:25.455411+05:30,1460,84.7,266,661,658,5.2,26.0,22.513672,88.409755
2026-08-23T03:35:33.028790+05:30,1453,84.9,264,658,655,5.2,26.0,,
2026-08-23T03:35:40.191071+05:30,1453,84.7,264,658,655,5.2,26.0,,
2026-08-23T03:35:47.358902+05:30,1453,84.7,264,658,655,5.2,26.0,,
2026-08-23T03:35:54.543990+05:30,1453,84.9,264,658,655,5.2,26.0,,
2026-08-23T03:36:01.703279+05:30,1453,84.7,264,658,655,5.2,26.0,,
2026-08-23T03:36:08.862365+05:30,1441,84.9,262,652,649,5.2,26.0,,
2026-08-23T03:36:16.029627+05:30,1441,84.7,262,652,649,5.2,26.0,,
2026-08-23T03:36:23.405182+05:30,1453,84.7,264,658,655,5.2,26.0,,
2026-08-23T03:36:30.574361+05:30,1453,84.9,264,658,655,5.2,26.0,,
2026-08-23T03:36:37.945457+05:30,1453,84.7,264,658,655,5.2,26.1,,
2026-08-23T03:36:45.111251+05:30,1460,84.7,266,661,658,5.2,26.0,,
2026-08-23T03:36:52.282306+05:30,1453,84.7,264,658,655,5.2,26.1,,
2026-08-23T03:36:59.453564+05:30,1453,84.7,264,658,655,5.2,26.1,,
2026-08-23T03:37:06.620350+05:30,1460,84.9,266,661,658,5.2,26.1,22.513617,88.40989
2026-08-23T03:37:13.991715+05:30,1453,84.9,264,658,655,5.2,26.1,22.513588,88.409897
2026-08-23T03:37:21.171096+05:30,1453,84.7,264,658,655,5.2,26.1,22.513495,88.409843
2026-08-23T03:37:28.326853+05:30,1441,84.7,262,652,649,5.2,26.1,22.513722,88.409805
2026-08-23T03:37:35.495441+05:30,1453,85.0,264,658,655,5.2,26.1,22.513703,88.409753
2026-08-23T03:37:43.074492+05:30,1460,84.9,266,661,658,5.2,26.1,,
2026-08-23T03:37:50.239707+05:30,1453,84.9,264,658,655,5.2,26.1,22.51217,88.409781
2026-08-23T03:37:57.421138+05:30,1460,84.9,266,661,658,5.2,26.1,,
2026-08-23T03:38:04.576822+05:30,1453,84.7,264,658,655,5.2,26.1,,
2026-08-23T03:38:11.744754+05:30,1453,84.9,264,658,655,5.2,26.1,,
2026-08-23T03:38:18.913864+05:30,1453,84.9,264,658,655,5.2,26.1,,
2026-08-23T03:38:26.082443+05:30,1453,84.9,264,658,655,5.2,26.1,,
2026-08-23T03:38:33.267443+05:30,1453,84.9,264,658,655,5.2,26.1,,
2026-08-23T03:38:40.622006+05:30,1453,84.9,264,658,655,5.2,26.1,,
2026-08-23T03:38:47.816239+05:30,1460,84.9,266,661,658,5.2,26.1,,
2026-08-23T03:38:54.959490+05:30,1460,84.9,266,661,658,5.2,26.1,,
2026-08-23T03:39:02.128325+05:30,1453,84.9,264,658,655,5.2,26.1,,
2026-08-23T03:39:09.297442+05:30,1460,84.9,266,661,658,5.2,26.1,,
2026-08-23T03:39:16.465841+05:30,1460,84.9,266,661,658,5.2,26.1,,
2026-08-23T03:39:23.635192+05:30,1453,84.9,264,658,655,5.2,26.2,,
2026-08-23T03:39:31.009709+05:30,1466,84.9,267,664,661,5.2,26.1,,
2026-08-23T03:39:38.174547+05:30,1453,84.9,264,658,655,5.2,26.2,,
2026-08-23T03:39:45.544105+05:30,1466,84.9,267,664,661,5.2,26.2,,
2026-08-23T03:39:52.709972+05:30,1460,84.9,266,661,658,5.2,26.2,,
2026-08-23T03:39:59.883965+05:30,1447,84.9,263,655,652,5.2,26.2,,
2026-08-23T03:40:07.257959+05:30,1460,84.9,266,661,658,5.2,26.2,,
2026-08-23T03:40:14.420893+05:30,1460,84.9,266,661,658,5.2,26.2,,
2026-08-23T03:40:21.597911+05:30,1460,84.9,266,661,658,5.2,26.2,,
2026-08-23T03:40:28.758986+05:30,1453,84.9,264,658,655,5.2,26.2,,
2026-08-23T03:40:35.929264+05:30,1460,84.9,266,661,658,5.2,26.2,,
2026-08-23T03:40:43.094056+05:30,1460,84.9,266,661,658,5.2,26.2,,
2026-08-23T03:40:50.262178+05:30,1453,84.9,264,658,655,5.2,26.2,,
2026-08-23T03:40:57.426415+05:30,1453,84.9,264,658,655,5.2,26.2,,
2026-08-23T03:41:04.596287+05:30,1460,85.0,266,661,658,5.2,26.2,,
2026-08-23T03:41:11.972673+05:30,1447,85.0,263,655,652,5.2,26.2,,
2026-08-23T03:41:19.141169+05:30,1460,85.0,266,661,658,5.2,26.2,,
2026-08-23T03:41:26.313285+05:30,1466,84.9,267,664,661,5.2,26.2,,
2026-08-23T03:41:33.499603+05:30,1460,85.0,266,661,658,5.2,26.2,,
2026-08-23T03:41:40.647064+05:30,1466,85.0,267,664,661,5.2,26.2,,
2026-08-23T03:41:47.809059+05:30,1460,84.9,266,661,658,5.2,26.2,,
2026-08-23T03:41:58.635297+05:30,1447,85.0,263,655,652,5.2,26.2,,
2026-08-23T03:42:08.700693+05:30,1473,84.9,268,667,664,5.2,26.2,,
2026-08-23T03:42:16.277265+05:30,1460,85.0,266,661,658,5.2,26.2,,
2026-08-23T03:42:23.449378+05:30,1460,85.0,266,661,658,5.2,26.2,,
2026-08-23T03:42:30.618079+05:30,1460,84.9,266,661,658,5.2,26.2,,
2026-08-23T03:42:37.784962+05:30,1460,85.0,266,661,658,5.2,26.3,,
2026-08-23T03:42:44.953191+05:30,1460,84.9,266,661,658,5.2,26.3,,
2026-08-23T03:42:52.122837+05:30,1460,85.0,266,661,658,5.2,26.3,,
2026-08-23T03:42:59.286466+05:30,1460,85.0,266,661,658,5.2,26.3,,
2026-08-23T03:43:06.461764+05:30,1460,85.0,266,661,658,5.2,26.3,,
2026-08-23T03:43:13.621762+05:30,1466,85.0,267,664,661,5.2,26.3,,
2026-08-23T03:43:20.998527+05:30,1460,85.0,266,661,658,5.2,26.3,,
2026-08-23T03:43:28.168029+05:30,1466,85.0,267,664,661,5.2,26.3,,
2026-08-23T03:43:35.334792+05:30,1466,85.0,267,664,661,5.2,26.3,,
2026-08-23T03:43:42.500080+05:30,1466,85.0,267,664,661,5.2,26.3,,
2026-08-23T03:43:49.671990+05:30,1460,85.0,266,661,658,5.2,26.3,,
2026-08-23T03:43:56.838379+05:30,1453,85.0,264,658,655,5.2,26.3,,
2026-08-23T03:44:04.006868+05:30,1460,85.0,266,661,658,5.2,26.3,,
2026-08-23T03:44:11.171434+05:30,1466,85.0,267,664,661,5.2,26.3,,
2026-08-23T03:44:18.342125+05:30,1466,85.0,267,664,661,5.2,26.3,,
2026-08-23T03:44:25.713064+05:30,1473,85.0,268,667,664,5.2,26.3,,
2026-08-23T03:44:32.880745+05:30,1466,85.0,267,664,661,5.2,26.3,,
2026-08-23T03:44:40.049601+05:30,1460,85.0,266,661,658,5.2,26.3,,
2026-08-23T03:44:47.217576+05:30,1460,85.0,266,661,658,5.2,26.3,,
2026-08-23T03:44:54.386348+05:30,1460,85.0,266,661,658,5.2,26.3,,
2026-08-23T03:45:01.572295+05:30,1473,85.0,268,667,664,5.2,26.3,,
2026-08-23T03:45:08.925064+05:30,1473,85.0,268,667,664,5.2,26.3,,
2026-08-23T03:45:16.093009+05:30,1479,85.0,270,670,667,5.2,26.3,,
2026-08-23T03:45:23.259709+05:30,1473,85.0,268,667,664,5.2,26.3,,
2026-08-23T03:45:30.432789+05:30,1460,85.0,266,661,658,5.2,26.3,,
2026-08-23T03:45:37.598455+05:30,1466,85.0,267,664,661,5.2,26.3,,
2026-08-23T03:45:44.766965+05:30,1473,85.0,268,667,664,5.2,26.3,,
2026-08-23T03:45:51.936950+05:30,1460,85.0,266,661,658,5.2,26.3,,
2026-08-23T03:45:59.104474+05:30,1473,85.0,268,667,664,5.2,26.4,,
2026-08-23T03:46:06.271952+05:30,1473,85.0,268,667,664,5.2,26.4,,
2026-08-23T03:46:13.643677+05:30,1473,85.0,268,667,664,5.2,26.4,,
2026-08-23T03:46:20.814017+05:30,1460,85.0,266,661,658,5.2,26.4,,
2026-08-23T03:46:27.981627+05:30,1466,84.9,267,664,661,5.2,26.4,,
2026-08-23T03:46:35.149257+05:30,1460,85.0,266,661,658,5.2,26.4,,
2026-08-23T03:46:42.315510+05:30,1466,85.0,267,664,661,5.2,26.4,,
2026-08-23T03:46:49.484891+05:30,1466,85.0,267,664,661,5.2,26.4,,
2026-08-23T03:46:56.650640+05:30,1473,85.0,268,667,664,5.2,26.4,,
2026-08-23T03:47:03.820437+05:30,1460,85.0,266,661,658,5.2,26.4,,
2026-08-23T03:47:10.993914+05:30,1466,85.0,267,664,661,5.2,26.4,,
2026-08-23T03:47:18.363252+05:30,1466,85.0,267,664,661,5.2,26.4,,
2026-08-23T03:47:25.533384+05:30,1466,85.0,267,664,661,5.2,26.4,,
2026-08-23T03:47:32.697175+05:30,1473,85.0,268,667,664,5.2,26.4,,
2026-08-23T03:47:39.865387+05:30,1473,85.0,268,667,664,5.2,26.4,,
2026-08-23T03:47:47.037794+05:30,1466,85.0,267,664,661,5.2,26.4,,
2026-08-23T03:47:54.204823+05:30,1466,85.0,267,664,661,5.2,26.4,,
2026-08-23T03:48:01.577653+05:30,1466,85.0,267,664,661,5.2,26.4,,
2026-08-23T03:48:08.743717+05:30,1473,85.0,268,667,664,5.2,26.4,,
2026-08-23T03:48:16.114349+05:30,1466,85.0,267,664,661,5.2,26.4,,
2026-08-23T03:48:23.282010+05:30,1473,85.0,268,667,664,5.2,26.4,,
2026-08-23T03:48:30.458890+05:30,1479,85.0,270,670,667,5.2,26.4,,
2026-08-23T03:48:37.615084+05:30,1466,85.0,267,664,661,5.2,26.4,,
2026-08-23T03:48:44.786341+05:30,1466,85.0,267,664,661,5.2,26.4,,
2026-08-23T03:48:51.969954+05:30,1479,85.2,270,670,667,5.2,26.4,,
2026-08-23T03:48:59.534467+05:30,1460,85.0,266,661,658,5.2,26.4,,
2026-08-23T03:49:07.110083+05:30,1473,85.0,268,667,664,5.2,26.4,,
2026-08-23T03:49:14.278854+05:30,1473,85.0,268,667,664,5.2,26.4,,
2026-08-23T03:49:21.650916+05:30,1479,85.0,270,670,667,5.2,26.4,,
2026-08-23T03:49:28.820682+05:30,1466,85.0,267,664,661,5.2,26.4,,
2026-08-23T03:49:35.991864+05:30,1466,85.0,267,664,661,5.2,26.4,,
2026-08-23T03:49:43.561426+05:30,1479,85.2,270,670,667,5.2,26.4,,
2026-08-23T03:49:51.145271+05:30,1466,85.0,267,664,661,5.2,26.4,,
2026-08-23T03:49:58.309954+05:30,1473,85.0,268,667,664,5.2,26.4,,
2026-08-23T03:50:05.685432+05:30,1453,85.0,264,658,655,5.2,26.4,,
2026-08-23T03:50:13.058672+05:30,1473,85.0,268,667,664,5.2,26.4,,
2026-08-23T03:50:20.436571+05:30,1473,85.0,268,667,664,5.2,26.5,,
2026-08-23T03:50:28.006419+05:30,1479,85.0,270,670,667,5.2,26.4,,
2026-08-23T03:50:35.387106+05:30,1460,85.0,266,661,658,5.2,26.5,,
2026-08-23T03:50:42.550874+05:30,1466,85.0,267,664,661,5.2,26.5,,
2026-08-23T03:50:49.715032+05:30,1466,85.0,267,664,661,5.2,26.5,,
2026-08-23T03:50:56.882969+05:30,1473,85.0,268,667,664,5.2,26.5,,
2026-08-23T03:51:04.053804+05:30,1466,85.0,267,664,661,5.2,26.5,,
2026-08-23T03:51:11.243832+05:30,1473,85.0,268,667,664,5.2,26.5,,
2026-08-23T03:51:18.388737+05:30,1466,85.0,267,664,661,5.2,26.5,,
2026-08-23T03:51:25.555372+05:30,1466,85.0,267,664,661,5.2,26.5,,
2026-08-23T03:51:33.343401+05:30,1473,85.0,268,667,664,5.2,26.5,,
2026-08-23T03:51:40.713622+05:30,1473,85.0,268,667,664,5.2,26.5,,
2026-08-23T03:51:48.084907+05:30,1473,85.0,268,667,664,5.2,26.5,,
2026-08-23T03:51:55.461736+05:30,1466,85.0,267,664,661,5.2,26.5,,
2026-08-23T03:52:02.656266+05:30,1473,85.0,268,667,664,5.2,26.5,,
2026-08-23T03:52:09.997279+05:30,1473,85.0,268,667,664,5.2,26.5,,
2026-08-23T03:52:17.170871+05:30,1479,85.0,270,670,667,5.2,26.5,,
2026-08-23T03:52:24.332725+05:30,1473,85.0,268,667,664,5.2,26.5,,
2026-08-23T03:52:31.704750+05:30,1479,85.0,270,670,667,5.2,26.5,,
2026-08-23T03:52:38.872547+05:30,1479,85.0,270,670,667,5.2,26.5,,
2026-08-23T03:52:46.043809+05:30,1479,85.0,270,670,667,5.2,26.6,,
2026-08-23T03:52:53.210712+05:30,1473,85.2,268,667,664,5.2,26.5,,
2026-08-23T03:53:00.389710+05:30,1479,85.0,270,670,667,5.2,26.6,,
2026-08-23T03:53:07.548460+05:30,1473,85.0,268,667,664,5.2,26.5,,
2026-08-23T03:53:14.715950+05:30,1479,85.0,270,670,667,5.2,26.5,,
2026-08-23T03:53:21.886358+05:30,1479,85.0,270,670,667,5.2,26.6,,
2026-08-23T03:53:29.053286+05:30,1466,85.0,267,664,661,5.2,26.6,,
2026-08-23T03:53:36.426931+05:30,1466,85.0,267,664,661,5.2,26.6,,
2026-08-23T03:53:43.594231+05:30,1466,85.0,267,664,661,5.2,26.6,,
2026-08-23T03:53:50.761674+05:30,1473,85.0,268,667,664,5.2,26.6,,
2026-08-23T03:53:57.928991+05:30,1479,85.0,270,670,667,5.2,26.6,,
2026-08-23T03:54:06.531748+05:30,1479,85.0,270,670,667,5.2,26.6,,
2026-08-23T03:54:13.900206+05:30,1479,85.0,270,670,667,5.2,26.6,,
2026-08-23T03:54:21.174504+05:30,1479,85.0,270,670,667,5.2,26.6,,
2026-08-23T03:54:28.354203+05:30,1479,85.0,270,670,667,5.2,26.6,,
2026-08-23T03:54:35.716301+05:30,1479,85.0,270,670,667,5.2,26.6,,
2026-08-23T03:54:42.882375+05:30,1479,85.0,270,670,667,5.2,26.6,,
2026-08-23T03:54:50.059663+05:30,1473,85.4,268,667,664,5.2,26.6,,
2026-08-23T03:54:57.227134+05:30,1485,85.0,271,673,670,5.2,26.6,,
2026-08-23T03:55:04.391395+05:30,1473,85.0,268,667,664,5.2,26.6,,
2026-08-23T03:55:11.557448+05:30,1479,85.0,270,670,667,5.2,26.6,,
2026-08-23T03:55:18.722310+05:30,1485,85.0,271,673,670,5.2,26.6,,
2026-08-23T03:55:25.891864+05:30,1479,85.4,270,670,667,5.2,26.6,,
2026-08-23T03:55:33.058307+05:30,1460,85.0,266,661,658,5.2,26.6,,
2026-08-23T03:55:40.442769+05:30,1473,85.2,268,667,664,5.2,26.6,,
2026-08-23T03:55:47.599487+05:30,1466,85.2,267,664,661,5.2,26.6,,
2026-08-23T03:55:54.769660+05:30,1492,85.0,272,676,674,5.2,26.6,,
2026-08-23T03:56:01.935393+05:30,1479,85.0,270,670,667,5.2,26.6,,
2026-08-23T03:56:09.309003+05:30,1479,85.0,270,670,667,5.2,26.6,,
2026-08-23T03:56:16.477294+05:30,1473,85.0,268,667,664,5.2,26.6,,
2026-08-23T03:56:23.645367+05:30,1473,85.2,268,667,664,5.2,26.6,,
2026-08-23T03:56:30.815086+05:30,1479,85.2,270,670,667,5.2,26.6,,
2026-08-23T03:56:37.977249+05:30,1479,85.0,270,670,667,5.2,26.6,,
2026-08-23T03:56:45.353867+05:30,1479,85.0,270,670,667,5.2,26.6,,
2026-08-23T03:56:52.523066+05:30,1466,85.0,267,664,661,5.2,26.6,,
2026-08-23T03:56:59.690137+05:30,1479,85.0,270,670,667,5.2,26.7,,
2026-08-23T03:57:07.062931+05:30,1485,85.2,271,673,670,5.2,26.6,,
2026-08-23T03:57:14.231513+05:30,1479,85.0,270,670,667,5.2,26.7,,
2026-08-23T03:57:21.399956+05:30,1479,85.0,270,670,667,5.2,26.7,,
2026-08-23T03:57:28.775647+05:30,1485,85.2,271,673,670,5.2,26.7,,
2026-08-23T03:57:35.944815+05:30,1479,85.2,270,670,667,5.2,26.7,,
2026-08-23T03:57:43.108814+05:30,1473,85.2,268,667,664,5.2,26.7,,
2026-08-23T03:57:50.486901+05:30,1473,85.0,268,667,664,5.2,26.7,,
2026-08-23T03:57:57.650229+05:30,1479,85.0,270,670,667,5.2,26.7,,
2026-08-23T03:58:04.815495+05:30,1479,85.0,270,670,667,5.2,26.7,,
2026-08-23T03:58:12.191711+05:30,1473,85.2,268,667,664,5.2,26.7,,
2026-08-23T03:58:19.368969+05:30,1479,85.0,270,670,667,5.2,26.7,,
2026-08-23T03:58:26.525589+05:30,1479,85.2,270,670,667,5.2,26.7,,
2026-08-23T03:58:33.695163+05:30,1479,85.2,270,670,667,5.2,26.7,,
2026-08-23T03:58:40.867376+05:30,1492,85.0,272,676,674,5.2,26.7,,
2026-08-23T03:58:48.238702+05:30,1479,85.2,270,670,667,5.2,26.7,,
2026-08-23T03:58:55.405159+05:30,1485,85.0,271,673,670,5.2,26.7,,
2026-08-23T03:59:02.571035+05:30,1479,85.2,270,670,667,5.2,26.7,,
2026-08-23T03:59:09.739114+05:30,1485,85.0,271,673,670,5.2,26.7,,
2026-08-23T03:59:16.908726+05:30,1479,85.4,270,670,667,5.2,26.7,,
2026-08-23T03:59:24.076137+05:30,1485,85.2,271,673,670,5.2,26.7,,
2026-08-23T03:59:31.244134+05:30,1479,85.2,270,670,667,5.2,26.7,,
2026-08-23T03:59:38.619613+05:30,1479,85.2,270,670,667,5.2,26.7,,
2026-08-23T03:59:45.789312+05:30,1479,85.2,270,670,667,5.2,26.7,,
2026-08-23T03:59:53.162499+05:30,1479,85.2,270,670,667,5.2,26.7,,
2026-08-23T04:00:00.334646+05:30,1479,85.2,270,670,667,5.2,26.7,,
2026-08-23T04:00:07.493801+05:30,1485,85.0,271,673,670,5.2,26.7,,
2026-08-23T04:00:14.866414+05:30,1479,85.2,270,670,667,5.2,26.7,,
2026-08-23T04:00:22.038254+05:30,1479,85.2,270,670,667,5.2,26.7,,
2026-08-23T04:00:29.200143+05:30,1479,85.2,270,670,667,5.2,26.7,,
2026-08-23T04:00:36.368642+05:30,1492,85.0,272,676,674,5.2,26.7,,
2026-08-23T04:00:43.539532+05:30,1485,85.4,271,673,670,5.2,26.7,,
2026-08-23T04:00:50.911808+05:30,1479,85.2,270,670,667,5.2,26.7,,
2026-08-23T04:00:58.076278+05:30,1473,85.2,268,667,664,5.2,26.7,,
2026-08-23T04:01:05.250782+05:30,1485,85.2,271,673,670,5.2,26.7,,
2026-08-23T04:01:12.419256+05:30,1485,85.5,271,673,670,5.2,26.7,,
2026-08-23T04:01:19.583854+05:30,1473,85.2,268,667,664,5.2,26.7,,
2026-08-23T04:01:26.952574+05:30,1485,85.2,271,673,670,5.2,26.7,,
2026-08-23T04:01:34.124401+05:30,1492,85.2,272,676,674,5.2,26.7,,
2026-08-23T04:01:41.293563+05:30,1479,85.2,270,670,667,5.2,26.7,,
2026-08-23T04:01:48.463314+05:30,1485,85.2,271,673,670,5.2,26.8,,
2026-08-23T04:01:55.624095+05:30,1485,85.2,271,673,670,5.2,26.7,,
2026-08-23T04:02:02.794062+05:30,1485,85.2,271,673,670,5.2,26.8,,
2026-08-23T04:02:10.379407+05:30,1485,85.2,271,673,670,5.2,26.8,,
2026-08-23T04:02:17.543068+05:30,1485,85.2,271,673,670,5.2,26.8,,
2026-08-23T04:02:24.718354+05:30,1479,85.2,270,670,667,5.2,26.8,,
2026-08-23T04:02:31.882170+05:30,1479,85.2,270,670,667,5.2,26.8,,
2026-08-23T04:02:39.052814+05:30,1479,85.2,270,670,667,5.2,26.8,,
2026-08-23T04:02:46.268190+05:30,1479,85.2,270,670,667,5.2,26.8,,
2026-08-23T04:02:54.204366+05:30,1485,85.2,271,673,670,5.2,26.8,,
2026-08-23T04:03:01.573051+05:30,1460,85.0,266,661,658,5.2,26.8,,
2026-08-23T04:03:09.002351+05:30,1485,85.2,271,673,670,5.2,26.8,,
2026-08-23T04:03:16.116605+05:30,1492,85.2,272,676,674,5.2,26.8,,
2026-08-23T04:03:23.284921+05:30,1485,85.0,271,673,670,5.2,26.8,,
2026-08-23T04:03:30.462272+05:30,1492,85.2,272,676,674,5.2,26.8,,
2026-08-23T04:03:37.623124+05:30,1479,85.2,270,670,667,5.2,26.8,,
2026-08-23T04:03:44.792513+05:30,1479,85.2,270,670,667,5.2,26.8,,
2026-08-23T04:03:51.956207+05:30,1492,85.2,272,676,674,5.2,26.8,,
2026-08-23T04:03:59.329068+05:30,1485,85.2,271,673,670,5.2,26.8,,
2026-08-23T04:04:06.499821+05:30,1479,85.2,270,670,667,5.2,26.8,,
2026-08-23T04:04:13.666367+05:30,1485,85.2,271,673,670,5.2,26.8,,
2026-08-23T04:04:20.846448+05:30,1485,85.2,271,673,670,5.2,26.8,,
2026-08-23T04:04:27.996243+05:30,1485,85.2,271,673,670,5.2,26.8,,
2026-08-23T04:04:35.185439+05:30,1479,85.2,270,670,667,5.2,26.8,,
2026-08-23T04:04:42.338034+05:30,1485,85.2,271,673,670,5.2,26.8,,
2026-08-23T04:04:49.508679+05:30,1479,85.2,270,670,667,5.2,26.8,,
2026-08-23T04:04:56.873002+05:30,1485,85.2,271,673,670,5.2,26.8,,
2026-08-23T04:05:04.459439+05:30,1479,85.2,270,670,667,5.2,26.8,,
2026-08-23T04:05:11.626926+05:30,1473,85.2,268,667,664,5.2,26.8,,
2026-08-23T04:05:18.788625+05:30,1485,85.2,271,673,670,5.2,26.8,,
2026-08-23T04:05:25.958553+05:30,1485,85.2,271,673,670,5.2,26.8,,
2026-08-23T04:05:33.130586+05:30,1485,85.2,271,673,670,5.2,26.8,,
2026-08-23T04:05:40.301209+05:30,1492,85.2,272,676,674,5.2,26.8,,
2026-08-23T04:05:47.460658+05:30,1485,85.2,271,673,670,5.2,26.8,,
2026-08-23T04:05:54.630038+05:30,1485,85.4,271,673,670,5.2,26.8,,
2026-08-23T04:06:01.800767+05:30,1485,85.2,271,673,670,5.2,26.8,,
2026-08-23T04:06:09.179801+05:30,1492,85.0,272,676,674,5.2,26.8,,
2026-08-23T04:06:16.346506+05:30,1485,85.2,271,673,670,5.2,26.8,,
2026-08-23T04:06:23.510132+05:30,1485,85.2,271,673,670,5.2,26.8,,
2026-08-23T04:06:30.688504+05:30,1479,85.2,270,670,667,5.2,26.8,,
2026-08-23T04:06:37.843178+05:30,1492,85.2,272,676,674,5.2,26.8,,
2026-08-23T04:06:45.012299+05:30,1485,85.2,271,673,670,5.2,26.8,,
2026-08-23T04:06:52.181266+05:30,1492,85.2,272,676,674,5.2,26.9,,
2026-08-23T04:06:59.356181+05:30,1492,85.2,272,676,674,5.2,26.9,,
2026-08-23T04:07:06.516901+05:30,1492,85.2,272,676,674,5.2,26.9,,
2026-08-23T04:07:13.893290+05:30,1492,85.2,272,676,674,5.2,26.8,,
2026-08-23T04:07:21.064140+05:30,1479,85.2,270,670,667,5.2,26.9,,
2026-08-23T04:07:28.226787+05:30,1479,85.2,270,670,667,5.2,26.9,,
2026-08-23T04:07:35.396936+05:30,1485,85.2,271,673,670,5.2,26.9,,
2026-08-23T04:07:42.562497+05:30,1492,85.4,272,676,674,5.2,26.9,,
2026-08-23T04:07:49.740864+05:30,1473,85.2,268,667,664,5.2,26.9,,
2026-08-23T04:07:56.900077+05:30,1485,85.4,271,673,670,5.2,26.9,,
2026-08-23T04:08:04.270843+05:30,1485,85.2,271,673,670,5.2,26.9,,
2026-08-23T04:08:11.443063+05:30,1485,85.2,271,673,670,5.2,26.9,,
2026-08-23T04:08:18.811611+05:30,1485,85.4,271,673,670,5.2,26.9,,
2026-08-23T04:08:25.981003+05:30,1492,85.4,272,676,674,5.2,26.9,,
2026-08-23T04:08:33.153120+05:30,1485,85.2,271,673,670,5.2,26.9,,
2026-08-23T04:08:40.321950+05:30,1485,85.2,271,673,670,5.2,26.9,,
2026-08-23T04:08:47.708594+05:30,1492,85.2,272,676,674,5.2,26.9,,
2026-08-23T04:08:54.858841+05:30,1485,85.2,271,673,670,5.2,26.9,,
2026-08-23T04:09:02.242185+05:30,1485,85.4,271,673,670,5.2,26.9,,
2026-08-23T04:09:09.599480+05:30,1492,85.4,272,676,674,5.2,26.9,,
2026-08-23T04:09:16.973503+05:30,1479,85.4,270,670,667,5.2,26.9,,
2026-08-23T04:09:24.142326+05:30,1485,85.2,271,673,670,5.2,26.9,,
2026-08-23T04:09:31.315017+05:30,1492,85.2,272,676,674,5.2,26.9,,
2026-08-23T04:09:38.477170+05:30,1485,85.4,271,673,670,5.2,26.9,,
2026-08-23T04:09:45.649178+05:30,1504,85.4,275,682,680,5.2,26.9,,
2026-08-23T04:09:52.819652+05:30,1485,85.4,271,673,670,5.2,26.9,,
2026-08-23T04:09:59.982129+05:30,1485,85.4,271,673,670,5.2,26.9,,
2026-08-23T04:10:07.566055+05:30,1485,85.5,271,673,670,5.2,26.9,,
2026-08-23T04:10:14.732673+05:30,1492,85.4,272,676,674,5.2,26.9,,
2026-08-23T04:10:21.901484+05:30,1492,85.4,272,676,674,5.2,26.9,,
2026-08-23T04:10:29.065012+05:30,1492,85.2,272,676,674,5.2,26.9,,
2026-08-23T04:10:36.237672+05:30,1485,85.2,271,673,670,5.2,26.9,,
2026-08-23T04:10:43.606863+05:30,1485,85.4,271,673,670,5.2,26.9,,
2026-08-23T04:10:50.780850+05:30,1485,85.4,271,673,670,5.2,26.9,,
2026-08-23T04:10:57.941824+05:30,1492,85.4,272,676,674,5.2,26.9,,
2026-08-23T04:11:05.315462+05:30,1485,85.2,271,673,670,5.2,26.9,,
2026-08-23T04:11:12.486253+05:30,1479,85.4,270,670,667,5.2,26.9,,
2026-08-23T04:11:19.654449+05:30,1498,85.4,274,679,677,5.2,26.9,,
2026-08-23T04:11:26.842176+05:30,1485,85.4,271,673,670,5.2,26.9,,
2026-08-23T04:11:33.990290+05:30,1492,85.4,272,676,674,5.2,26.9,,
2026-08-23T04:11:41.156944+05:30,1492,85.4,272,676,674,5.2,26.9,,
2026-08-23T04:11:48.324827+05:30,1498,85.4,274,679,677,5.2,26.9,,
2026-08-23T04:11:55.495145+05:30,1485,85.2,271,673,670,5.2,26.9,,
2026-08-23T04:12:02.663619+05:30,1485,85.2,271,673,670,5.2,26.9,,
2026-08-23T04:12:10.034498+05:30,1498,85.4,274,679,677,5.2,26.9,,
2026-08-23T04:12:17.157413+05:30,1492,85.4,272,676,674,5.2,26.9,,
2026-08-23T04:12:24.368934+05:30,1479,85.4,270,670,667,5.2,27.0,,
2026-08-23T04:12:31.536655+05:30,1492,85.4,272,676,674,5.2,26.9,,
2026-08-23T04:12:38.705828+05:30,1485,85.4,271,673,670,5.2,26.9,,
2026-08-23T04:12:45.873571+05:30,1492,85.4,272,676,674,5.2,27.0,,
2026-08-23T04:12:53.042620+05:30,1492,85.4,272,676,674,5.2,27.0,,
2026-08-23T04:13:00.205174+05:30,1485,85.4,271,673,670,5.2,27.0,,
2026-08-23T04:13:07.377377+05:30,1485,85.4,271,673,670,5.2,27.0,,
2026-08-23T04:13:14.748145+05:30,1479,85.4,270,670,667,5.2,27.0,,
2026-08-23T04:13:21.919151+05:30,1485,85.4,271,673,670,5.2,27.0,,
2026-08-23T04:13:29.085743+05:30,1492,85.4,272,676,674,5.2,27.0,,
2026-08-23T04:13:36.257316+05:30,1485,85.4,271,673,670,5.2,27.0,,
2026-08-23T04:13:43.422876+05:30,1498,85.4,274,679,677,5.2,27.0,,
2026-08-23T04:13:50.593886+05:30,1492,85.4,272,676,674,5.2,27.0,,
2026-08-23T04:13:57.758639+05:30,1492,85.4,272,676,674,5.2,27.0,,
2026-08-23T04:14:04.932792+05:30,1485,85.4,271,673,670,5.2,27.0,,
2026-08-23T04:14:12.092330+05:30,1492,85.4,272,676,674,5.2,27.0,,
2026-08-23T04:14:19.570550+05:30,1485,85.4,271,673,670,5.2,27.0,,
2026-08-23T04:14:26.742950+05:30,1492,85.4,272,676,674,5.2,27.0,,
2026-08-23T04:14:33.905237+05:30,1492,85.4,272,676,674,5.2,27.0,,
2026-08-23T04:14:41.073794+05:30,1485,85.5,271,673,670,5.2,27.0,,
2026-08-23T04:14:48.243599+05:30,1485,85.4,271,673,670,5.2,27.0,,
2026-08-23T04:14:55.412973+05:30,1485,85.2,271,673,670,5.2,27.0,,
2026-08-23T04:15:02.577881+05:30,1498,85.4,274,679,677,5.2,27.0,,
2026-08-23T04:15:09.745449+05:30,1492,85.4,272,676,674,5.2,27.0,,
2026-08-23T04:15:16.917023+05:30,1498,85.5,274,679,677,5.2,27.0,,
2026-08-23T04:15:24.289942+05:30,1485,85.4,271,673,670,5.2,27.0,,
2026-08-23T04:15:31.471101+05:30,1485,85.5,271,673,670,5.2,27.0,,
2026-08-23T04:15:38.627068+05:30,1492,85.5,272,676,674,5.2,27.0,,
2026-08-23T04:15:45.794336+05:30,1498,85.4,274,679,677,5.2,27.0,,
2026-08-23T04:15:52.962153+05:30,1492,85.4,272,676,674,5.2,27.0,,
2026-08-23T04:16:00.132539+05:30,1492,85.4,272,676,674,5.2,27.0,,
2026-08-23T04:16:07.296040+05:30,1485,85.4,271,673,670,5.2,27.0,,
2026-08-23T04:16:14.463738+05:30,1492,85.4,272,676,674,5.2,27.0,,
2026-08-23T04:16:21.628065+05:30,1485,85.4,271,673,670,5.2,27.0,,
2026-08-23T04:16:29.007481+05:30,1498,85.4,274,679,677,5.2,27.0,,
2026-08-23T04:16:36.170616+05:30,1498,85.4,274,679,677,5.2,27.0,,
2026-08-23T04:16:43.337950+05:30,1498,85.4,274,679,677,5.2,27.0,,
2026-08-23T04:16:50.712219+05:30,1492,85.4,272,676,674,5.2,27.0,,
2026-08-23T04:16:57.896219+05:30,1498,85.4,274,679,677,5.2,27.0,,
2026-08-23T04:17:05.252815+05:30,1492,85.4,272,676,674,5.2,27.0,,
2026-08-23T04:17:12.422964+05:30,1492,85.4,272,676,674,5.2,27.0,,
2026-08-23T04:17:19.588088+05:30,1492,85.4,272,676,674,5.2,27.0,,
2026-08-23T04:17:26.968351+05:30,1479,85.4,270,670,667,5.2,27.0,,
2026-08-23T04:17:34.339540+05:30,1492,85.4,272,676,674,5.2,27.0,,
2026-08-23T04:17:41.607612+05:30,1492,85.4,272,676,674,5.2,27.0,,
2026-08-23T04:17:48.775598+05:30,1498,85.5,274,679,677,5.2,27.0,,
2026-08-23T04:17:56.149654+05:30,1492,85.5,272,676,674,5.2,27.0,,
2026-08-23T04:18:03.319622+05:30,1492,85.4,272,676,674,5.2,27.0,,
2026-08-23T04:18:10.484766+05:30,1492,85.5,272,676,674,5.2,27.0,,
2026-08-23T04:18:17.651129+05:30,1498,85.4,274,679,677,5.2,27.0,,
2026-08-23T04:18:24.819544+05:30,1485,85.5,271,673,670,5.2,27.1,,
2026-08-23T04:18:32.006728+05:30,1498,85.4,274,679,677,5.2,27.1,,
2026-08-23T04:18:39.363414+05:30,1492,85.4,272,676,674,5.2,27.1,,
2026-08-23T04:18:46.529390+05:30,1479,85.5,270,670,667,5.2,27.1,,
2026-08-23T04:18:53.696950+05:30,1485,85.5,271,673,670,5.2,27.1,,
2026-08-23T04:19:00.862934+05:30,1498,85.4,274,679,677,5.2,27.1,,
2026-08-23T04:19:08.239061+05:30,1492,85.5,272,676,674,5.2,27.1,,
2026-08-23T04:19:15.405912+05:30,1498,85.5,274,679,677,5.2,27.1,,
2026-08-23T04:19:22.585176+05:30,1498,85.5,274,679,677,5.2,27.1,,
2026-08-23T04:19:29.945900+05:30,1498,85.5,274,679,677,5.2,27.1,,
2026-08-23T04:19:37.115389+05:30,1504,85.5,275,682,680,5.2,27.1,,
2026-08-23T04:19:44.284570+05:30,1498,85.5,274,679,677,5.2,27.1,,
2026-08-23T04:19:52.066222+05:30,1492,85.5,272,676,674,5.2,27.1,,
2026-08-23T04:19:59.235493+05:30,1504,85.5,275,682,680,5.2,27.1,,
2026-08-23T04:20:06.402775+05:30,1498,85.5,274,679,677,5.2,27.1,,
2026-08-23T04:20:13.566649+05:30,1498,85.5,274,679,677,5.2,27.1,,
2026-08-23T04:20:20.740621+05:30,1498,85.5,274,679,677,5.2,27.1,,
2026-08-23T04:20:27.905024+05:30,1492,85.4,272,676,674,5.2,27.1,,
2026-08-23T04:20:35.276817+05:30,1485,85.4,271,673,670,5.2,27.1,,
2026-08-23T04:20:42.441280+05:30,1498,85.5,274,679,677,5.2,27.1,,
2026-08-23T04:20:49.615855+05:30,1504,85.5,275,682,680,5.2,27.1,,
2026-08-23T04:20:56.785940+05:30,1492,85.4,272,676,674,5.2,27.1,,
2026-08-23T04:21:03.964747+05:30,1504,85.5,275,682,680,5.2,27.1,,
2026-08-23T04:21:11.115209+05:30,1498,85.5,274,679,677,5.2,27.1,,
2026-08-23T04:21:18.285408+05:30,1492,85.5,272,676,674,5.2,27.1,,
2026-08-23T04:21:25.458246+05:30,1492,85.5,272,676,674,5.2,27.1,,
2026-08-23T04:21:32.627989+05:30,1498,85.5,274,679,677,5.2,27.1,,
2026-08-23T04:21:39.998055+05:30,1492,85.5,272,676,674,5.2,27.1,,
2026-08-23T04:21:47.160039+05:30,1492,85.4,272,676,674,5.2,27.1,,
2026-08-23T04:21:54.535312+05:30,1498,85.5,274,679,677,5.2,27.1,,
2026-08-23T04:22:01.705954+05:30,1498,85.5,274,679,677,5.2,27.1,,
2026-08-23T04:22:09.077646+05:30,1498,85.5,274,679,677,5.2,27.1,,
2026-08-23T04:22:16.252484+05:30,1498,85.5,274,679,677,5.2,27.1,,
2026-08-23T04:22:23.413266+05:30,1504,85.5,275,682,680,5.2,27.1,,
2026-08-23T04:22:30.581289+05:30,1498,85.5,274,679,677,5.2,27.1,,
2026-08-23T04:22:37.772685+05:30,1498,85.5,274,679,677,5.2,27.1,,
2026-08-23T04:22:44.915325+05:30,1498,85.5,274,679,677,5.2,27.1,,
2026-08-23T04:22:52.091181+05:30,1492,85.4,272,676,674,5.2,27.1,,
2026-08-23T04:22:59.261609+05:30,1485,85.5,271,673,670,5.2,27.1,,
2026-08-23T04:23:06.638153+05:30,1498,85.4,274,679,677,5.2,27.1,,
2026-08-23T04:23:13.795592+05:30,1498,85.5,274,679,677,5.2,27.1,,
2026-08-23T04:23:20.969494+05:30,1498,85.5,274,679,677,5.2,27.1,,
2026-08-23T04:23:28.128890+05:30,1498,85.5,274,679,677,5.2,27.1,,
2026-08-23T04:23:35.300507+05:30,1498,85.5,274,679,677,5.2,27.1,,
2026-08-23T04:23:42.467817+05:30,1498,85.5,274,679,677,5.2,27.1,,
2026-08-23T04:23:49.642929+05:30,1504,85.5,275,682,680,5.2,27.1,,
2026-08-23T04:23:56.798313+05:30,1498,85.5,274,679,677,5.2,27.1,,
2026-08-23T04:24:03.970714+05:30,1498,85.5,274,679,677,5.2,27.1,,
2026-08-23T04:24:11.343471+05:30,1492,85.5,272,676,674,5.2,27.1,,
2026-08-23T04:24:18.508302+05:30,1492,85.5,272,676,674,5.2,27.1,,
2026-08-23T04:24:25.679948+05:30,1485,85.4,271,673,670,5.2,27.1,,
2026-08-23T04:24:32.848611+05:30,1492,85.7,272,676,674,5.2,27.1,,
2026-08-23T04:24:40.019255+05:30,1498,85.5,274,679,677,5.2,27.1,,
2026-08-23T04:24:47.201165+05:30,1498,85.5,274,679,677,5.2,27.1,,
2026-08-23T04:24:54.353438+05:30,1492,85.5,272,676,674,5.2,27.1,,
2026-08-23T04:25:01.526066+05:30,1492,85.5,272,676,674,5.2,27.1,,
2026-08-23T04:25:08.690745+05:30,1504,85.5,275,682,680,5.2,27.1,,
2026-08-23T04:25:16.063957+05:30,1498,85.5,274,679,677,5.2,27.1,,
2026-08-23T04:25:23.230338+05:30,1498,85.5,274,679,677,5.2,27.1,,
2026-08-23T04:25:30.618502+05:30,1498,85.5,274,679,677,5.2,27.1,,
2026-08-23T04:25:37.772266+05:30,1498,85.5,274,679,677,5.2,27.1,,
2026-08-23T04:25:44.940474+05:30,1492,85.5,272,676,674,5.2,27.1,,
2026-08-23T04:25:52.110187+05:30,1498,85.5,274,679,677,5.2,27.1,,
2026-08-23T04:25:59.278135+05:30,1498,85.5,274,679,677,5.2,27.1,,
2026-08-23T04:26:06.447576+05:30,1492,85.5,272,676,674,5.2,27.1,,
2026-08-23T04:26:13.611500+05:30,1498,85.5,274,679,677,5.2,27.1,,
2026-08-23T04:26:20.985234+05:30,1498,85.5,274,679,677,5.2,27.1,,
2026-08-23T04:26:28.149144+05:30,1509,85.5,276,685,682,5.2,27.1,,
2026-08-23T04:26:35.318360+05:30,1504,85.5,275,682,680,5.2,27.1,,
2026-08-23T04:26:42.489547+05:30,1492,85.5,272,676,674,5.2,27.1,,
2026-08-23T04:26:49.654835+05:30,1498,85.7,274,679,677,5.2,27.1,,
2026-08-23T04:26:56.819820+05:30,1492,85.5,272,676,674,5.2,27.1,,
2026-08-23T04:27:03.991699+05:30,1498,85.5,274,679,677,5.2,27.2,,
2026-08-23T04:27:11.570320+05:30,1498,85.5,274,679,677,5.2,27.2,,
2026-08-23T04:27:18.743001+05:30,1498,85.5,274,679,677,5.2,27.2,,
2026-08-23T04:27:25.907236+05:30,1504,85.5,275,682,680,5.2,27.2,,
2026-08-23T04:27:33.070235+05:30,1498,85.5,274,679,677,5.2,27.2,,
2026-08-23T04:27:40.343656+05:30,1504,85.5,275,682,680,5.2,27.2,,
2026-08-23T04:27:47.617767+05:30,1492,85.5,272,676,674,5.2,27.2,,
2026-08-23T04:27:54.785868+05:30,1498,85.5,274,679,677,5.2,27.2,,
2026-08-23T04:28:01.948795+05:30,1504,85.7,275,682,680,5.2,27.2,,
2026-08-23T04:28:09.113676+05:30,1504,85.5,275,682,680,5.2,27.2,,
2026-08-23T04:28:16.496713+05:30,1498,85.5,274,679,677,5.2,27.2,,
2026-08-23T04:28:23.659709+05:30,1498,85.5,274,679,677,5.2,27.2,,
2026-08-23T04:28:30.835365+05:30,1498,85.5,274,679,677,5.2,27.2,,
2026-08-23T04:28:37.990429+05:30,1492,85.5,272,676,674,5.2,27.2,,
2026-08-23T04:28:45.168479+05:30,1498,85.5,274,679,677,5.2,27.2,,
2026-08-23T04:28:52.535818+05:30,1498,85.5,274,679,677,5.2,27.2,,
2026-08-23T04:28:59.705279+05:30,1492,85.5,272,676,674,5.2,27.2,,
2026-08-23T04:29:06.874218+05:30,1509,85.7,276,685,682,5.2,27.2,,
2026-08-23T04:29:14.043370+05:30,1498,85.7,274,679,677,5.2,27.2,,
2026-08-23T04:29:21.415278+05:30,1492,85.7,272,676,674,5.2,27.2,,
2026-08-23T04:29:28.788006+05:30,1498,85.5,274,679,677,5.2,27.2,,
2026-08-23T04:29:35.959474+05:30,1492,85.5,272,676,674,5.2,27.2,,
2026-08-23T04:29:43.328558+05:30,1498,85.7,274,679,677,5.2,27.2,,
2026-08-23T04:29:50.499431+05:30,1504,85.7,275,682,680,5.2,27.3,,
2026-08-23T04:29:57.668307+05:30,1492,85.5,272,676,674,5.2,27.3,,
2026-08-23T04:30:04.831197+05:30,1509,85.7,276,685,682,5.2,27.2,,
2026-08-23T04:30:12.006529+05:30,1498,85.7,274,679,677,5.2,27.3,,
2026-08-23T04:30:19.172949+05:30,1515,85.7,277,687,685,5.2,27.3,,
2026-08-23T04:30:26.543835+05:30,1498,85.7,274,679,677,5.2,27.3,,
2026-08-23T04:30:33.709229+05:30,1498,85.7,274,679,677,5.2,27.3,,
2026-08-23T04:30:40.877803+05:30,1504,85.7,275,682,680,5.2,27.3,,
2026-08-23T04:30:48.041153+05:30,1498,85.5,274,679,677,5.2,27.3,,
2026-08-23T04:30:55.209548+05:30,1498,85.7,274,679,677,5.2,27.3,,
2026-08-23T04:31:02.481624+05:30,1498,85.7,274,679,677,5.2,27.3,,
2026-08-23T04:31:09.651564+05:30,1504,85.5,275,682,680,5.2,27.3,,
2026-08-23T04:31:16.821549+05:30,1498,85.7,274,679,677,5.2,27.3,,
2026-08-23T04:31:23.985631+05:30,1504,85.5,275,682,680,5.2,27.3,,
2026-08-23T04:31:31.359262+05:30,1498,85.7,274,679,677,5.2,27.3,,
2026-08-23T04:31:38.529409+05:30,1504,85.7,275,682,680,5.2,27.3,,
2026-08-23T04:31:45.696421+05:30,1492,85.7,272,676,674,5.2,27.3,,
2026-08-23T04:31:52.861880+05:30,1485,85.7,271,673,670,5.2,27.3,,
2026-08-23T04:32:00.037077+05:30,1498,85.7,274,679,677,5.2,27.3,,
2026-08-23T04:32:07.202223+05:30,1520,85.7,278,690,687,5.2,27.3,,
2026-08-23T04:32:14.367245+05:30,1498,85.5,274,679,677,5.2,27.3,,
2026-08-23T04:32:21.738444+05:30,1498,85.7,274,679,677,5.2,27.3,,
2026-08-23T04:32:29.118165+05:30,1498,85.7,274,679,677,5.2,27.3,,
2026-08-23T04:32:36.281593+05:30,1504,85.7,275,682,680,5.2,27.3,,
2026-08-23T04:32:43.449193+05:30,1504,85.7,275,682,680,5.2,27.3,,
2026-08-23T04:32:50.623500+05:30,1485,85.7,271,673,670,5.2,27.3,,
2026-08-23T04:32:57.785556+05:30,1492,85.5,272,676,674,5.2,27.3,,
2026-08-23T04:33:04.955358+05:30,1509,85.5,276,685,682,5.2,27.3,,
2026-08-23T04:33:12.329140+05:30,1504,85.5,275,682,680,5.2,27.3,,
2026-08-23T04:33:19.498379+05:30,1498,85.7,274,679,677,5.2,27.3,,
2026-08-23T04:33:26.868136+05:30,1498,85.7,274,679,677,5.2,27.3,,
2026-08-23T04:33:34.239737+05:30,1498,85.7,274,679,677,5.2,27.3,,
2026-08-23T04:33:41.407210+05:30,1504,85.7,275,682,680,5.2,27.3,,
2026-08-23T04:33:48.579783+05:30,1498,85.5,274,679,677,5.2,27.3,,
2026-08-23T04:33:55.745483+05:30,1515,85.7,277,687,685,5.2,27.3,,
2026-08-23T04:34:02.911297+05:30,1492,85.5,272,676,674,5.2,27.3,,
2026-08-23T04:34:10.082020+05:30,1504,85.5,275,682,680,5.2,27.3,,
2026-08-23T04:34:17.149227+05:30,1509,85.5,276,685,682,5.2,27.3,,
2026-08-23T04:34:24.317181+05:30,1498,85.5,274,679,677,5.2,27.3,,
2026-08-23T04:34:31.488954+05:30,1504,85.7,275,682,680,5.2,27.3,,
2026-08-23T04:34:38.858653+05:30,1498,85.7,274,679,677,5.2,27.3,,
2026-08-23T04:34:46.025680+05:30,1498,85.7,274,679,677,5.2,27.3,,
2026-08-23T04:34:53.187727+05:30,1504,85.7,275,682,680,5.2,27.3,,
2026-08-23T04:35:00.369776+05:30,1504,85.7,275,682,680,5.2,27.3,,
2026-08-23T04:35:08.763713+05:30,1504,85.7,275,682,680,5.2,27.3,,
2026-08-23T04:35:15.928187+05:30,1504,85.5,275,682,680,5.2,27.3,,
2026-08-23T04:35:23.089917+05:30,1504,85.7,275,682,680,5.3,27.3,,
2026-08-23T04:35:30.266226+05:30,1509,85.7,276,685,682,5.3,27.3,,
2026-08-23T04:35:37.427456+05:30,1498,85.7,274,679,677,5.2,27.3,,
2026-08-23T04:35:44.594229+05:30,1492,85.7,272,676,674,5.2,27.4,,
2026-08-23T04:35:51.765071+05:30,1509,85.7,276,685,682,5.2,27.3,,
2026-08-23T04:35:58.959214+05:30,1504,85.9,275,682,680,5.2,27.3,,
2026-08-23T04:36:06.102684+05:30,1498,85.7,274,679,677,5.2,27.3,,
2026-08-23T04:36:13.475070+05:30,1498,85.7,274,679,677,5.2,27.3,,
2026-08-23T04:36:20.643481+05:30,1504,85.5,275,682,680,5.3,27.3,,
2026-08-23T04:36:27.814074+05:30,1504,85.9,275,682,680,5.3,27.3,,
2026-08-23T04:36:34.977680+05:30,1498,85.7,274,679,677,5.2,27.3,,
2026-08-23T04:36:42.148444+05:30,1504,85.7,275,682,680,5.2,27.4,,
2026-08-23T04:36:49.314191+05:30,1498,85.7,274,679,677,5.2,27.3,,
2026-08-23T04:36:56.482035+05:30,1504,85.7,275,682,680,5.2,27.3,,
2026-08-23T04:37:03.649969+05:30,1504,85.7,275,682,680,5.3,27.3,,
2026-08-23T04:37:10.822457+05:30,1504,85.7,275,682,680,5.3,27.4,,
2026-08-23T04:37:18.192520+05:30,1509,85.7,276,685,682,5.3,27.4,,
2026-08-23T04:37:25.361155+05:30,1504,85.9,275,682,680,5.3,27.4,,
2026-08-23T04:37:32.527233+05:30,1509,85.7,276,685,682,5.3,27.4,,
2026-08-23T04:37:39.696589+05:30,1504,85.7,275,682,680,5.3,27.4,,
2026-08-23T04:37:46.869911+05:30,1498,85.7,274,679,677,5.3,27.4,,
2026-08-23T04:37:54.035315+05:30,1504,85.7,275,682,680,5.3,27.4,,
2026-08-23T04:38:01.199132+05:30,1504,85.7,275,682,680,5.3,27.3,,
2026-08-23T04:38:08.375281+05:30,1504,85.7,275,682,680,5.3,27.4,,
2026-08-23T04:38:15.556955+05:30,1504,85.7,275,682,680,5.3,27.4,,
2026-08-23T04:38:22.911028+05:30,1504,85.7,275,682,680,5.2,27.4,,
2026-08-23T04:38:30.076939+05:30,1498,85.7,274,679,677,5.2,27.4,,
2026-08-23T04:38:37.252401+05:30,1504,85.7,275,682,680,5.3,27.4,,
2026-08-23T04:38:44.408673+05:30,1504,85.7,275,682,680,5.3,27.4,,
2026-08-23T04:38:51.580164+05:30,1498,85.7,274,679,677,5.3,27.4,,
2026-08-23T04:38:58.756560+05:30,1504,85.7,275,682,680,5.3,27.4,,
2026-08-23T04:39:05.917735+05:30,1498,85.7,274,679,677,5.3,27.4,,
2026-08-23T04:39:13.083015+05:30,1498,85.7,274,679,677,5.3,27.4,,
2026-08-23T04:39:20.259681+05:30,1509,85.7,276,685,682,5.3,27.4,,
2026-08-23T04:39:27.626987+05:30,1504,85.7,275,682,680,5.3,27.4,,
2026-08-23T04:39:35.212457+05:30,1498,85.7,274,679,677,5.3,27.4,,
2026-08-23T04:39:42.372100+05:30,1504,85.7,275,682,680,5.3,27.4,,
2026-08-23T04:39:49.539506+05:30,1498,85.7,274,679,677,5.3,27.4,,
2026-08-23T04:39:56.708929+05:30,1492,85.7,272,676,674,5.3,27.4,,
2026-08-23T04:40:03.887980+05:30,1504,85.7,275,682,680,5.3,27.4,,
2026-08-23T04:40:11.042817+05:30,1504,85.7,275,682,680,5.3,27.4,,
2026-08-23T04:40:18.211283+05:30,1498,85.7,274,679,677,5.3,27.4,,
2026-08-23T04:40:25.381849+05:30,1498,85.7,274,679,677,5.3,27.4,,
2026-08-23T04:40:32.754254+05:30,1504,85.7,275,682,680,5.3,27.4,,
2026-08-23T04:40:39.922779+05:30,1504,85.7,275,682,680,5.3,27.4,,
2026-08-23T04:40:47.087722+05:30,1504,85.7,275,682,680,5.3,27.4,,
2026-08-23T04:40:54.257781+05:30,1509,85.7,276,685,682,5.3,27.4,,
2026-08-23T04:41:01.424169+05:30,1504,85.9,275,682,680,5.3,27.4,,
2026-08-23T04:41:08.593413+05:30,1498,85.7,274,679,677,5.3,27.4,,
2026-08-23T04:41:15.759495+05:30,1520,85.7,278,690,687,5.3,27.4,,
2026-08-23T04:41:22.927147+05:30,1509,85.7,276,685,682,5.3,27.4,,
2026-08-23T04:41:30.101617+05:30,1504,85.9,275,682,680,5.3,27.4,,
2026-08-23T04:41:37.468806+05:30,1498,85.9,274,679,677,5.3,27.4,,
2026-08-23T04:41:44.639015+05:30,1504,85.9,275,682,680,5.3,27.4,,
2026-08-23T04:41:51.802930+05:30,1504,85.9,275,682,680,5.3,27.4,,
2026-08-23T04:41:58.973655+05:30,1504,85.7,275,682,680,5.3,27.4,,
2026-08-23T04:42:06.146830+05:30,1504,85.7,275,682,680,5.3,27.4,,
2026-08-23T04:42:13.308393+05:30,1504,85.9,275,682,680,5.3,27.4,,
2026-08-23T04:42:20.476904+05:30,1509,85.7,276,685,682,5.3,27.4,,
2026-08-23T04:42:27.647671+05:30,1504,85.7,275,682,680,5.3,27.4,,
2026-08-23T04:42:34.818027+05:30,1504,85.7,275,682,680,5.3,27.4,,
2026-08-23T04:42:42.187735+05:30,1504,85.7,275,682,680,5.3,27.4,,
2026-08-23T04:42:49.357687+05:30,1504,85.7,275,682,680,5.3,27.4,,
2026-08-23T04:42:56.523083+05:30,1492,85.7,272,676,674,5.3,27.4,,
2026-08-23T04:43:03.693866+05:30,1498,85.7,274,679,677,5.3,27.4,,
2026-08-23T04:43:10.864091+05:30,1504,85.7,275,682,680,5.3,27.4,,
2026-08-23T04:43:18.031232+05:30,1509,85.7,276,685,682,5.3,27.4,,
2026-08-23T04:43:25.197578+05:30,1498,85.9,274,679,677,5.3,27.4,,
2026-08-23T04:43:32.364814+05:30,1504,85.7,275,682,680,5.3,27.4,,
2026-08-23T04:43:39.939872+05:30,1498,85.7,274,679,677,5.3,27.4,,
2026-08-23T04:43:47.323130+05:30,1504,85.7,275,682,680,5.3,27.4,,
2026-08-23T04:43:54.487856+05:30,1504,85.7,275,682,680,5.3,27.4,,
2026-08-23T04:44:01.647899+05:30,1498,85.7,274,679,677,5.3,27.4,,
2026-08-23T04:44:08.817520+05:30,1504,85.7,275,682,680,5.3,27.4,,
2026-08-23T04:44:15.989550+05:30,1504,85.7,275,682,680,5.3,27.4,,
2026-08-23T04:44:23.154572+05:30,1485,85.7,271,673,670,5.3,27.4,,
2026-08-23T04:44:30.323818+05:30,1504,85.7,275,682,680,5.3,27.4,,
2026-08-23T04:44:37.486219+05:30,1509,85.7,276,685,682,5.3,27.4,,
2026-08-23T04:44:44.656696+05:30,1504,85.9,275,682,680,5.3,27.4,,
2026-08-23T04:44:52.031074+05:30,1515,85.7,277,687,685,5.3,27.4,,
2026-08-23T04:44:59.200174+05:30,1492,85.7,272,676,674,5.3,27.4,,
2026-08-23T04:45:06.363116+05:30,1504,85.9,275,682,680,5.3,27.4,,
2026-08-23T04:45:13.533285+05:30,1504,85.9,275,682,680,5.3,27.4,,
2026-08-23T04:45:20.707249+05:30,1504,85.9,275,682,680,5.3,27.4,,
2026-08-23T04:45:27.879893+05:30,1504,85.9,275,682,680,5.3,27.4,,
2026-08-23T04:45:35.040970+05:30,1509,85.7,276,685,682,5.3,27.4,,
2026-08-23T04:45:42.612951+05:30,1515,85.7,277,687,685,5.3,27.4,,
2026-08-23T04:45:49.995803+05:30,1504,85.9,275,682,680,5.3,27.4,,
2026-08-23T04:45:57.366953+05:30,1498,85.9,274,679,677,5.3,27.4,,
2026-08-23T04:46:04.529171+05:30,1509,85.9,276,685,682,5.3,27.4,,
2026-08-23T04:46:11.696056+05:30,1504,85.9,275,682,680,5.3,27.4,,
2026-08-23T04:46:18.865306+05:30,1504,85.7,275,682,680,5.3,27.4,,
2026-08-23T04:46:26.038569+05:30,1504,85.9,275,682,680,5.3,27.4,,
2026-08-23T04:46:33.202726+05:30,1509,85.9,276,685,682,5.3,27.4,,
2026-08-23T04:46:40.798712+05:30,1504,85.7,275,682,680,5.3,27.4,,
2026-08-23T04:46:47.949783+05:30,1509,85.9,276,685,682,5.3,27.4,,
2026-08-23T04:46:55.117930+05:30,1504,85.7,275,682,680,5.3,27.4,,
2026-08-23T04:47:02.492771+05:30,1504,85.7,275,682,680,5.3,27.4,,
2026-08-23T04:47:09.662031+05:30,1504,85.9,275,682,680,5.3,27.5,,
2026-08-23T04:47:16.827250+05:30,1504,85.7,275,682,680,5.3,27.4,,
2026-08-23T04:47:23.995364+05:30,1504,85.7,275,682,680,5.3,27.5,,
2026-08-23T04:47:31.173789+05:30,1515,85.9,277,687,685,5.3,27.4,,
2026-08-23T04:47:38.334829+05:30,1504,85.7,275,682,680,5.3,27.5,,
2026-08-23T04:47:45.499491+05:30,1504,85.9,275,682,680,5.3,27.4,,
2026-08-23T04:47:52.873859+05:30,1504,85.7,275,682,680,5.3,27.5,,
2026-08-23T04:48:00.042509+05:30,1509,85.7,276,685,682,5.3,27.4,,
2026-08-23T04:48:07.423279+05:30,1509,85.9,276,685,682,5.3,27.5,,
2026-08-23T04:48:14.579755+05:30,1492,85.7,272,676,674,5.3,27.5,,
2026-08-23T04:48:21.753034+05:30,1515,85.9,277,687,685,5.3,27.5,,
2026-08-23T04:48:28.914349+05:30,1515,85.9,277,687,685,5.3,27.5,,
2026-08-23T04:48:36.083807+05:30,1509,85.9,276,685,682,5.3,27.4,,
2026-08-23T04:48:43.253195+05:30,1520,85.9,278,690,687,5.3,27.5,,
2026-08-23T04:48:50.628046+05:30,1509,85.9,276,685,682,5.3,27.5,,
2026-08-23T04:48:57.795084+05:30,1509,85.9,276,685,682,5.3,27.5,,
2026-08-23T04:49:04.969491+05:30,1509,85.9,276,685,682,5.3,27.5,,
2026-08-23T04:49:12.335334+05:30,1520,85.9,278,690,687,5.3,27.5,,
2026-08-23T04:49:19.505054+05:30,1509,85.9,276,685,682,5.3,27.5,,
2026-08-23T04:49:26.669925+05:30,1509,85.9,276,685,682,5.3,27.5,,
2026-08-23T04:49:33.840484+05:30,1504,85.9,275,682,680,5.3,27.5,,
2026-08-23T04:49:41.005755+05:30,1498,85.9,274,679,677,5.3,27.5,,
2026-08-23T04:49:48.176598+05:30,1509,85.9,276,685,682,5.3,27.5,,
2026-08-23T04:49:55.341844+05:30,1504,85.9,275,682,680,5.3,27.5,,
2026-08-23T04:50:02.512857+05:30,1504,85.9,275,682,680,5.3,27.5,,
2026-08-23T04:50:09.886323+05:30,1509,85.9,276,685,682,5.3,27.4,,
2026-08-23T04:50:17.116510+05:30,1492,85.7,272,676,674,5.3,27.5,,
2026-08-23T04:50:24.425683+05:30,1515,85.9,277,687,685,5.3,27.5,,
2026-08-23T04:50:31.592428+05:30,1504,85.7,275,682,680,5.3,27.5,,
2026-08-23T04:50:38.760065+05:30,1515,85.7,277,687,685,5.3,27.5,,
2026-08-23T04:50:45.928891+05:30,1509,85.9,276,685,682,5.3,27.5,,
2026-08-23T04:50:53.095824+05:30,1509,85.9,276,685,682,5.3,27.5,,
2026-08-23T04:51:00.266063+05:30,1509,85.7,276,685,682,5.3,27.5,,
2026-08-23T04:51:07.332455+05:30,1509,85.9,276,685,682,5.3,27.5,,
2026-08-23T04:51:14.497391+05:30,1509,85.9,276,685,682,5.3,27.5,,
2026-08-23T04:51:21.872637+05:30,1515,85.7,277,687,685,5.3,27.5,,
2026-08-23T04:51:29.041294+05:30,1498,85.9,274,679,677,5.3,27.5,,
2026-08-23T04:51:36.412276+05:30,1509,85.9,276,685,682,5.3,27.5,,
2026-08-23T04:51:43.579818+05:30,1515,85.9,277,687,685,5.3,27.5,,
2026-08-23T04:51:50.758556+05:30,1509,85.9,276,685,682,5.3,27.5,,
2026-08-23T04:51:57.918176+05:30,1509,85.9,276,685,682,5.3,27.5,,
2026-08-23T04:52:05.093742+05:30,1498,85.9,274,679,677,5.3,27.5,,
2026-08-23T04:52:12.457138+05:30,1504,85.9,275,682,680,5.3,27.5,,
2026-08-23T04:52:19.629548+05:30,1520,85.7,278,690,687,5.3,27.5,,
2026-08-23T04:52:26.788924+05:30,1509,85.9,276,685,682,5.3,27.5,,
2026-08-23T04:52:33.963226+05:30,1509,85.9,276,685,682,5.3,27.5,,
2026-08-23T04:52:41.129030+05:30,1509,85.9,276,685,682,5.3,27.5,,
2026-08-23T04:52:48.299339+05:30,1520,85.9,278,690,687,5.3,27.5,,
2026-08-23T04:52:55.468524+05:30,1498,85.9,274,679,677,5.3,27.5,,
2026-08-23T04:53:02.637657+05:30,1509,85.9,276,685,682,5.3,27.5,,
2026-08-23T04:53:09.803053+05:30,1509,85.9,276,685,682,5.3,27.5,,
2026-08-23T04:53:17.116491+05:30,1520,85.9,278,690,687,5.3,27.5,,
2026-08-23T04:53:24.340205+05:30,1504,85.9,275,682,680,5.3,27.5,,
2026-08-23T04:53:31.512200+05:30,1515,85.9,277,687,685,5.3,27.5,,
2026-08-23T04:53:38.679421+05:30,1509,85.9,276,685,682,5.3,27.5,,
2026-08-23T04:53:45.847948+05:30,1504,85.9,275,682,680,5.3,27.5,,
2026-08-23T04:53:53.015560+05:30,1509,85.9,276,685,682,5.3,27.5,,
2026-08-23T04:54:00.598289+05:30,1520,85.9,278,690,687,5.3,27.5,,
2026-08-23T04:54:07.758473+05:30,1515,85.9,277,687,685,5.3,27.5,,
2026-08-23T04:54:14.930355+05:30,1504,85.9,275,682,680,5.3,27.5,,
2026-08-23T04:54:22.406947+05:30,1509,85.9,276,685,682,5.3,27.5,,
2026-08-23T04:54:29.575705+05:30,1515,85.9,277,687,685,5.3,27.5,,
2026-08-23T04:54:36.739763+05:30,1509,85.9,276,685,682,5.3,27.5,,
2026-08-23T04:54:43.908478+05:30,1509,85.9,276,685,682,5.3,27.5,,
2026-08-23T04:54:51.078173+05:30,1509,85.9,276,685,682,5.3,27.5,,
2026-08-23T04:54:58.243035+05:30,1504,85.9,275,682,680,5.3,27.5,,
2026-08-23T04:55:05.415443+05:30,1509,85.9,276,685,682,5.3,27.5,,
2026-08-23T04:55:12.579680+05:30,1498,85.9,274,679,677,5.3,27.5,,
2026-08-23T04:55:19.752181+05:30,1515,85.9,277,687,685,5.3,27.5,,
2026-08-23T04:55:27.130222+05:30,1515,85.9,277,687,685,5.3,27.5,,
2026-08-23T04:55:34.289205+05:30,1520,85.9,278,690,687,5.3,27.5,,
2026-08-23T04:55:41.458210+05:30,1509,85.9,276,685,682,5.3,27.5,,
2026-08-23T04:55:48.835964+05:30,1515,85.9,277,687,685,5.3,27.5,,
2026-08-23T04:55:55.996229+05:30,1498,85.9,274,679,677,5.3,27.5,,
2026-08-23T04:56:03.368349+05:30,1509,85.9,276,685,682,5.3,27.5,,
2026-08-23T04:56:10.538469+05:30,1515,85.9,277,687,685,5.3,27.6,,
2026-08-23T04:56:17.707141+05:30,1515,85.9,277,687,685,5.3,27.5,,
2026-08-23T04:56:24.876677+05:30,1515,85.9,277,687,685,5.3,27.5,,
2026-08-23T04:56:32.246263+05:30,1509,85.9,276,685,682,5.3,27.6,,
2026-08-23T04:56:39.415706+05:30,1509,85.9,276,685,682,5.3,27.6,,
2026-08-23T04:56:46.585599+05:30,1515,85.9,277,687,685,5.3,27.6,,
2026-08-23T04:56:53.748064+05:30,1504,85.9,275,682,680,5.3,27.5,,
2026-08-23T04:57:00.922402+05:30,1515,85.9,277,687,685,5.3,27.6,,
2026-08-23T04:57:08.088162+05:30,1509,85.9,276,685,682,5.3,27.5,,
2026-08-23T04:57:15.256527+05:30,1504,85.9,275,682,680,5.3,27.5,,
2026-08-23T04:57:22.418612+05:30,1509,85.9,276,685,682,5.3,27.6,,
2026-08-23T04:57:29.794863+05:30,1509,85.9,276,685,682,5.3,27.6,,
2026-08-23T04:57:37.174011+05:30,1504,85.9,275,682,680,5.3,27.5,,
2026-08-23T04:57:44.440149+05:30,1515,85.9,277,687,685,5.3,27.6,,
2026-08-23T04:57:51.610429+05:30,1515,85.9,277,687,685,5.3,27.5,,
2026-08-23T04:57:58.777652+05:30,1509,85.9,276,685,682,5.3,27.6,,
2026-08-23T04:58:05.944967+05:30,1515,85.9,277,687,685,5.3,27.6,,
2026-08-23T04:58:13.111026+05:30,1509,85.9,276,685,682,5.3,27.6,,
2026-08-23T04:58:20.285782+05:30,1515,85.9,277,687,685,5.3,27.6,,
2026-08-23T04:58:27.449271+05:30,1515,85.9,277,687,685,5.3,27.6,,
2026-08-23T04:58:34.617296+05:30,1515,85.9,277,687,685,5.3,27.6,,
2026-08-23T04:58:41.990225+05:30,1515,85.9,277,687,685,5.3,27.6,,
2026-08-23T04:58:49.157836+05:30,1520,85.9,278,690,687,5.3,27.6,,
2026-08-23T04:58:56.330297+05:30,1509,85.9,276,685,682,5.3,27.6,,
2026-08-23T04:59:03.506783+05:30,1515,85.9,277,687,685,5.3,27.6,,
2026-08-23T04:59:10.665374+05:30,1515,85.9,277,687,685,5.3,27.6,,
2026-08-23T04:59:17.829168+05:30,1515,85.9,277,687,685,5.3,27.6,,
2026-08-23T04:59:24.999523+05:30,1509,86.0,276,685,682,5.3,27.6,,
2026-08-23T04:59:32.171387+05:30,1515,85.9,277,687,685,5.3,27.6,,
2026-08-23T04:59:39.335234+05:30,1520,85.9,278,690,687,5.3,27.6,,
2026-08-23T04:59:46.704429+05:30,1515,85.9,277,687,685,5.3,27.6,,
2026-08-23T04:59:53.874023+05:30,1515,85.9,277,687,685,5.3,27.6,,
2026-08-23T05:00:01.043484+05:30,1520,85.9,278,690,687,5.3,27.6,,
2026-08-23T05:00:08.212116+05:30,1520,85.9,278,690,687,5.3,27.6,,
2026-08-23T05:00:15.379040+05:30,1520,85.9,278,690,687,5.3,27.6,,
2026-08-23T05:00:22.543969+05:30,1515,85.9,277,687,685,5.3,27.6,,
2026-08-23T05:00:29.716366+05:30,1515,85.9,277,687,685,5.3,27.6,,
2026-08-23T05:00:36.884542+05:30,1526,85.9,280,693,690,5.3,27.6,,
2026-08-23T05:00:44.048976+05:30,1509,85.9,276,685,682,5.3,27.6,,
2026-08-23T05:00:51.426370+05:30,1509,85.9,276,685,682,5.3,27.6,,
2026-08-23T05:00:58.591685+05:30,1520,85.9,278,690,687,5.3,27.6,,
2026-08-23T05:01:05.761041+05:30,1504,85.9,275,682,680,5.3,27.6,,
2026-08-23T05:01:12.927629+05:30,1509,85.9,276,685,682,5.3,27.6,,
2026-08-23T05:01:20.093663+05:30,1526,85.9,280,693,690,5.3,27.6,,
2026-08-23T05:01:27.266600+05:30,1504,85.9,275,682,680,5.3,27.6,,
2026-08-23T05:01:34.434696+05:30,1520,85.9,278,690,687,5.3,27.6,,
2026-08-23T05:01:41.604644+05:30,1509,85.9,276,685,682,5.3,27.6,,
2026-08-23T05:01:48.771382+05:30,1515,85.9,277,687,685,5.3,27.6,,
2026-08-23T05:01:56.142937+05:30,1515,85.9,277,687,685,5.3,27.6,,
2026-08-23T05:02:03.309673+05:30,1515,85.9,277,687,685,5.3,27.6,22.513268,88.409776
2026-08-23T05:02:10.484174+05:30,1515,85.9,277,687,685,5.3,27.6,22.513266,88.409793
2026-08-23T05:02:17.646457+05:30,1504,85.9,275,682,680,5.3,27.6,22.513279,88.409829
2026-08-23T05:02:24.818704+05:30,1515,85.9,277,687,685,5.3,27.6,22.513306,88.409697
2026-08-23T05:02:32.188149+05:30,1520,85.9,278,690,687,5.3,27.6,22.513323,88.409691
2026-08-23T05:02:39.354869+05:30,1520,85.9,278,690,687,5.3,27.6,22.513334,88.409694
2026-08-23T05:02:46.524942+05:30,1515,85.9,277,687,685,5.3,27.6,22.513343,88.409602
2026-08-23T05:02:53.692584+05:30,1520,85.9,278,690,687,5.3,27.6,,
2026-08-23T05:03:01.068292+05:30,1515,85.9,277,687,685,5.3,27.6,,
2026-08-23T05:03:08.438552+05:30,1504,85.9,275,682,680,5.3,27.6,,
2026-08-23T05:03:15.810394+05:30,1515,85.9,277,687,685,5.3,27.6,,
2026-08-23T05:03:22.991844+05:30,1520,85.9,278,690,687,5.3,27.6,,
2026-08-23T05:03:30.148806+05:30,1520,85.9,278,690,687,5.3,27.6,22.513294,88.409978
2026-08-23T05:03:37.313545+05:30,1520,85.9,278,690,687,5.3,27.6,22.513303,88.409939
2026-08-23T05:03:44.480539+05:30,1520,85.9,278,690,687,5.3,27.6,22.513303,88.409981
2026-08-23T05:03:51.652357+05:30,1520,85.9,278,690,687,5.3,27.6,22.513304,88.410088
2026-08-23T05:03:58.816969+05:30,1509,85.9,276,685,682,5.3,27.6,22.513285,88.410247
2026-08-23T05:04:06.188131+05:30,1515,85.9,277,687,685,5.3,27.6,22.513268,88.410413
2026-08-23T05:04:13.563609+05:30,1515,85.9,277,687,685,5.3,27.6,,
2026-08-23T05:04:20.736872+05:30,1515,85.9,277,687,685,5.3,27.6,22.513233,88.410424
2026-08-23T05:04:27.912281+05:30,1520,85.9,278,690,687,5.3,27.6,22.513225,88.410386
2026-08-23T05:04:35.272301+05:30,1515,85.9,277,687,685,5.3,27.6,22.513202,88.410447
2026-08-23T05:04:42.542286+05:30,1515,85.9,277,687,685,5.3,27.6,22.513206,88.410375
2026-08-23T05:04:50.022680+05:30,1515,85.9,277,687,685,5.3,27.6,22.51323,88.410351
2026-08-23T05:04:57.185118+05:30,1520,85.9,278,690,687,5.3,27.6,22.513249,88.410275
2026-08-23T05:05:04.351165+05:30,1515,85.9,277,687,685,5.3,27.6,22.513254,88.410261
2026-08-23T05:05:11.523040+05:30,1515,85.9,277,687,685,5.3,27.6,,
2026-08-23T05:05:18.895896+05:30,1520,85.9,278,690,687,5.3,27.6,22.513264,88.410235
2026-08-23T05:05:26.067794+05:30,1509,85.9,276,685,682,5.3,27.6,22.513282,88.410112
2026-08-23T05:05:33.441745+05:30,1526,85.9,280,693,690,5.3,27.6,22.513272,88.41011
2026-08-23T05:05:40.608737+05:30,1520,85.9,278,690,687,5.3,27.6,22.513246,88.41013
2026-08-23T05:05:47.774005+05:30,1520,85.9,278,690,687,5.3,27.6,22.513233,88.4102
2026-08-23T05:05:54.942565+05:30,1520,85.9,278,690,687,5.3,27.6,22.513235,88.410161
2026-08-23T05:06:02.109112+05:30,1520,85.9,278,690,687,5.3,27.6,22.513227,88.410055
2026-08-23T05:06:09.483130+05:30,1532,85.9,281,696,693,5.3,27.6,22.513241,88.410022
2026-08-23T05:06:19.421725+05:30,1526,85.9,280,693,690,5.3,27.6,22.513262,88.410002
2026-08-23T05:06:26.686540+05:30,1515,85.9,277,687,685,5.3,27.6,22.513263,88.409921
2026-08-23T05:06:36.764569+05:30,1509,85.9,276,685,682,5.3,27.6,22.513248,88.409955
2026-08-23T05:06:44.094026+05:30,1520,85.9,278,690,687,5.3,27.6,22.513245,88.41
2026-08-23T05:06:51.268796+05:30,1526,85.9,280,693,690,5.3,27.6,22.513246,88.410043
2026-08-23T05:06:58.428940+05:30,1520,85.9,278,690,687,5.3,27.6,22.513262,88.410089
2026-08-23T05:07:05.495840+05:30,1520,85.9,278,690,687,5.3,27.6,22.513274,88.410095
2026-08-23T05:07:12.766351+05:30,1520,85.9,278,690,687,5.3,27.6,22.513265,88.410096
2026-08-23T05:07:19.932535+05:30,1520,85.9,278,690,687,5.3,27.6,22.513266,88.410143
2026-08-23T05:07:27.101572+05:30,1532,85.9,281,696,693,5.3,27.6,22.513282,88.410154
2026-08-23T05:07:34.265685+05:30,1509,85.9,276,685,682,5.3,27.6,22.513308,88.410144
2026-08-23T05:07:41.435241+05:30,1526,85.9,280,693,690,5.3,27.6,22.513315,88.410112
2026-08-23T05:07:49.631617+05:30,1515,85.9,277,687,685,5.3,27.6,22.513337,88.41004
2026-08-23T05:07:56.798722+05:30,1520,85.9,278,690,687,5.3,27.6,22.513306,88.410025
2026-08-23T05:08:03.963990+05:30,1526,85.9,280,693,690,5.3,27.6,,
2026-08-23T05:08:11.134898+05:30,1520,85.9,278,690,687,5.3,27.6,22.513274,88.410144
2026-08-23T05:08:18.710022+05:30,1520,85.9,278,690,687,5.3,27.6,,
2026-08-23T05:08:25.982965+05:30,1515,85.9,277,687,685,5.3,27.6,22.513183,88.41001
2026-08-23T05:08:33.250868+05:30,1520,85.9,278,690,687,5.3,27.6,22.51322,88.409876
2026-08-23T05:08:40.423259+05:30,1520,85.9,278,690,687,5.3,27.6,,
2026-08-23T05:08:47.590057+05:30,1520,85.9,278,690,687,5.3,27.6,,
2026-08-23T05:08:54.757086+05:30,1520,85.9,278,690,687,5.3,27.6,,
2026-08-23T05:09:01.919290+05:30,1520,85.9,278,690,687,5.3,27.6,,
2026-08-23T05:09:09.087762+05:30,1515,85.9,277,687,685,5.3,27.6,,
2026-08-23T05:09:16.261093+05:30,1526,85.9,280,693,690,5.3,27.6,,
2026-08-23T05:09:23.635739+05:30,1520,85.9,278,690,687,5.3,27.6,,
2026-08-23T05:09:30.800291+05:30,1526,85.9,280,693,690,5.3,27.6,,
2026-08-23T05:09:37.970509+05:30,1526,85.9,280,693,690,5.3,27.6,,
2026-08-23T05:09:45.136445+05:30,1515,85.9,277,687,685,5.3,27.6,,
2026-08-23T05:09:52.308199+05:30,1520,85.9,278,690,687,5.3,27.7,,
2026-08-23T05:09:59.473467+05:30,1520,85.9,278,690,687,5.3,27.6,,
2026-08-23T05:10:06.645039+05:30,1532,85.9,281,696,693,5.3,27.7,,
2026-08-23T05:10:13.811448+05:30,1520,85.9,278,690,687,5.3,27.7,,
2026-08-23T05:10:21.389357+05:30,1515,85.9,277,687,685,5.3,27.7,,
2026-08-23T05:10:28.558344+05:30,1515,85.9,277,687,685,5.3,27.7,,
2026-08-23T05:10:35.726228+05:30,1526,85.9,280,693,690,5.3,27.7,,
2026-08-23T05:10:42.890977+05:30,1532,85.9,281,696,693,5.4,27.6,,
2026-08-23T05:10:50.064948+05:30,1520,85.9,278,690,687,5.4,27.6,,
2026-08-23T05:10:57.228166+05:30,1526,85.9,280,693,690,5.3,27.7,22.512934,88.404024
2026-08-23T05:11:04.399026+05:30,1520,85.9,278,690,687,5.3,27.7,,
2026-08-23T05:11:11.562364+05:30,1520,85.9,278,690,687,5.3,27.7,22.513119,88.405939
2026-08-23T05:11:18.734883+05:30,1520,85.9,278,690,687,5.4,27.7,22.513239,88.407217
2026-08-23T05:11:26.101216+05:30,1520,85.9,278,690,687,5.3,27.7,22.513312,88.408049
2026-08-23T05:11:33.270772+05:30,1515,85.9,277,687,685,5.4,27.7,22.513328,88.408503
2026-08-23T05:11:40.446510+05:30,1520,85.9,278,690,687,5.4,27.7,22.513359,88.408741
2026-08-23T05:11:47.610372+05:30,1532,85.9,281,696,693,5.3,27.7,,
2026-08-23T05:11:54.781912+05:30,1526,85.9,280,693,690,5.3,27.7,,
2026-08-23T05:12:01.947120+05:30,1532,85.9,281,696,693,5.3,27.7,,
2026-08-23T05:12:09.114478+05:30,1520,85.9,278,690,687,5.4,27.7,22.513391,88.409206
2026-08-23T05:12:16.489157+05:30,1515,85.9,277,687,685,5.4,27.7,,
2026-08-23T05:12:23.653917+05:30,1520,85.9,278,690,687,5.4,27.7,22.51338,88.409263
2026-08-23T05:12:31.228466+05:30,1520,85.9,278,690,687,5.4,27.7,,
2026-08-23T05:12:38.401673+05:30,1526,85.9,280,693,690,5.4,27.7,,
2026-08-23T05:12:45.569262+05:30,1520,85.9,278,690,687,5.4,27.7,,
2026-08-23T05:12:52.741462+05:30,1520,85.9,278,690,687,5.4,27.7,,
2026-08-23T05:12:59.905479+05:30,1520,85.9,278,690,687,5.4,27.7,,
2026-08-23T05:13:07.075644+05:30,1537,85.9,282,698,696,5.4,27.7,,
2026-08-23T05:13:14.238506+05:30,1526,85.9,280,693,690,5.4,27.7,,
2026-08-23T05:13:21.429401+05:30,1532,85.9,281,696,693,5.4,27.7,,
2026-08-23T05:13:28.577257+05:30,1526,85.9,280,693,690,5.4,27.7,22.513408,88.409204
2026-08-23T05:13:35.952280+05:30,1515,85.9,277,687,685,5.4,27.7,22.513382,88.409232
2026-08-23T05:13:43.117319+05:30,1520,86.0,278,690,687,5.4,27.7,22.513355,88.409247
2026-08-23T05:13:50.288812+05:30,1515,85.9,277,687,685,5.4,27.7,22.513342,88.409351
2026-08-23T05:13:57.454798+05:30,1520,86.0,278,690,687,5.4,27.7,22.513309,88.409439
2026-08-23T05:14:04.619761+05:30,1526,86.0,280,693,690,5.4,27.7,22.513215,88.409647
2026-08-23T05:14:11.994191+05:30,1532,85.9,281,696,693,5.4,27.7,22.513223,88.409595
2026-08-23T05:14:19.167993+05:30,1515,85.9,277,687,685,5.4,27.7,22.513205,88.409514
2026-08-23T05:14:26.335155+05:30,1526,86.5,280,693,690,5.4,27.7,22.51324,88.409481
2026-08-23T05:14:33.501189+05:30,1526,86.0,280,693,690,5.4,27.7,22.513255,88.409518
2026-08-23T05:14:40.664258+05:30,1509,85.9,276,685,682,5.4,27.7,22.513265,88.409458
2026-08-23T05:14:47.841884+05:30,1515,85.9,277,687,685,5.4,27.7,22.513255,88.409492
2026-08-23T05:14:55.009510+05:30,1520,86.0,278,690,687,5.4,27.7,,
2026-08-23T05:15:02.172504+05:30,1526,85.9,280,693,690,5.4,27.7,22.51334,88.409462
2026-08-23T05:15:09.546934+05:30,1520,85.9,278,690,687,5.4,27.7,22.513347,88.40952
2026-08-23T05:15:16.912954+05:30,1520,85.9,278,690,687,5.4,27.7,22.513364,88.409592
2026-08-23T05:15:24.081919+05:30,1526,85.9,280,693,690,5.4,27.7,22.513347,88.409574
2026-08-23T05:15:31.250758+05:30,1520,86.0,278,690,687,5.4,27.7,22.513326,88.409607
2026-08-23T05:15:38.422105+05:30,1520,85.9,278,690,687,5.4,27.7,22.513296,88.409649
2026-08-23T05:15:45.793784+05:30,1520,85.9,278,690,687,5.4,27.7,22.513302,88.409632
2026-08-23T05:15:53.165243+05:30,1520,85.9,278,690,687,5.4,27.7,22.51331,88.409556
2026-08-23T05:16:00.339566+05:30,1532,85.9,281,696,693,5.4,27.7,22.513277,88.409558
2026-08-23T05:16:07.501517+05:30,1532,85.9,281,696,693,5.4,27.7,22.513309,88.40951
2026-08-23T05:16:17.791857+05:30,1526,86.0,280,693,690,5.4,27.7,22.513283,88.409562
2026-08-23T05:16:25.230556+05:30,1526,86.0,280,693,690,5.4,27.7,22.513272,88.409578
2026-08-23T05:16:32.693169+05:30,1526,86.0,280,693,690,5.4,27.7,22.513267,88.409612
2026-08-23T05:16:39.862389+05:30,1526,86.0,280,693,690,5.4,27.7,22.51325,88.409625
2026-08-23T05:16:47.030780+05:30,1515,85.9,277,687,685,5.4,27.7,22.51324,88.409533
2026-08-23T05:16:54.196208+05:30,1520,85.9,278,690,687,5.4,27.7,22.513251,88.409493
2026-08-23T05:17:01.369211+05:30,1526,85.9,280,693,690,5.4,27.7,22.51328,88.409486
2026-08-23T05:17:08.552813+05:30,1504,86.0,275,682,680,5.4,27.7,22.513265,88.409492
2026-08-23T05:17:15.704708+05:30,1509,85.9,276,685,682,5.4,27.7,22.51323,88.409523
2026-08-23T05:17:22.873147+05:30,1526,86.5,280,693,690,5.4,27.7,22.51324,88.409474
2026-08-23T05:17:30.247706+05:30,1526,85.9,280,693,690,5.4,27.7,22.51326,88.409479
2026-08-23T05:17:37.411142+05:30,1520,86.0,278,690,687,5.4,27.7,22.513247,88.409562
2026-08-23T05:17:44.475884+05:30,1526,85.9,280,693,690,5.4,27.7,22.513251,88.409632
2026-08-23T05:17:54.758350+05:30,1532,85.9,281,696,693,5.4,27.7,22.513247,88.40966
2026-08-23T05:18:01.883068+05:30,1520,85.9,278,690,687,5.4,27.7,22.513261,88.409747
2026-08-23T05:18:09.058064+05:30,1526,86.0,280,693,690,5.4,27.7,22.513224,88.409835
2026-08-23T05:18:16.226090+05:30,1532,86.0,281,696,693,5.4,27.7,22.513234,88.409854
2026-08-23T05:18:23.392744+05:30,1537,86.5,282,698,696,5.4,27.7,22.513197,88.409776
2026-08-23T05:18:30.967907+05:30,1526,86.0,280,693,690,5.4,27.7,22.513201,88.409765
2026-08-23T05:18:38.131984+05:30,1526,86.0,280,693,690,5.4,27.7,22.513208,88.409791
2026-08-23T05:18:45.302853+05:30,1520,85.9,278,690,687,5.4,27.7,22.513241,88.409818
2026-08-23T05:18:52.675534+05:30,1532,85.9,281,696,693,5.4,27.7,22.513229,88.409803
2026-08-23T05:18:59.842883+05:30,1537,86.0,282,698,696,5.4,27.7,22.513218,88.409796
2026-08-23T05:19:09.758237+05:30,1526,86.0,280,693,690,5.4,27.7,22.513224,88.409802
2026-08-23T05:19:17.043101+05:30,1520,86.0,278,690,687,5.4,27.7,,
2026-08-23T05:19:24.212535+05:30,1526,86.0,280,693,690,5.4,27.7,,
2026-08-23T05:19:31.791140+05:30,1520,86.0,278,690,687,5.4,27.7,,
2026-08-23T05:19:50.841980+05:30,1520,85.9,278,690,687,5.4,27.7,,
2026-08-23T05:19:52.881933+05:30,1532,86.0,281,696,693,5.4,27.7,22.513296,88.409721
2026-08-23T05:20:00.057123+05:30,1520,86.0,278,690,687,5.4,27.8,22.513285,88.409794
2026-08-23T05:20:07.226429+05:30,1532,85.9,281,696,693,5.4,27.7,22.513306,88.409776
2026-08-23T05:20:14.594857+05:30,1520,86.0,278,690,687,5.4,27.7,22.513293,88.409742
2026-08-23T05:20:21.761577+05:30,1532,85.9,281,696,693,5.4,27.7,,
2026-08-23T05:20:28.932255+05:30,1526,86.0,280,693,690,5.4,27.7,,
2026-08-23T05:20:36.507609+05:30,1526,86.0,280,693,690,5.4,27.7,,
2026-08-23T05:20:43.878963+05:30,1526,86.0,280,693,690,5.4,27.7,,
2026-08-23T05:20:51.050072+05:30,1515,86.0,277,687,685,5.4,27.8,,
2026-08-23T05:20:58.220932+05:30,1526,85.9,280,693,690,5.4,27.7,,
2026-08-23T05:21:05.495239+05:30,1532,86.0,281,696,693,5.4,27.7,,
2026-08-23T05:21:12.659193+05:30,1515,86.0,277,687,685,5.4,27.7,22.513396,88.409519
2026-08-23T05:21:20.036236+05:30,1526,85.9,280,693,690,5.4,27.7,22.513328,88.40952
2026-08-23T05:21:27.198497+05:30,1526,86.0,280,693,690,5.4,27.7,22.513276,88.409681
2026-08-23T05:21:36.412233+05:30,1526,86.0,280,693,690,5.4,27.7,22.513244,88.409779
2026-08-23T05:21:43.581356+05:30,1526,86.0,280,693,690,5.4,27.8,22.513252,88.409821
2026-08-23T05:21:50.955195+05:30,1520,86.0,278,690,687,5.4,27.7,22.513266,88.409853
2026-08-23T05:21:58.123348+05:30,1526,85.9,280,693,690,5.4,27.7,22.513253,88.409916
2026-08-23T05:22:05.493886+05:30,1520,85.9,278,690,687,5.4,27.8,22.513244,88.409933
2026-08-23T05:22:12.686423+05:30,1532,86.0,281,696,693,5.4,27.8,,
2026-08-23T05:22:19.833148+05:30,1526,86.0,280,693,690,5.4,27.7,,
2026-08-23T05:22:26.997254+05:30,1532,86.0,281,696,693,5.4,27.8,,
2026-08-23T05:22:34.578668+05:30,1526,86.0,280,693,690,5.4,27.8,,
2026-08-23T05:22:41.747975+05:30,1532,86.0,281,696,693,5.4,27.8,,
2026-08-23T05:22:49.119046+05:30,1515,85.9,277,687,685,5.4,27.8,,
2026-08-23T05:22:56.288354+05:30,1532,86.0,281,696,693,5.4,27.7,,
2026-08-23T05:23:03.659968+05:30,1520,86.2,278,690,687,5.4,27.8,,
2026-08-23T05:23:10.830272+05:30,1526,85.9,280,693,690,5.4,27.8,,
2026-08-23T05:23:17.993480+05:30,1526,86.0,280,693,690,5.4,27.7,,
2026-08-23T05:23:25.164543+05:30,1532,86.0,281,696,693,5.4,27.8,,
2026-08-23T05:23:32.333102+05:30,1532,86.0,281,696,693,5.4,27.8,,
2026-08-23T05:23:39.494918+05:30,1526,86.0,280,693,690,5.4,27.8,22.513217,88.410509
2026-08-23T05:23:46.666265+05:30,1520,86.0,278,690,687,5.4,27.8,22.513225,88.410525
2026-08-23T05:23:54.054300+05:30,1526,86.0,280,693,690,5.4,27.8,22.513225,88.410481
2026-08-23T05:24:01.212840+05:30,1526,86.0,280,693,690,5.4,27.8,22.513239,88.410451
2026-08-23T05:24:08.377735+05:30,1532,86.0,281,696,693,5.4,27.8,22.513249,88.410448
2026-08-23T05:24:15.563977+05:30,1526,86.0,280,693,690,5.4,27.8,22.513254,88.410414
2026-08-23T05:24:22.714908+05:30,1532,85.9,281,696,693,5.4,27.8,22.51326,88.41039
2026-08-23T05:24:30.090283+05:30,1532,86.0,281,696,693,5.4,27.8,22.513259,88.410443
2026-08-23T05:24:37.273905+05:30,1532,86.0,281,696,693,5.4,27.8,22.513242,88.410544
2026-08-23T05:24:44.622456+05:30,1532,86.0,281,696,693,5.4,27.8,22.513218,88.410508
2026-08-23T05:24:51.795369+05:30,1532,86.2,281,696,693,5.4,27.8,,
2026-08-23T05:24:59.166421+05:30,1532,86.0,281,696,693,5.4,27.8,22.513238,88.410508
2026-08-23T05:25:06.547359+05:30,1526,86.2,280,693,690,5.4,27.8,22.513288,88.410089
2026-08-23T05:25:13.709081+05:30,1526,86.5,280,693,690,5.4,27.8,22.513322,88.410014
2026-08-23T05:25:20.874622+05:30,1520,85.9,278,690,687,5.4,27.8,22.513256,88.410124
2026-08-23T05:25:28.045442+05:30,1532,86.0,281,696,693,5.4,27.8,22.513205,88.410187
2026-08-23T05:25:35.215688+05:30,1537,86.3,282,698,696,5.4,27.8,22.513156,88.41026
2026-08-23T05:25:42.384698+05:30,1526,86.0,280,693,690,5.4,27.8,22.513168,88.410237
2026-08-23T05:25:49.549427+05:30,1520,86.0,278,690,687,5.4,27.8,22.513216,88.410153
2026-08-23T05:25:56.712662+05:30,1526,86.0,280,693,690,5.4,27.8,22.513204,88.410141
2026-08-23T05:26:03.887155+05:30,1532,85.9,281,696,693,5.4,27.8,22.513221,88.410071
2026-08-23T05:26:11.257434+05:30,1520,86.0,278,690,687,5.4,27.8,22.51325,88.410031
2026-08-23T05:26:18.220426+05:30,1532,86.0,281,696,693,5.4,27.8,22.51325,88.41006
2026-08-23T05:26:25.390666+05:30,1532,86.0,281,696,693,5.4,27.8,22.51325,88.410059
2026-08-23T05:26:32.559484+05:30,1526,86.0,280,693,690,5.4,27.8,22.513232,88.410069
2026-08-23T05:26:39.726171+05:30,1526,86.0,280,693,690,5.4,27.8,22.513206,88.410116
2026-08-23T05:26:46.895209+05:30,1532,86.0,281,696,693,5.4,27.8,22.513199,88.410116
2026-08-23T05:26:54.068191+05:30,1532,85.9,281,696,693,5.4,27.8,22.513221,88.410072
2026-08-23T05:27:01.233360+05:30,1526,86.0,280,693,690,5.4,27.8,22.513239,88.410052
2026-08-23T05:27:08.429857+05:30,1526,85.9,280,693,690,5.4,27.8,22.513082,88.410392
2026-08-23T05:27:15.772702+05:30,1526,86.0,280,693,690,5.4,27.8,22.513029,88.41048
2026-08-23T05:27:22.933089+05:30,1526,86.0,280,693,690,5.4,27.8,22.513011,88.410533
2026-08-23T05:27:30.105308+05:30,1526,86.0,280,693,690,5.4,27.8,22.513017,88.410546
2026-08-23T05:27:37.274092+05:30,1532,85.9,281,696,693,5.4,27.8,22.51306,88.410483
2026-08-23T05:27:44.241492+05:30,1526,86.0,280,693,690,5.4,27.8,22.51308,88.410432
2026-08-23T05:27:51.400910+05:30,1526,86.0,280,693,690,5.4,27.8,22.513068,88.410461
2026-08-23T05:27:58.572086+05:30,1532,86.0,281,696,693,5.4,27.8,22.513087,88.410447
2026-08-23T05:28:05.746904+05:30,1532,86.0,281,696,693,5.4,27.8,22.513082,88.410463
2026-08-23T05:28:12.909552+05:30,1532,86.0,281,696,693,5.4,27.8,22.513119,88.410361
2026-08-23T05:28:20.280345+05:30,1520,86.0,278,690,687,5.4,27.8,22.513148,88.41029
2026-08-23T05:28:27.451713+05:30,1532,86.0,281,696,693,5.4,27.8,22.513179,88.410221
2026-08-23T05:28:34.620054+05:30,1526,86.0,280,693,690,5.4,27.8,22.513214,88.410163
2026-08-23T05:28:41.991994+05:30,1532,85.9,281,696,693,5.4,27.8,22.513238,88.410134
2026-08-23T05:28:49.572370+05:30,1520,86.0,278,690,687,5.4,27.8,22.513243,88.410176
2026-08-23T05:28:56.740176+05:30,1526,86.0,280,693,690,5.4,27.8,22.513253,88.410156
2026-08-23T05:29:04.111193+05:30,1526,86.3,280,693,690,5.4,27.8,22.513274,88.410118
2026-08-23T05:29:11.278158+05:30,1520,86.0,278,690,687,5.4,27.8,22.513221,88.41017
2026-08-23T05:29:18.447715+05:30,1532,86.0,281,696,693,5.4,27.8,22.513245,88.410111
2026-08-23T05:29:25.820247+05:30,1526,86.0,280,693,690,5.4,27.8,22.513239,88.410102
2026-08-23T05:29:33.193346+05:30,1520,86.0,278,690,687,5.4,27.8,22.513162,88.410268
2026-08-23T05:29:40.360179+05:30,1537,86.0,282,698,696,5.4,27.8,22.513155,88.410257
2026-08-23T05:29:47.525325+05:30,1532,86.0,281,696,693,5.4,27.8,22.51317,88.410234
2026-08-23T05:29:54.693950+05:30,1532,86.0,281,696,693,5.4,27.8,22.513164,88.410252
2026-08-23T05:30:01.863096+05:30,1526,86.0,280,693,690,5.4,27.8,22.513188,88.410205
2026-08-23T05:30:09.030525+05:30,1532,86.0,281,696,693,5.4,27.8,22.513217,88.410165
2026-08-23T05:30:16.199573+05:30,1532,86.0,281,696,693,5.4,27.8,22.513244,88.410133
2026-08-23T05:30:23.369265+05:30,1532,86.0,281,696,693,5.4,27.8,22.51326,88.410095
2026-08-23T05:30:30.539941+05:30,1532,86.0,281,696,693,5.4,27.8,22.513261,88.410083
2026-08-23T05:30:37.707677+05:30,1532,86.0,281,696,693,5.4,27.8,22.513278,88.410053
2026-08-23T05:30:44.906868+05:30,1526,86.5,280,693,690,5.4,27.8,22.513271,88.410062
2026-08-23T05:30:52.454320+05:30,1532,85.9,281,696,693,5.4,27.8,22.513271,88.410062
2026-08-23T05:30:59.825960+05:30,1526,86.0,280,693,690,5.4,27.8,,
2026-08-23T05:31:06.988165+05:30,1515,86.2,277,687,685,5.4,27.8,,
2026-08-23T05:31:14.156218+05:30,1532,86.0,281,696,693,5.4,27.8,,
2026-08-23T05:31:21.331155+05:30,1532,86.0,281,696,693,5.4,27.8,,
2026-08-23T05:31:28.494776+05:30,1526,86.0,280,693,690,5.4,27.8,,
2026-08-23T05:31:35.886452+05:30,1526,86.0,280,693,690,5.4,27.8,,
2026-08-23T05:31:43.235329+05:30,1543,86.0,283,701,698,5.4,27.8,,
2026-08-23T05:31:50.431642+05:30,1526,86.0,280,693,690,5.4,27.8,,
2026-08-23T05:31:57.576967+05:30,1532,85.9,281,696,693,5.4,27.8,,
2026-08-23T05:32:04.741380+05:30,1526,86.0,280,693,690,5.4,27.8,22.513343,88.409878
2026-08-23T05:32:12.114633+05:30,1526,86.5,280,693,690,5.4,27.8,,
2026-08-23T05:32:19.285108+05:30,1532,86.2,281,696,693,5.4,27.8,,
2026-08-23T05:32:26.457060+05:30,1537,86.0,282,698,696,5.4,27.8,,
2026-08-23T05:32:33.623075+05:30,1526,86.0,280,693,690,5.4,27.8,,
2026-08-23T05:32:40.791344+05:30,1532,85.9,281,696,693,5.4,27.8,,
2026-08-23T05:32:47.960083+05:30,1532,86.0,281,696,693,5.4,27.8,,
2026-08-23T05:32:55.440960+05:30,1532,86.0,281,696,693,5.4,27.8,,
2026-08-23T05:33:02.707485+05:30,1532,86.0,281,696,693,5.4,27.8,,
2026-08-23T05:33:10.096981+05:30,1532,86.0,281,696,693,5.4,27.8,,
2026-08-23T05:33:17.247611+05:30,1515,86.2,277,687,685,5.4,27.8,,
2026-08-23T05:33:24.430308+05:30,1526,86.0,280,693,690,5.4,27.8,,
2026-08-23T05:33:31.682917+05:30,1526,85.9,280,693,690,5.4,27.8,,
2026-08-23T05:33:38.747975+05:30,1532,86.0,281,696,693,5.4,27.8,22.513192,88.410197
2026-08-23T05:33:45.918916+05:30,1532,86.0,281,696,693,5.4,27.8,22.513189,88.410191
2026-08-23T05:33:53.080955+05:30,1526,86.0,280,693,690,5.4,27.8,22.513195,88.410188
2026-08-23T05:34:00.258009+05:30,1526,86.0,280,693,690,5.4,27.8,22.513232,88.41012
2026-08-23T05:34:07.623094+05:30,1537,86.0,282,698,696,5.4,27.8,22.513274,88.410049
2026-08-23T05:34:14.801104+05:30,1526,86.2,280,693,690,5.4,27.8,22.513276,88.41004
2026-08-23T05:34:21.960938+05:30,1532,86.0,281,696,693,5.4,27.8,22.513278,88.410023
2026-08-23T05:34:29.133071+05:30,1515,86.0,277,687,685,5.4,27.8,22.513297,88.409989
2026-08-23T05:34:36.300343+05:30,1532,86.0,281,696,693,5.4,27.8,22.513248,88.410075
2026-08-23T05:34:43.672735+05:30,1532,86.0,281,696,693,5.4,27.8,22.513205,88.410157
2026-08-23T05:34:50.841391+05:30,1509,86.0,276,685,682,5.4,27.8,22.513232,88.410149
2026-08-23T05:34:58.412239+05:30,1532,86.5,281,696,693,5.4,27.8,22.513247,88.410105
2026-08-23T05:35:05.995003+05:30,1532,86.0,281,696,693,5.4,27.8,22.513304,88.409989
2026-08-23T05:35:13.161887+05:30,1526,86.0,280,693,690,5.4,27.8,22.513317,88.41
2026-08-23T05:35:20.340620+05:30,1532,86.3,281,696,693,5.4,27.8,22.513319,88.41002
2026-08-23T05:35:27.493855+05:30,1532,86.0,281,696,693,5.4,27.8,22.513308,88.410016
2026-08-23T05:35:34.661683+05:30,1537,86.3,282,698,696,5.4,27.8,22.513328,88.409963
2026-08-23T05:35:41.835420+05:30,1526,86.3,280,693,690,5.4,27.8,22.513352,88.409906
2026-08-23T05:35:49.209267+05:30,1526,86.5,280,693,690,5.4,27.8,22.513417,88.409807
2026-08-23T05:35:56.369719+05:30,1532,86.0,281,696,693,5.4,27.8,22.513385,88.409826
2026-08-23T05:36:03.540030+05:30,1532,86.0,281,696,693,5.4,27.8,22.513408,88.409747
2026-08-23T05:36:10.915793+05:30,1526,86.0,280,693,690,5.4,27.8,22.513393,88.409785
2026-08-23T05:36:18.082306+05:30,1526,86.0,280,693,690,5.4,27.8,22.513382,88.409794
2026-08-23T05:36:25.270907+05:30,1532,86.0,281,696,693,5.4,27.8,,
2026-08-23T05:36:32.417988+05:30,1532,86.0,281,696,693,5.4,27.8,,
2026-08-23T05:36:39.596715+05:30,1537,86.0,282,698,696,5.4,27.8,,
2026-08-23T05:36:46.768007+05:30,1526,86.5,280,693,690,5.4,27.8,,
2026-08-23T05:36:54.131989+05:30,1532,86.0,281,696,693,5.4,27.8,,
2026-08-23T05:37:01.297753+05:30,1532,86.0,281,696,693,5.4,27.8,,
2026-08-23T05:37:08.463450+05:30,1526,86.5,280,693,690,5.4,27.8,,
2026-08-23T05:37:15.633573+05:30,1532,86.0,281,696,693,5.4,27.8,,
2026-08-23T05:37:26.079333+05:30,1526,86.5,280,693,690,5.4,27.8,,
2026-08-23T05:37:33.245852+05:30,1532,86.2,281,696,693,5.4,27.8,,
2026-08-23T05:37:40.417716+05:30,1526,86.0,280,693,690,5.4,27.9,,
2026-08-23T05:37:47.592181+05:30,1532,86.0,281,696,693,5.4,27.8,,
2026-08-23T05:37:54.974641+05:30,1532,86.5,281,696,693,5.4,27.8,,
2026-08-23T05:38:02.124814+05:30,1532,86.2,281,696,693,5.4,27.8,,
2026-08-23T05:38:09.293042+05:30,1526,86.0,280,693,690,5.4,27.8,,
2026-08-23T05:38:16.460505+05:30,1532,86.0,281,696,693,5.4,27.8,,
2026-08-23T05:38:23.836675+05:30,1526,86.5,280,693,690,5.4,27.9,,
2026-08-23T05:38:34.125961+05:30,1526,86.0,280,693,690,5.4,27.8,,
2026-08-23T05:38:53.018353+05:30,1526,86.0,280,693,690,5.4,27.8,,
2026-08-23T05:38:54.959178+05:30,1526,86.2,280,693,690,5.4,27.8,,
2026-08-23T05:39:02.130644+05:30,1532,86.0,281,696,693,5.5,27.8,,
2026-08-23T05:39:09.297318+05:30,1526,86.3,280,693,690,5.5,27.9,,
2026-08-23T05:39:16.466347+05:30,1520,86.2,278,690,687,5.5,27.9,,
2026-08-23T05:39:23.631258+05:30,1532,86.0,281,696,693,5.4,27.9,,
2026-08-23T05:39:31.004257+05:30,1515,86.0,277,687,685,5.5,27.9,,
2026-08-23T05:39:38.176044+05:30,1532,86.0,281,696,693,5.5,27.9,,
2026-08-23T05:39:45.556966+05:30,1504,86.0,275,682,680,5.5,27.9,,
2026-08-23T05:39:52.713334+05:30,1526,86.0,280,693,690,5.5,27.9,,
2026-08-23T05:39:59.879277+05:30,1526,86.0,280,693,690,5.5,27.9,,
2026-08-23T05:40:07.055451+05:30,1526,86.0,280,693,690,5.5,27.9,,
2026-08-23T05:40:14.219604+05:30,1532,86.2,281,696,693,5.5,27.8,,
2026-08-23T05:40:21.387161+05:30,1526,86.0,280,693,690,5.5,27.9,,
2026-08-23T05:40:28.552042+05:30,1526,86.0,280,693,690,5.5,27.8,,
2026-08-23T05:40:35.932629+05:30,1532,86.2,281,696,693,5.5,27.9,,
2026-08-23T05:40:43.128882+05:30,1526,86.3,280,693,690,5.5,27.9,,
2026-08-23T05:40:50.269173+05:30,1526,86.0,280,693,690,5.4,27.9,,
2026-08-23T05:40:57.439670+05:30,1526,86.0,280,693,690,5.5,27.9,,
2026-08-23T05:41:04.703966+05:30,1532,86.5,281,696,693,5.5,27.9,,
2026-08-23T05:41:12.076900+05:30,1532,86.3,281,696,693,5.5,27.9,,
2026-08-23T05:41:19.291959+05:30,1526,86.5,280,693,690,5.5,27.9,22.513315,88.410022
2026-08-23T05:41:26.616023+05:30,1532,86.2,281,696,693,5.5,27.9,22.513348,88.409968
2026-08-23T05:41:33.785135+05:30,1520,86.2,278,690,687,5.5,27.9,22.513342,88.409962
2026-08-23T05:41:41.161329+05:30,1532,86.2,281,696,693,5.5,27.9,22.513348,88.409949
2026-08-23T05:41:48.525661+05:30,1520,86.0,278,690,687,5.5,27.9,22.513315,88.409982
2026-08-23T05:41:55.700875+05:30,1526,86.3,280,693,690,5.5,27.9,22.513321,88.409972
2026-08-23T05:42:02.876871+05:30,1526,86.2,280,693,690,5.5,27.9,22.513372,88.409927
2026-08-23T05:42:10.038266+05:30,1526,86.0,280,693,690,5.4,27.9,22.513375,88.409939
2026-08-23T05:42:17.100131+05:30,1537,86.2,282,698,696,5.4,27.9,22.51335,88.40997
2026-08-23T05:42:24.163281+05:30,1520,86.3,278,690,687,5.4,27.9,22.51333,88.409989
2026-08-23T05:42:31.337206+05:30,1532,86.5,281,696,693,5.4,27.9,22.513342,88.409984
2026-08-23T05:42:38.501637+05:30,1520,86.5,278,690,687,5.4,27.9,22.513341,88.409981
2026-08-23T05:42:45.883985+05:30,1520,86.0,278,690,687,5.4,27.9,22.513351,88.409968
2026-08-23T05:42:53.048537+05:30,1526,86.5,280,693,690,5.4,27.9,22.513358,88.409969
2026-08-23T05:43:00.214754+05:30,1537,86.5,282,698,696,5.4,27.9,22.51337,88.409958
2026-08-23T05:43:07.380943+05:30,1520,86.0,278,690,687,5.5,27.9,22.513375,88.409957
2026-08-23T05:43:14.655137+05:30,1520,86.0,278,690,687,5.5,27.9,22.51337,88.409962
2026-08-23T05:43:21.715510+05:30,1526,86.5,280,693,690,5.4,27.9,22.513343,88.409986
2026-08-23T05:43:29.087638+05:30,1532,86.3,281,696,693,5.4,27.9,22.5133,88.410017
2026-08-23T05:43:36.295162+05:30,1526,86.3,280,693,690,5.5,27.9,22.513306,88.410003
2026-08-23T05:43:43.426244+05:30,1520,86.5,278,690,687,5.5,27.9,22.513311,88.410005
2026-08-23T05:43:50.800803+05:30,1526,86.5,280,693,690,5.5,27.9,22.513302,88.410006
2026-08-23T05:43:57.965524+05:30,1532,86.3,281,696,693,5.5,27.9,22.513308,88.409981
2026-08-23T05:44:05.140032+05:30,1526,86.0,280,693,690,5.5,27.9,22.513347,88.409937
2026-08-23T05:44:12.299030+05:30,1532,86.0,281,696,693,5.5,27.9,22.513381,88.409904
2026-08-23T05:44:19.466268+05:30,1520,86.5,278,690,687,5.5,27.9,22.513373,88.40991
2026-08-23T05:44:26.638920+05:30,1532,86.0,281,696,693,5.5,27.9,22.513406,88.40988
2026-08-23T05:44:33.808765+05:30,1537,86.5,282,698,696,5.5,27.9,22.513401,88.409875
2026-08-23T05:44:40.978891+05:30,1526,86.2,280,693,690,5.5,27.9,22.513439,88.409826
2026-08-23T05:44:48.141215+05:30,1532,86.0,281,696,693,5.5,27.9,22.513438,88.409812
2026-08-23T05:44:55.515302+05:30,1537,86.2,282,698,696,5.5,27.9,22.513447,88.409802
2026-08-23T05:45:02.889654+05:30,1537,86.5,282,698,696,5.5,27.9,22.513483,88.409746
2026-08-23T05:45:10.269661+05:30,1532,86.5,281,696,693,5.5,27.9,22.513514,88.409719
2026-08-23T05:45:20.549391+05:30,1532,86.3,281,696,693,5.5,27.9,22.513487,88.409743
2026-08-23T05:45:27.669873+05:30,1532,86.5,281,696,693,5.5,27.9,22.513551,88.40968
2026-08-23T05:45:34.836033+05:30,1526,86.0,280,693,690,5.5,27.9,22.51358,88.409647
2026-08-23T05:45:42.003100+05:30,1526,86.2,280,693,690,5.5,27.9,22.513585,88.409648
2026-08-23T05:45:49.373676+05:30,1537,86.2,282,698,696,5.5,27.9,22.513597,88.409639
2026-08-23T05:45:56.546234+05:30,1509,86.2,276,685,682,5.5,27.9,22.513597,88.409639
2026-08-23T05:46:03.717964+05:30,1532,86.5,281,696,693,5.5,27.9,,
2026-08-23T05:46:11.293531+05:30,1526,86.5,280,693,690,5.5,27.9,,
2026-08-23T05:46:18.459838+05:30,1532,86.2,281,696,693,5.5,27.9,,
2026-08-23T05:46:25.629881+05:30,1537,86.5,282,698,696,5.5,27.9,,
2026-08-23T05:46:32.798822+05:30,1526,86.5,280,693,690,5.5,27.9,,
2026-08-23T05:46:39.966724+05:30,1515,86.5,277,687,685,5.5,27.9,,
2026-08-23T05:46:47.134198+05:30,1532,86.5,281,696,693,5.5,27.9,,
2026-08-23T05:46:54.302111+05:30,1526,86.5,280,693,690,5.5,27.9,,
2026-08-23T05:47:01.675808+05:30,1532,86.5,281,696,693,5.5,27.9,,
2026-08-23T05:47:08.845136+05:30,1532,86.5,281,696,693,5.5,27.9,,
2026-08-23T05:47:16.222973+05:30,1520,86.5,278,690,687,5.5,27.9,,
2026-08-23T05:47:23.379656+05:30,1526,86.3,280,693,690,5.5,27.9,,
2026-08-23T05:47:30.551031+05:30,1532,86.2,281,696,693,5.5,27.9,,
2026-08-23T05:47:40.632582+05:30,1537,86.0,282,698,696,5.5,27.9,,
2026-08-23T05:47:47.958773+05:30,1532,86.5,281,696,693,5.5,27.9,,
2026-08-23T05:47:55.178102+05:30,1532,86.5,281,696,693,5.5,27.9,,
2026-08-23T05:48:02.497160+05:30,1532,86.0,281,696,693,5.5,27.9,,
2026-08-23T05:48:09.664196+05:30,1532,86.5,281,696,693,5.5,27.9,,
2026-08-23T05:48:17.037055+05:30,1532,86.5,281,696,693,5.5,27.9,,
2026-08-23T05:48:24.211542+05:30,1543,86.5,283,701,698,5.5,27.9,,
2026-08-23T05:48:31.584821+05:30,1532,86.5,281,696,693,5.5,27.9,,
2026-08-23T05:48:38.749010+05:30,1532,86.5,281,696,693,5.5,27.9,22.513776,88.409274
2026-08-23T05:48:45.911352+05:30,1526,86.0,280,693,690,5.5,27.9,22.513871,88.409243
2026-08-23T05:48:53.087009+05:30,1532,86.2,281,696,693,5.5,27.9,22.513809,88.409313
2026-08-23T05:49:00.465348+05:30,1532,86.5,281,696,693,5.5,27.9,22.513747,88.409373
2026-08-23T05:49:07.625469+05:30,1532,86.5,281,696,693,5.5,27.9,22.513773,88.409341
2026-08-23T05:49:14.793259+05:30,1532,86.5,281,696,693,5.5,27.9,22.513753,88.409386
2026-08-23T05:49:22.168697+05:30,1532,86.5,281,696,693,5.5,27.9,22.513699,88.409435
2026-08-23T05:49:29.335867+05:30,1526,86.5,280,693,690,5.5,27.9,22.513646,88.409469
2026-08-23T05:49:36.604183+05:30,1526,86.5,280,693,690,5.5,27.9,22.513589,88.40953
2026-08-23T05:49:44.077765+05:30,1537,86.5,282,698,696,5.5,27.9,22.513531,88.409618
2026-08-23T05:49:54.372203+05:30,1526,86.5,280,693,690,5.5,27.9,22.51348,88.409692
2026-08-23T05:50:01.908532+05:30,1520,86.2,278,690,687,5.5,27.9,22.513462,88.409774
2026-08-23T05:50:09.271561+05:30,1526,86.2,280,693,690,5.5,27.9,22.513392,88.409857
2026-08-23T05:50:16.439909+05:30,1526,86.5,280,693,690,5.5,27.9,22.513404,88.409873
2026-08-23T05:50:23.608181+05:30,1532,86.3,281,696,693,5.5,27.9,22.513421,88.40985
2026-08-23T05:50:30.791338+05:30,1532,86.2,281,696,693,5.5,27.9,,
2026-08-23T05:50:37.942804+05:30,1532,86.5,281,696,693,5.5,27.9,,
2026-08-23T05:50:45.109676+05:30,1532,86.5,281,696,693,5.5,27.9,,
2026-08-23T05:50:52.279435+05:30,1532,86.5,281,696,693,5.5,27.9,,
2026-08-23T05:50:59.654990+05:30,1520,86.5,278,690,687,5.5,27.9,,
2026-08-23T05:51:06.823700+05:30,1532,86.5,281,696,693,5.5,27.9,,
2026-08-23T05:51:13.990618+05:30,1526,86.7,280,693,690,5.5,27.9,,
2026-08-23T05:51:21.362594+05:30,1526,86.5,280,693,690,5.5,27.9,,
2026-08-23T05:51:28.731129+05:30,1526,86.5,280,693,690,5.5,27.9,,
2026-08-23T05:51:35.905626+05:30,1532,86.5,281,696,693,5.5,27.9,,
2026-08-23T05:51:43.070537+05:30,1532,86.5,281,696,693,5.5,27.9,,
2026-08-23T05:51:50.242686+05:30,1520,86.5,278,690,687,5.5,27.9,22.51342,88.409796
2026-08-23T05:51:57.644574+05:30,1532,86.5,281,696,693,5.5,27.9,22.513441,88.409829
2026-08-23T05:52:04.776767+05:30,1526,86.5,280,693,690,5.5,27.9,22.513381,88.409895
2026-08-23T05:52:11.942234+05:30,1537,86.5,282,698,696,5.5,27.9,22.513364,88.409942
2026-08-23T05:52:19.114407+05:30,1532,86.3,281,696,693,5.5,28.0,,
2026-08-23T05:52:26.282422+05:30,1520,86.5,278,690,687,5.5,27.9,22.513373,88.40992
2026-08-23T05:52:33.447511+05:30,1532,86.5,281,696,693,5.5,27.9,,
2026-08-23T05:52:40.629472+05:30,1532,86.5,281,696,693,5.5,27.9,,
2026-08-23T05:52:47.801205+05:30,1515,86.3,277,687,685,5.5,27.9,,
2026-08-23T05:52:54.957562+05:30,1520,86.5,278,690,687,5.5,27.9,,
2026-08-23T05:53:02.127483+05:30,1532,86.5,281,696,693,5.5,28.0,,
2026-08-23T05:53:09.288236+05:30,1532,86.5,281,696,693,5.5,27.9,22.513626,88.409627
2026-08-23T05:53:16.463448+05:30,1532,86.5,281,696,693,5.5,28.0,22.513615,88.409632
2026-08-23T05:53:23.835362+05:30,1526,86.5,280,693,690,5.5,28.0,22.51354,88.409696
2026-08-23T05:53:31.203328+05:30,1537,86.5,282,698,696,5.5,28.0,22.513483,88.409741
2026-08-23T05:53:38.577232+05:30,1526,86.5,280,693,690,5.5,28.0,22.513448,88.409756
2026-08-23T05:53:45.745211+05:30,1526,86.5,280,693,690,5.5,27.9,22.513424,88.40976
2026-08-23T05:53:57.009137+05:30,1537,86.5,282,698,696,5.5,27.9,22.513386,88.409788
2026-08-23T05:54:04.197469+05:30,1526,86.5,280,693,690,5.5,28.0,22.513382,88.409803
2026-08-23T05:54:11.348970+05:30,1526,86.5,280,693,690,5.5,28.0,22.513437,88.409771
2026-08-23T05:54:19.129525+05:30,1532,86.5,281,696,693,5.5,27.9,22.513411,88.409808
2026-08-23T05:54:26.502417+05:30,1520,86.5,278,690,687,5.5,28.0,22.513403,88.409828
2026-08-23T05:54:33.874585+05:30,1537,86.5,282,698,696,5.5,28.0,22.513427,88.409805
2026-08-23T05:54:41.046284+05:30,1537,86.5,282,698,696,5.5,28.0,22.513432,88.409807
2026-08-23T05:54:48.211385+05:30,1526,86.5,280,693,690,5.5,28.0,22.513413,88.409831
2026-08-23T05:54:55.377649+05:30,1526,86.5,280,693,690,5.5,28.0,22.513416,88.409816
2026-08-23T05:55:02.753143+05:30,1526,86.5,280,693,690,5.5,28.0,22.513447,88.409776
2026-08-23T05:55:09.921411+05:30,1532,86.5,281,696,693,5.5,28.0,22.51345,88.40976
2026-08-23T05:55:17.074136+05:30,1520,86.5,278,690,687,5.5,28.0,22.513472,88.409722
2026-08-23T05:55:25.075811+05:30,1537,86.5,282,698,696,5.5,28.0,22.513473,88.409725
2026-08-23T05:55:32.243229+05:30,1520,86.5,278,690,687,5.5,28.0,22.513504,88.40971
2026-08-23T05:55:39.617403+05:30,1532,86.5,281,696,693,5.5,28.0,22.513501,88.409717
2026-08-23T05:55:46.802736+05:30,1515,86.5,277,687,685,5.5,28.0,22.513452,88.409775
2026-08-23T05:55:53.954542+05:30,1526,86.5,280,693,690,5.5,28.0,22.513461,88.409762
2026-08-23T05:56:01.322957+05:30,1532,86.5,281,696,693,5.5,28.0,22.513476,88.40974
2026-08-23T05:56:08.492085+05:30,1532,86.5,281,696,693,5.5,28.0,22.513472,88.409741
2026-08-23T05:56:15.765828+05:30,1526,86.5,280,693,690,5.5,28.0,22.513495,88.409712
2026-08-23T05:56:23.035734+05:30,1532,86.5,281,696,693,5.5,28.0,22.513522,88.409662
2026-08-23T05:56:30.453900+05:30,1537,86.5,282,698,696,5.5,28.0,22.513505,88.409649
2026-08-23T05:56:38.289901+05:30,1537,86.5,282,698,696,5.5,28.0,22.513542,88.409598
2026-08-23T05:56:45.564940+05:30,1526,86.5,280,693,690,5.5,28.0,22.513516,88.409634
2026-08-23T05:56:52.728753+05:30,1520,86.5,278,690,687,5.5,28.0,22.513544,88.409618
2026-08-23T05:56:59.896105+05:30,1526,86.5,280,693,690,5.5,28.0,22.513571,88.409606
2026-08-23T05:57:07.069710+05:30,1532,86.5,281,696,693,5.5,28.0,22.513562,88.409636
2026-08-23T05:57:14.231640+05:30,1532,86.5,281,696,693,5.5,28.0,22.51354,88.409666
2026-08-23T05:57:21.604332+05:30,1532,86.5,281,696,693,5.5,28.0,22.51355,88.409657
2026-08-23T05:57:28.776584+05:30,1526,86.5,280,693,690,5.5,28.0,22.513526,88.409682
2026-08-23T05:57:35.948602+05:30,1532,86.5,281,696,693,5.5,28.0,22.513566,88.409642
2026-08-23T05:57:43.217238+05:30,1532,86.5,281,696,693,5.5,28.0,22.513546,88.409665
2026-08-23T05:57:50.486789+05:30,1532,86.5,281,696,693,5.5,28.0,22.513546,88.409675
2026-08-23T05:57:57.655486+05:30,1532,86.5,281,696,693,5.5,28.0,22.513575,88.409652
2026-08-23T05:58:04.827798+05:30,1526,86.5,280,693,690,5.5,28.0,22.51356,88.409659
2026-08-23T05:58:11.987689+05:30,1520,86.5,278,690,687,5.5,28.0,22.513554,88.409668
2026-08-23T05:58:19.156258+05:30,1532,86.5,281,696,693,5.5,28.0,22.513567,88.409656
2026-08-23T05:58:26.327344+05:30,1532,86.5,281,696,693,5.5,28.0,22.513541,88.40969
2026-08-23T05:58:33.493395+05:30,1543,86.5,283,701,698,5.5,28.0,22.51354,88.40969
2026-08-23T05:58:40.661493+05:30,1526,86.7,280,693,690,5.5,28.0,22.513541,88.409697
2026-08-23T05:58:48.033686+05:30,1532,86.5,281,696,693,5.5,28.0,22.513539,88.409696
2026-08-23T05:58:55.202807+05:30,1532,86.5,281,696,693,5.5,28.0,22.513529,88.409699
2026-08-23T05:59:02.378932+05:30,1526,86.5,280,693,690,5.5,28.0,22.513524,88.4097
2026-08-23T05:59:09.539954+05:30,1537,86.5,282,698,696,5.5,28.0,22.513514,88.409712
2026-08-23T05:59:18.343907+05:30,1537,86.5,282,698,696,5.5,28.0,22.513511,88.409705
2026-08-23T05:59:25.518915+05:30,1526,86.5,280,693,690,5.5,28.0,22.513566,88.409616
2026-08-23T05:59:32.884149+05:30,1532,86.5,281,696,693,5.5,28.0,22.513571,88.409609
2026-08-23T05:59:40.052133+05:30,1526,86.5,280,693,690,5.5,28.0,,
2026-08-23T05:59:47.628306+05:30,1532,86.5,281,696,693,5.5,28.0,,
2026-08-23T05:59:54.800021+05:30,1520,86.5,278,690,687,5.5,28.0,,
2026-08-23T06:00:01.969361+05:30,1532,86.5,281,696,693,5.5,28.0,,
2026-08-23T06:00:09.136394+05:30,1504,86.5,275,682,680,5.5,28.0,,
2026-08-23T06:00:16.507997+05:30,1526,86.5,280,693,690,5.5,28.0,,
2026-08-23T06:00:23.681646+05:30,1532,86.5,281,696,693,5.5,28.0,,
2026-08-23T06:00:30.846424+05:30,1532,86.5,281,696,693,5.5,28.0,,
2026-08-23T06:00:38.015301+05:30,1532,86.5,281,696,693,5.5,28.0,,
2026-08-23T06:00:45.175818+05:30,1520,86.5,278,690,687,5.5,28.0,,
2026-08-23T06:00:52.558916+05:30,1509,86.5,276,685,682,5.5,28.0,,
2026-08-23T06:00:59.721484+05:30,1532,86.5,281,696,693,5.5,28.0,,
2026-08-23T06:01:06.989701+05:30,1532,86.5,281,696,693,5.5,28.0,22.513578,88.409635
2026-08-23T06:01:14.363227+05:30,1532,86.5,281,696,693,5.5,28.0,22.513537,88.409692
2026-08-23T06:01:21.741973+05:30,1532,86.5,281,696,693,5.5,28.0,22.513537,88.409692
2026-08-23T06:01:28.908011+05:30,1532,86.5,281,696,693,5.5,28.0,22.513515,88.409713
2026-08-23T06:01:36.281097+05:30,1532,86.5,281,696,693,5.5,28.0,22.513455,88.409787
2026-08-23T06:01:43.447655+05:30,1532,86.5,281,696,693,5.5,28.0,22.513465,88.409771
2026-08-23T06:01:50.838759+05:30,1526,86.5,280,693,690,5.5,28.0,22.513466,88.409772
2026-08-23T06:01:58.397258+05:30,1543,86.5,283,701,698,5.5,28.0,22.513459,88.409766
2026-08-23T06:02:05.773127+05:30,1532,86.5,281,696,693,5.5,28.0,22.513457,88.409757
2026-08-23T06:02:12.937599+05:30,1537,86.5,282,698,696,5.5,28.0,22.513459,88.409755
2026-08-23T06:02:20.110027+05:30,1537,86.5,282,698,696,5.5,28.0,22.513431,88.409785
2026-08-23T06:02:27.275058+05:30,1520,86.5,278,690,687,5.5,28.0,22.513417,88.409805
2026-08-23T06:02:34.645849+05:30,1537,86.5,282,698,696,5.5,28.0,22.513414,88.409814
2026-08-23T06:02:41.815344+05:30,1526,86.5,280,693,690,5.5,28.0,22.513419,88.409821
2026-08-23T06:02:48.984180+05:30,1532,86.5,281,696,693,5.5,28.0,22.513417,88.409823
2026-08-23T06:02:56.153475+05:30,1537,86.5,282,698,696,5.5,28.0,22.51341,88.409832
2026-08-23T06:03:03.525416+05:30,1520,86.5,278,690,687,5.5,28.0,22.513446,88.409786
2026-08-23T06:03:10.715678+05:30,1532,86.5,281,696,693,5.5,28.0,22.5135,88.409726
2026-08-23T06:03:17.860310+05:30,1532,86.5,281,696,693,5.5,28.0,22.513526,88.409691
2026-08-23T06:03:25.031884+05:30,1537,86.5,282,698,696,5.5,28.0,22.513541,88.409653
2026-08-23T06:03:32.402990+05:30,1537,86.5,282,698,696,5.5,28.0,22.513555,88.409645
2026-08-23T06:03:39.785209+05:30,1532,86.5,281,696,693,5.5,28.0,22.513569,88.409642
2026-08-23T06:03:47.147275+05:30,1532,86.5,281,696,693,5.5,28.0,22.513615,88.409585
2026-08-23T06:03:54.724969+05:30,1537,86.5,282,698,696,5.5,28.0,22.513636,88.409554
2026-08-23T06:04:01.888971+05:30,1526,86.5,280,693,690,5.5,28.0,22.513636,88.409554
2026-08-23T06:04:09.264280+05:30,1537,86.5,282,698,696,5.5,28.0,,
2026-08-23T06:04:16.641011+05:30,1526,86.5,280,693,690,5.5,28.0,,
2026-08-23T06:04:23.803671+05:30,1520,86.5,278,690,687,5.5,28.0,,
2026-08-23T06:04:30.973588+05:30,1543,86.5,283,701,698,5.5,28.0,22.513752,88.409333
2026-08-23T06:04:38.245113+05:30,1532,86.5,281,696,693,5.5,28.0,,
2026-08-23T06:04:45.515515+05:30,1526,86.5,280,693,690,5.5,28.0,,
2026-08-23T06:04:52.889375+05:30,1532,86.5,281,696,693,5.5,28.0,,
2026-08-23T06:05:00.053544+05:30,1532,86.5,281,696,693,5.5,28.0,,
2026-08-23T06:05:07.221262+05:30,1526,86.5,280,693,690,5.5,28.0,,
2026-08-23T06:05:14.595498+05:30,1515,86.5,277,687,685,5.5,28.0,,
2026-08-23T06:05:21.788575+05:30,1532,86.5,281,696,693,5.5,28.0,,
2026-08-23T06:05:28.970169+05:30,1532,86.5,281,696,693,5.5,28.0,,
2026-08-23T06:05:36.099733+05:30,1532,86.5,281,696,693,5.5,28.0,,
2026-08-23T06:05:43.275249+05:30,1526,86.5,280,693,690,5.5,28.0,22.513677,88.409481
2026-08-23T06:05:50.440682+05:30,1537,86.5,282,698,696,5.5,28.0,22.513678,88.409496
2026-08-23T06:05:57.603129+05:30,1532,86.5,281,696,693,5.5,28.1,22.513692,88.409495
2026-08-23T06:06:05.181403+05:30,1515,86.5,277,687,685,5.5,28.1,22.513681,88.40952
2026-08-23T06:06:12.556322+05:30,1537,86.5,282,698,696,5.5,28.0,22.513666,88.409547
2026-08-23T06:06:19.930205+05:30,1532,86.5,281,696,693,5.5,28.1,22.513675,88.409539
2026-08-23T06:06:27.102963+05:30,1532,86.5,281,696,693,5.5,28.1,22.513667,88.409547
2026-08-23T06:06:34.264328+05:30,1532,86.5,281,696,693,5.5,28.0,22.513689,88.409519
2026-08-23T06:06:41.441811+05:30,1537,86.5,282,698,696,5.5,28.0,22.513687,88.409525
2026-08-23T06:06:48.599487+05:30,1532,86.5,281,696,693,5.5,28.0,22.513689,88.409526
2026-08-23T06:06:55.768238+05:30,1532,86.5,281,696,693,5.5,28.1,22.513686,88.40953
2026-08-23T06:07:02.956413+05:30,1526,86.5,280,693,690,5.5,28.0,22.513665,88.409555
2026-08-23T06:07:10.108929+05:30,1537,86.5,282,698,696,5.5,28.1,22.513661,88.409553
2026-08-23T06:07:17.488049+05:30,1532,86.5,281,696,693,5.5,28.1,22.513673,88.409535
2026-08-23T06:07:24.642905+05:30,1537,86.5,282,698,696,5.5,28.1,22.513673,88.409535
2026-08-23T06:07:31.913546+05:30,1532,86.5,281,696,693,5.5,28.1,,
2026-08-23T06:07:38.981644+05:30,1532,86.5,281,696,693,5.5,28.1,,
2026-08-23T06:07:46.153432+05:30,1532,86.5,281,696,693,5.5,28.1,,
2026-08-23T06:07:53.317337+05:30,1532,86.5,281,696,693,5.5,28.1,,
2026-08-23T06:08:00.497376+05:30,1543,86.7,283,701,698,5.5,28.1,,
2026-08-23T06:08:07.964898+05:30,1526,86.5,280,693,690,5.5,28.1,,
2026-08-23T06:08:15.235564+05:30,1532,86.5,281,696,693,5.5,28.1,,
2026-08-23T06:08:22.611012+05:30,1526,86.5,280,693,690,5.5,28.1,,
2026-08-23T06:08:29.877109+05:30,1532,86.5,281,696,693,5.5,28.1,,
2026-08-23T06:08:37.350097+05:30,1537,86.5,282,698,696,5.5,28.1,,
2026-08-23T06:08:44.518157+05:30,1537,86.5,282,698,696,5.5,28.1,,
2026-08-23T06:08:51.680497+05:30,1532,86.5,281,696,693,5.5,28.1,,
2026-08-23T06:09:01.968699+05:30,1537,86.5,282,698,696,5.5,28.1,,
2026-08-23T06:09:09.503218+05:30,1537,86.5,282,698,696,5.5,28.1,,
2026-08-23T06:09:16.681834+05:30,1532,86.5,281,696,693,5.5,28.1,,
2026-08-23T06:09:23.841992+05:30,1532,86.5,281,696,693,5.5,28.1,,
2026-08-23T06:09:31.007614+05:30,1537,86.5,282,698,696,5.5,28.1,,
2026-08-23T06:09:38.379951+05:30,1532,86.5,281,696,693,5.5,28.1,22.513593,88.409635
2026-08-23T06:09:45.554912+05:30,1532,86.5,281,696,693,5.5,28.1,22.513646,88.409574
2026-08-23T06:09:52.717606+05:30,1537,86.5,282,698,696,5.5,28.1,22.51367,88.409551
2026-08-23T06:09:59.887495+05:30,1532,86.5,281,696,693,5.5,28.1,22.513679,88.409542
2026-08-23T06:10:07.052902+05:30,1537,86.5,282,698,696,5.5,28.1,22.513714,88.409502
2026-08-23T06:10:14.637089+05:30,1532,86.5,281,696,693,5.5,28.1,22.513714,88.409505
2026-08-23T06:10:22.210372+05:30,1532,86.5,281,696,693,5.5,28.1,22.513711,88.409515
2026-08-23T06:10:29.395103+05:30,1532,86.5,281,696,693,5.5,28.1,22.513714,88.40951
2026-08-23T06:10:36.792025+05:30,1532,86.5,281,696,693,5.5,28.1,22.513691,88.40953
2026-08-23T06:10:44.327249+05:30,1543,86.5,283,701,698,5.5,28.1,22.513649,88.409567
2026-08-23T06:10:51.494537+05:30,1537,86.5,282,698,696,5.5,28.1,22.513646,88.409566
2026-08-23T06:10:58.664815+05:30,1537,86.5,282,698,696,5.5,28.1,22.513628,88.409583
2026-08-23T06:11:05.831929+05:30,1515,86.5,277,687,685,5.5,28.1,22.51364,88.409568
2026-08-23T06:11:13.002919+05:30,1537,86.5,282,698,696,5.5,28.1,22.513622,88.409567
2026-08-23T06:11:20.372288+05:30,1526,86.5,280,693,690,5.5,28.1,22.513611,88.409573
2026-08-23T06:11:27.542062+05:30,1532,86.5,281,696,693,5.5,28.1,22.513597,88.4096
2026-08-23T06:11:34.707441+05:30,1543,86.5,283,701,698,5.5,28.1,22.513575,88.409632
2026-08-23T06:11:41.877809+05:30,1532,86.5,281,696,693,5.5,28.1,22.513552,88.409667
2026-08-23T06:11:52.112963+05:30,1537,86.5,282,698,696,5.5,28.1,22.513531,88.409697
2026-08-23T06:11:59.487563+05:30,1532,86.5,281,696,693,5.5,28.1,22.513531,88.409721
2026-08-23T06:12:06.864010+05:30,1532,86.5,281,696,693,5.5,28.1,22.513521,88.409743
2026-08-23T06:12:16.903038+05:30,1532,86.5,281,696,693,5.5,28.1,22.513489,88.409786
2026-08-23T06:12:24.889027+05:30,1520,86.5,278,690,687,5.5,28.1,,
2026-08-23T06:12:32.256225+05:30,1537,86.5,282,698,696,5.5,28.1,,
2026-08-23T06:12:39.426255+05:30,1537,86.5,282,698,696,5.5,28.1,,
2026-08-23T06:12:46.598567+05:30,1543,86.5,283,701,698,5.5,28.1,,
2026-08-23T06:12:57.545672+05:30,1520,86.5,278,690,687,5.5,28.1,,
2026-08-23T06:13:04.820020+05:30,1532,86.5,281,696,693,5.5,28.1,,
2026-08-23T06:13:11.991027+05:30,1537,86.5,282,698,696,5.5,28.1,,
2026-08-23T06:13:19.166925+05:30,1537,86.5,282,698,696,5.5,28.1,,
2026-08-23T06:13:26.532869+05:30,1532,86.5,281,696,693,5.5,28.1,,
2026-08-23T06:13:33.702454+05:30,1537,86.5,282,698,696,5.5,28.1,,
2026-08-23T06:13:40.865497+05:30,1532,86.5,281,696,693,5.5,28.1,,
2026-08-23T06:13:48.240158+05:30,1532,86.5,281,696,693,5.5,28.1,,
2026-08-23T06:13:55.407588+05:30,1532,86.7,281,696,693,5.5,28.1,,
2026-08-23T06:14:02.578221+05:30,1526,86.5,280,693,690,5.5,28.1,,
2026-08-23T06:14:09.845242+05:30,1537,86.5,282,698,696,5.5,28.1,,
2026-08-23T06:14:16.915424+05:30,1532,86.5,281,696,693,5.5,28.1,,
2026-08-23T06:14:24.079691+05:30,1532,86.5,281,696,693,5.5,28.1,,
2026-08-23T06:14:31.452208+05:30,1537,86.5,282,698,696,5.5,28.1,,
2026-08-23T06:14:38.627305+05:30,1537,86.5,282,698,696,5.5,28.1,,
2026-08-23T06:14:45.789131+05:30,1532,86.5,281,696,693,5.5,28.1,,
2026-08-23T06:14:52.956862+05:30,1532,86.5,281,696,693,5.5,28.1,,
2026-08-23T06:15:00.126370+05:30,1532,86.5,281,696,693,5.5,28.1,,
2026-08-23T06:15:07.513142+05:30,1537,86.5,282,698,696,5.5,28.1,,
2026-08-23T06:15:14.669749+05:30,1532,86.5,281,696,693,5.5,28.1,,
2026-08-23T06:15:21.835276+05:30,1532,86.5,281,696,693,5.5,28.1,,
2026-08-23T06:15:29.002734+05:30,1526,86.7,280,693,690,5.5,28.1,,
2026-08-23T06:15:36.377108+05:30,1532,86.5,281,696,693,5.5,28.1,,
2026-08-23T06:15:43.753583+05:30,1537,86.5,282,698,696,5.5,28.1,22.513646,88.409529
2026-08-23T06:15:50.920900+05:30,1532,86.7,281,696,693,5.5,28.1,22.513593,88.409592
2026-08-23T06:15:58.089216+05:30,1537,86.5,282,698,696,5.5,28.1,22.513476,88.409765
2026-08-23T06:16:05.252043+05:30,1526,86.5,280,693,690,5.5,28.1,22.513467,88.4098
2026-08-23T06:16:12.419999+05:30,1537,86.5,282,698,696,5.5,28.1,22.513443,88.409826
2026-08-23T06:16:22.051046+05:30,1532,86.3,281,696,693,5.5,28.1,22.513433,88.409855
2026-08-23T06:16:29.215028+05:30,1532,86.5,281,696,693,5.5,28.1,22.51343,88.409881
2026-08-23T06:16:36.792293+05:30,1532,86.5,281,696,693,5.5,28.1,22.513471,88.409833
2026-08-23T06:16:44.170240+05:30,1537,86.5,282,698,696,5.5,28.1,22.513493,88.409805
2026-08-23T06:16:51.533034+05:30,1532,86.7,281,696,693,5.5,28.1,22.513496,88.409817
2026-08-23T06:16:58.702251+05:30,1532,86.5,281,696,693,5.5,28.1,22.513495,88.409822
2026-08-23T06:17:05.874157+05:30,1532,86.5,281,696,693,5.5,28.1,22.513492,88.409846
2026-08-23T06:17:13.248855+05:30,1543,86.5,283,701,698,5.5,28.1,22.513502,88.409832
2026-08-23T06:17:20.422011+05:30,1537,86.5,282,698,696,5.5,28.1,22.513505,88.409828
2026-08-23T06:17:27.583614+05:30,1532,86.7,281,696,693,5.5,28.1,22.513511,88.409816
2026-08-23T06:17:34.754863+05:30,1537,86.5,282,698,696,5.5,28.1,22.51348,88.409791
2026-08-23T06:17:41.920065+05:30,1537,86.5,282,698,696,5.5,28.1,22.513478,88.409787
2026-08-23T06:17:49.084380+05:30,1526,86.5,280,693,690,5.5,28.1,22.513456,88.40981
2026-08-23T06:17:56.254833+05:30,1532,86.5,281,696,693,5.5,28.1,22.51346,88.409801
2026-08-23T06:18:03.427450+05:30,1537,86.5,282,698,696,5.5,28.1,22.513459,88.409806
2026-08-23T06:18:10.591484+05:30,1537,86.5,282,698,696,5.5,28.1,22.513465,88.409807
2026-08-23T06:18:17.662168+05:30,1532,86.5,281,696,693,5.5,28.1,22.513458,88.409816
2026-08-23T06:18:24.928283+05:30,1537,86.5,282,698,696,5.5,28.1,22.513451,88.409832
2026-08-23T06:18:32.092946+05:30,1537,86.5,282,698,696,5.5,28.1,22.513457,88.409831
2026-08-23T06:18:39.472525+05:30,1532,86.5,281,696,693,5.5,28.1,22.513486,88.409805
2026-08-23T06:18:46.636073+05:30,1532,86.5,281,696,693,5.5,28.1,22.513469,88.409822
2026-08-23T06:18:53.829423+05:30,1537,86.5,282,698,696,5.5,28.1,22.51345,88.409843
2026-08-23T06:19:00.972353+05:30,1532,86.5,281,696,693,5.5,28.1,22.513477,88.409835
2026-08-23T06:19:09.575307+05:30,1537,86.5,282,698,696,5.5,28.1,22.513453,88.409859
2026-08-23T06:19:16.740257+05:30,1532,86.5,281,696,693,5.5,28.1,22.513447,88.409896
2026-08-23T06:19:23.902724+05:30,1532,86.5,281,696,693,5.5,28.1,22.513381,88.409975
2026-08-23T06:19:31.083125+05:30,1537,86.5,282,698,696,5.5,28.1,22.513326,88.410051
2026-08-23T06:19:38.246257+05:30,1532,86.5,281,696,693,5.5,28.1,22.513339,88.410033
2026-08-23T06:19:45.410725+05:30,1526,86.5,280,693,690,5.5,28.1,22.513364,88.409999
2026-08-23T06:19:52.578230+05:30,1526,86.5,280,693,690,5.5,28.1,22.513394,88.409953
2026-08-23T06:19:59.748017+05:30,1526,86.5,280,693,690,5.5,28.1,22.513426,88.409892
2026-08-23T06:20:07.122837+05:30,1532,86.5,281,696,693,5.5,28.1,22.513475,88.409838
2026-08-23T06:20:14.491268+05:30,1537,86.5,282,698,696,5.5,28.1,22.513549,88.409761
2026-08-23T06:20:21.662308+05:30,1532,86.5,281,696,693,5.5,28.1,22.513569,88.409739
2026-08-23T06:20:29.040190+05:30,1537,86.5,282,698,696,5.5,28.1,22.513577,88.409726
2026-08-23T06:20:36.207478+05:30,1532,86.5,281,696,693,5.5,28.1,22.513554,88.409749
2026-08-23T06:20:43.577431+05:30,1532,86.5,281,696,693,5.5,28.1,22.513572,88.409697
2026-08-23T06:20:53.281950+05:30,1543,86.5,283,701,698,5.5,28.1,22.513594,88.409675
2026-08-23T06:21:00.374140+05:30,1548,86.5,284,703,701,5.5,28.1,22.513613,88.409645
2026-08-23T06:21:07.436796+05:30,1526,86.5,280,693,690,5.5,28.1,22.513538,88.409721
2026-08-23T06:21:14.602708+05:30,1537,86.7,282,698,696,5.5,28.1,22.513516,88.409743
2026-08-23T06:21:21.773080+05:30,1543,86.5,283,701,698,5.5,28.1,22.51349,88.409763
2026-08-23T06:21:29.144894+05:30,1537,86.5,282,698,696,5.5,28.1,22.51351,88.409714
2026-08-23T06:21:36.316986+05:30,1532,86.5,281,696,693,5.6,28.2,22.513494,88.409749
2026-08-23T06:21:43.483937+05:30,1532,86.7,281,696,693,5.6,28.1,22.513449,88.409781
2026-08-23T06:21:50.656327+05:30,1543,86.5,283,701,698,5.6,28.1,22.513395,88.409846
2026-08-23T06:21:57.815387+05:30,1537,86.5,282,698,696,5.6,28.1,22.513394,88.40981
2026-08-23T06:22:04.984860+05:30,1537,86.5,282,698,696,5.6,28.1,22.51342,88.409803
2026-08-23T06:22:14.178598+05:30,1537,86.5,282,698,696,5.6,28.2,22.513437,88.40978
2026-08-23T06:22:21.371213+05:30,1543,86.5,283,701,698,5.6,28.1,22.513441,88.409752
2026-08-23T06:22:28.743063+05:30,1537,86.5,282,698,696,5.6,28.1,,
2026-08-23T06:22:36.113599+05:30,1537,86.5,282,698,696,5.6,28.2,,
2026-08-23T06:22:43.391377+05:30,1532,86.5,281,696,693,5.6,28.1,,
2026-08-23T06:22:50.861253+05:30,1537,86.5,282,698,696,5.6,28.2,,
2026-08-23T06:22:58.238430+05:30,1532,86.5,281,696,693,5.6,28.2,,
2026-08-23T06:23:05.401314+05:30,1543,86.5,283,701,698,5.6,28.1,,
2026-08-23T06:23:12.573175+05:30,1537,86.5,282,698,696,5.5,28.2,,
2026-08-23T06:23:19.742617+05:30,1532,86.5,281,696,693,5.5,28.1,,
2026-08-23T06:23:26.905429+05:30,1548,86.5,284,703,701,5.5,28.2,,
2026-08-23T06:23:34.074403+05:30,1537,86.5,282,698,696,5.5,28.1,,
2026-08-23T06:23:41.442827+05:30,1532,86.5,281,696,693,5.5,28.2,,
2026-08-23T06:23:48.612619+05:30,1537,86.7,282,698,696,5.5,28.2,22.513381,88.409727
2026-08-23T06:23:55.782011+05:30,1537,86.5,282,698,696,5.5,28.2,,
2026-08-23T06:24:03.158019+05:30,1537,86.5,282,698,696,5.5,28.2,,
2026-08-23T06:24:10.323381+05:30,1532,86.5,281,696,693,5.5,28.1,,
2026-08-23T06:24:17.496014+05:30,1543,86.5,283,701,698,5.5,28.2,,
2026-08-23T06:24:24.659056+05:30,1537,86.5,282,698,696,5.5,28.2,,
2026-08-23T06:24:31.930793+05:30,1543,86.7,283,701,698,5.5,28.2,,
2026-08-23T06:24:39.099478+05:30,1532,86.5,281,696,693,5.5,28.2,,
2026-08-23T06:24:46.669774+05:30,1532,86.5,281,696,693,5.5,28.2,,
2026-08-23T06:24:53.843680+05:30,1532,86.5,281,696,693,5.5,28.1,,
2026-08-23T06:25:01.014139+05:30,1537,86.5,282,698,696,5.5,28.1,,
2026-08-23T06:25:08.181480+05:30,1548,86.5,284,703,701,5.5,28.2,22.513762,88.409436
2026-08-23T06:25:15.350096+05:30,1537,86.7,282,698,696,5.5,28.2,22.513777,88.409424
2026-08-23T06:25:22.517087+05:30,1543,86.5,283,701,698,5.5,28.2,22.513849,88.409453
2026-08-23T06:25:29.682154+05:30,1537,86.5,282,698,696,5.5,28.1,22.513838,88.409428
2026-08-23T06:25:36.856762+05:30,1537,86.7,282,698,696,5.5,28.2,22.513807,88.409411
2026-08-23T06:25:44.018753+05:30,1554,86.5,285,706,704,5.6,28.2,22.513784,88.409372
2026-08-23T06:25:51.390291+05:30,1532,86.7,281,696,693,5.6,28.2,,
2026-08-23T06:25:58.564536+05:30,1537,86.7,282,698,696,5.6,28.2,,
2026-08-23T06:26:05.730615+05:30,1532,86.5,281,696,693,5.6,28.2,,
2026-08-23T06:26:12.916203+05:30,1532,86.5,281,696,693,5.6,28.2,22.513574,88.409609
2026-08-23T06:26:20.070307+05:30,1532,86.5,281,696,693,5.6,28.2,22.513516,88.409681
2026-08-23T06:26:27.436761+05:30,1526,86.7,280,693,690,5.6,28.2,22.513444,88.40973
2026-08-23T06:26:34.608070+05:30,1548,86.5,284,703,701,5.6,28.2,22.513437,88.40973
2026-08-23T06:26:41.778095+05:30,1537,86.5,282,698,696,5.6,28.2,22.513468,88.409737
2026-08-23T06:26:49.250692+05:30,1532,86.7,281,696,693,5.6,28.2,22.513454,88.409785
2026-08-23T06:26:56.723316+05:30,1543,86.7,283,701,698,5.6,28.2,22.513451,88.409772
2026-08-23T06:27:03.890248+05:30,1526,86.8,280,693,690,5.6,28.2,22.513383,88.409835
2026-08-23T06:27:11.070657+05:30,1537,86.5,282,698,696,5.6,28.2,22.513402,88.409792
2026-08-23T06:27:18.228978+05:30,1543,86.7,283,701,698,5.5,28.2,22.513443,88.409708
2026-08-23T06:27:25.397622+05:30,1537,86.5,282,698,696,5.5,28.2,22.513455,88.409674
2026-08-23T06:27:32.584719+05:30,1537,86.5,282,698,696,5.5,28.2,22.513491,88.409662
2026-08-23T06:27:39.729887+05:30,1537,86.7,282,698,696,5.5,28.2,22.513496,88.409689
2026-08-23T06:27:47.105248+05:30,1537,86.7,282,698,696,5.5,28.2,22.513455,88.409728
2026-08-23T06:27:54.274483+05:30,1532,86.5,281,696,693,5.5,28.2,22.513438,88.409741
2026-08-23T06:28:01.652388+05:30,1543,86.5,283,701,698,5.6,28.2,,
2026-08-23T06:28:08.813666+05:30,1537,86.7,282,698,696,5.5,28.2,,
2026-08-23T06:28:15.979032+05:30,1532,86.7,281,696,693,5.5,28.2,,
2026-08-23T06:28:23.147760+05:30,1537,86.5,282,698,696,5.5,28.2,,
2026-08-23T06:28:30.319758+05:30,1537,86.5,282,698,696,5.5,28.2,,
2026-08-23T06:28:37.691822+05:30,1537,86.5,282,698,696,5.5,28.2,,
2026-08-23T06:28:44.860547+05:30,1537,86.7,282,698,696,5.5,28.2,,
2026-08-23T06:28:52.330489+05:30,1543,86.7,283,701,698,5.5,28.2,,
2026-08-23T06:29:00.017168+05:30,1537,86.7,282,698,696,5.5,28.2,,
2026-08-23T06:29:07.184531+05:30,1526,86.7,280,693,690,5.5,28.2,22.513338,88.409803
2026-08-23T06:29:14.356970+05:30,1537,86.5,282,698,696,5.5,28.2,22.513506,88.409649
2026-08-23T06:29:21.524309+05:30,1543,86.7,283,701,698,5.5,28.2,22.513624,88.409481
2026-08-23T06:29:28.684488+05:30,1543,86.5,283,701,698,5.5,28.2,22.513632,88.409472
2026-08-23T06:29:35.856064+05:30,1537,86.7,282,698,696,5.5,28.2,22.513637,88.409463
2026-08-23T06:29:43.024124+05:30,1537,86.5,282,698,696,5.5,28.2,,
2026-08-23T06:29:50.192057+05:30,1543,86.7,283,701,698,5.5,28.2,,
2026-08-23T06:29:57.362195+05:30,1537,86.7,282,698,696,5.5,28.2,,
2026-08-23T06:30:04.737311+05:30,1532,86.7,281,696,693,5.5,28.2,,
2026-08-23T06:30:12.109802+05:30,1548,86.7,284,703,701,5.6,28.2,22.513573,88.409493
2026-08-23T06:30:19.304126+05:30,1532,86.7,281,696,693,5.6,28.2,,
2026-08-23T06:30:26.443164+05:30,1526,86.7,280,693,690,5.6,28.2,,
2026-08-23T06:30:33.610624+05:30,1537,86.7,282,698,696,5.6,28.2,,
2026-08-23T06:30:40.781082+05:30,1532,86.7,281,696,693,5.6,28.2,,
2026-08-23T06:30:48.151614+05:30,1537,86.7,282,698,696,5.6,28.2,,
2026-08-23T06:30:55.933363+05:30,1537,86.7,282,698,696,5.6,28.2,,
2026-08-23T06:31:03.313334+05:30,1537,86.7,282,698,696,5.6,28.2,,
2026-08-23T06:31:10.478399+05:30,1554,86.7,285,706,704,5.6,28.2,,
2026-08-23T06:31:17.641952+05:30,1537,86.5,282,698,696,5.6,28.2,,
2026-08-23T06:31:24.808786+05:30,1537,86.7,282,698,696,5.6,28.2,,
2026-08-23T06:31:31.979224+05:30,1543,86.7,283,701,698,5.6,28.2,,
2026-08-23T06:31:39.142240+05:30,1532,86.7,281,696,693,5.6,28.2,,
2026-08-23T06:31:46.311577+05:30,1537,86.7,282,698,696,5.6,28.2,,
2026-08-23T06:31:53.482154+05:30,1537,86.5,282,698,696,5.6,28.2,,
2026-08-23T06:32:00.662085+05:30,1537,86.7,282,698,696,5.6,28.2,,
2026-08-23T06:32:07.815943+05:30,1537,86.7,282,698,696,5.6,28.2,,
2026-08-23T06:32:14.983933+05:30,1537,86.7,282,698,696,5.5,28.2,,
2026-08-23T06:32:22.359710+05:30,1537,86.7,282,698,696,5.5,28.2,,
2026-08-23T06:32:29.529051+05:30,1532,86.5,281,696,693,5.6,28.2,,
2026-08-23T06:32:36.697970+05:30,1532,86.7,281,696,693,5.5,28.2,,
2026-08-23T06:32:43.966297+05:30,1543,86.7,283,701,698,5.5,28.2,,
2026-08-23T06:32:51.237771+05:30,1543,86.7,283,701,698,5.5,28.2,,
2026-08-23T06:32:59.225005+05:30,1532,86.7,281,696,693,5.5,28.2,,
2026-08-23T06:33:06.393538+05:30,1532,86.7,281,696,693,5.5,28.2,,
2026-08-23T06:33:13.663588+05:30,1543,86.7,283,701,698,5.5,28.2,,
2026-08-23T06:33:20.728762+05:30,1532,86.5,281,696,693,5.5,28.2,,
2026-08-23T06:33:28.101069+05:30,1537,86.7,282,698,696,5.6,28.2,,
2026-08-23T06:33:35.272747+05:30,1537,86.7,282,698,696,5.6,28.2,,
2026-08-23T06:33:42.439832+05:30,1543,86.7,283,701,698,5.6,28.2,,
2026-08-23T06:33:49.606547+05:30,1548,86.7,284,703,701,5.6,28.2,,
2026-08-23T06:33:56.773762+05:30,1548,86.7,284,703,701,5.6,28.2,,
2026-08-23T06:34:03.943837+05:30,1537,86.5,282,698,696,5.6,28.2,,
2026-08-23T06:34:11.110590+05:30,1543,86.7,283,701,698,5.6,28.2,,
2026-08-23T06:34:18.483772+05:30,1537,86.7,282,698,696,5.6,28.2,,
2026-08-23T06:34:25.651484+05:30,1526,86.7,280,693,690,5.6,28.2,,
2026-08-23T06:34:32.821092+05:30,1537,86.7,282,698,696,5.6,28.2,,
2026-08-23T06:34:39.988118+05:30,1537,86.7,282,698,696,5.6,28.2,,
2026-08-23T06:34:47.155674+05:30,1532,86.5,281,696,693,5.6,28.2,,
2026-08-23T06:34:54.527816+05:30,1543,86.7,283,701,698,5.6,28.2,,
2026-08-23T06:35:02.160049+05:30,1532,86.7,281,696,693,5.6,28.2,,
2026-08-23T06:35:09.273098+05:30,1532,86.5,281,696,693,5.6,28.2,,
2026-08-23T06:35:16.653259+05:30,1537,86.7,282,698,696,5.6,28.2,,
2026-08-23T06:35:23.814358+05:30,1537,86.7,282,698,696,5.6,28.2,,
2026-08-23T06:35:30.981179+05:30,1532,86.7,281,696,693,5.6,28.2,,
2026-08-23T06:35:38.147474+05:30,1537,86.7,282,698,696,5.6,28.2,,
2026-08-23T06:35:45.332481+05:30,1537,86.7,282,698,696,5.6,28.3,,
2026-08-23T06:35:52.538116+05:30,1532,86.7,281,696,693,5.6,28.3,22.513576,88.409572
2026-08-23T06:35:59.859013+05:30,1537,86.7,282,698,696,5.6,28.2,22.513548,88.409581
2026-08-23T06:36:07.082738+05:30,1537,86.5,282,698,696,5.6,28.3,22.513519,88.409566
2026-08-23T06:36:14.437143+05:30,1537,86.8,282,698,696,5.6,28.2,22.513518,88.409573
2026-08-23T06:36:24.675370+05:30,1537,86.7,282,698,696,5.6,28.2,22.513505,88.409571
2026-08-23T06:36:31.911248+05:30,1532,86.5,281,696,693,5.6,28.2,22.513474,88.409571
2026-08-23T06:36:39.081958+05:30,1537,86.7,282,698,696,5.6,28.3,22.513439,88.409581
2026-08-23T06:36:46.248618+05:30,1537,86.7,282,698,696,5.6,28.3,22.513439,88.409608
2026-08-23T06:36:53.417327+05:30,1537,86.5,282,698,696,5.6,28.3,22.513446,88.409583
2026-08-23T06:37:00.653651+05:30,1537,86.7,282,698,696,5.6,28.3,22.51346,88.409585
2026-08-23T06:37:07.976939+05:30,1537,86.7,282,698,696,5.6,28.3,22.513538,88.409613
2026-08-23T06:37:15.127025+05:30,1543,86.7,283,701,698,5.6,28.3,22.513569,88.409598
2026-08-23T06:37:22.498386+05:30,1537,86.7,282,698,696,5.6,28.3,22.513596,88.409597
2026-08-23T06:37:29.668169+05:30,1543,86.7,283,701,698,5.6,28.3,22.513604,88.409612
2026-08-23T06:37:36.830611+05:30,1537,86.7,282,698,696,5.6,28.2,22.513624,88.409623
2026-08-23T06:37:44.003216+05:30,1543,86.5,283,701,698,5.6,28.3,22.513648,88.409657
2026-08-23T06:37:51.167485+05:30,1543,86.7,283,701,698,5.6,28.3,22.51364,88.409651
2026-08-23T06:37:58.334489+05:30,1543,86.7,283,701,698,5.6,28.3,22.513643,88.409651
2026-08-23T06:38:05.505801+05:30,1537,86.5,282,698,696,5.6,28.3,22.513651,88.409642
2026-08-23T06:38:12.677414+05:30,1543,86.7,283,701,698,5.6,28.3,22.513647,88.409665
2026-08-23T06:38:19.839516+05:30,1537,86.7,282,698,696,5.6,28.3,22.51366,88.409686
2026-08-23T06:38:27.212886+05:30,1548,86.5,284,703,701,5.6,28.3,22.513683,88.40971
2026-08-23T06:38:34.385640+05:30,1543,86.5,283,701,698,5.6,28.2,22.51368,88.40973
2026-08-23T06:38:41.658659+05:30,1537,86.7,282,698,696,5.6,28.3,,
2026-08-23T06:38:48.823532+05:30,1532,86.7,281,696,693,5.6,28.3,,
2026-08-23T06:38:56.399917+05:30,1537,86.7,282,698,696,5.6,28.3,,
2026-08-23T06:39:03.566529+05:30,1537,86.7,282,698,696,5.6,28.3,,
2026-08-23T06:39:10.737736+05:30,1543,86.7,283,701,698,5.6,28.3,,
2026-08-23T06:39:17.912755+05:30,1532,86.7,281,696,693,5.6,28.3,22.513622,88.409752
2026-08-23T06:39:25.064114+05:30,1543,86.7,283,701,698,5.6,28.3,22.513613,88.409764
2026-08-23T06:39:32.442501+05:30,1543,86.7,283,701,698,5.6,28.3,22.513579,88.409738
2026-08-23T06:39:39.608593+05:30,1526,86.7,280,693,690,5.6,28.3,22.513523,88.409714
2026-08-23T06:39:46.779501+05:30,1537,86.7,282,698,696,5.6,28.3,22.513524,88.409695
2026-08-23T06:39:54.172818+05:30,1532,86.7,281,696,693,5.6,28.3,22.51352,88.409688
2026-08-23T06:40:01.315175+05:30,1543,86.7,283,701,698,5.6,28.3,22.513483,88.409683
2026-08-23T06:40:08.487388+05:30,1543,86.7,283,701,698,5.6,28.3,22.513441,88.409662
2026-08-23T06:40:15.655098+05:30,1537,86.7,282,698,696,5.6,28.3,22.513455,88.40964
2026-08-23T06:40:23.023732+05:30,1526,86.7,280,693,690,5.6,28.3,22.513447,88.409699
2026-08-23T06:40:30.198708+05:30,1537,86.7,282,698,696,5.6,28.3,22.513452,88.4097
2026-08-23T06:40:37.574244+05:30,1543,86.7,283,701,698,5.6,28.3,22.51343,88.409702
2026-08-23T06:40:44.847719+05:30,1543,86.7,283,701,698,5.6,28.3,22.513297,88.409618
2026-08-23T06:40:52.008454+05:30,1537,86.7,282,698,696,5.6,28.3,22.513267,88.409584
2026-08-23T06:40:59.179911+05:30,1520,86.7,278,690,687,5.6,28.3,22.51329,88.40958
2026-08-23T06:41:06.352447+05:30,1543,86.7,283,701,698,5.6,28.3,22.513316,88.409626
2026-08-23T06:41:13.612353+05:30,1532,86.7,281,696,693,5.6,28.3,22.513318,88.40964
2026-08-23T06:41:20.809541+05:30,1543,86.7,283,701,698,5.6,28.3,22.51328,88.409652
2026-08-23T06:41:27.950191+05:30,1543,86.7,283,701,698,5.6,28.3,22.513384,88.409666
2026-08-23T06:41:35.339077+05:30,1537,86.7,282,698,696,5.6,28.3,22.513463,88.409654
2026-08-23T06:41:42.697554+05:30,1537,86.7,282,698,696,5.6,28.3,22.513458,88.409662
2026-08-23T06:41:49.868470+05:30,1537,86.7,282,698,696,5.6,28.3,22.513376,88.409685
2026-08-23T06:41:57.037562+05:30,1543,86.7,283,701,698,5.6,28.3,22.513367,88.409655
2026-08-23T06:42:04.200520+05:30,1548,86.7,284,703,701,5.6,28.3,22.513379,88.40966
2026-08-23T06:42:11.368995+05:30,1543,86.7,283,701,698,5.6,28.3,22.513389,88.40969
2026-08-23T10:16:39.725252+05:30,0,2.5,0,0,0,4.8,28.2,,
2026-08-23T10:16:47.098617+05:30,0,2.5,0,0,0,4.8,28.3,,
2026-08-23T10:16:54.459332+05:30,0,2.5,0,0,0,4.7,28.4,,
2026-08-23T10:17:01.837229+05:30,0,2.5,0,0,0,4.7,28.5,,
2026-08-23T10:17:09.033143+05:30,33,18.1,0,0,0,9.0,28.6,,
2026-08-23T10:17:16.695292+05:30,34,21.1,0,0,0,8.5,28.7,,
2026-08-23T10:17:24.193984+05:30,56,23.5,0,0,0,8.1,28.0,,
2026-08-23T10:17:31.542933+05:30,57,23.7,0,0,0,7.1,27.3,,
2026-08-23T10:17:39.172274+05:30,291,63.1,22,97,90,9.0,27.1,,
2026-08-23T10:17:46.288769+05:30,423,81.8,49,161,154,8.9,27.6,,
2026-08-23T10:17:53.856360+05:30,420,81.5,49,159,152,8.2,27.8,,
2026-08-23T10:18:01.650268+05:30,417,80.0,48,158,151,7.9,27.8,,
2026-08-23T10:18:08.887310+05:30,414,78.9,47,156,150,7.6,27.8,,
2026-08-23T10:18:15.981948+05:30,412,78.9,47,155,149,7.5,27.8,,
2026-08-23T10:18:23.136307+05:30,411,78.9,47,155,148,7.3,27.8,,
2026-08-23T10:18:30.320547+05:30,410,78.6,47,154,148,7.3,27.8,,
2026-08-23T10:18:37.504670+05:30,409,78.2,46,154,147,7.2,27.8,,
2026-08-23T10:18:44.690528+05:30,408,77.8,46,154,147,7.1,27.8,,
2026-08-23T10:18:51.821644+05:30,406,77.5,46,153,146,7.1,27.8,,
2026-08-23T10:18:59.000241+05:30,404,77.1,45,152,145,7.0,27.8,,
2026-08-23T10:19:06.374724+05:30,404,77.1,45,152,145,6.9,27.8,,
2026-08-23T10:19:13.544984+05:30,402,76.8,45,151,144,6.9,27.8,,
2026-08-23T10:19:20.702910+05:30,400,76.4,45,150,143,6.8,27.8,,
2026-08-23T10:19:27.864623+05:30,399,76.8,44,149,142,6.8,27.8,,
2026-08-23T10:19:35.034481+05:30,397,75.7,44,148,141,6.7,27.8,,
2026-08-23T10:19:42.192416+05:30,397,75.7,44,148,141,6.7,27.8,,
2026-08-23T10:19:49.381157+05:30,394,75.7,43,147,140,6.7,27.8,,
2026-08-23T10:19:56.555777+05:30,394,75.3,43,147,140,6.6,27.8,,
2026-08-23T10:20:03.710483+05:30,392,75.3,43,146,139,6.6,27.8,,
2026-08-23T10:20:12.374029+05:30,392,74.9,43,146,139,6.6,27.8,,
2026-08-23T10:20:20.300876+05:30,390,74.6,42,145,138,6.6,27.8,,
2026-08-23T10:20:28.682453+05:30,389,74.2,42,144,137,6.5,27.8,,
2026-08-23T10:20:36.058244+05:30,389,74.2,42,144,137,6.5,27.8,,
2026-08-23T10:20:43.235509+05:30,388,74.2,42,144,137,6.5,27.8,,
2026-08-23T10:20:50.404323+05:30,388,73.5,42,144,137,6.5,27.9,,
2026-08-23T10:20:57.569091+05:30,387,72.8,42,143,136,6.4,27.8,,
2026-08-23T10:21:04.751178+05:30,387,72.8,42,143,136,6.4,27.9,,
2026-08-23T10:21:11.914103+05:30,386,72.4,42,143,136,6.4,27.8,,
2026-08-23T10:21:19.084895+05:30,385,72.0,41,142,135,6.3,27.9,,
2026-08-23T10:21:26.244372+05:30,384,71.3,41,142,135,6.3,27.9,,
2026-08-23T10:21:33.823380+05:30,384,71.3,41,142,135,6.3,27.9,,
2026-08-23T10:21:41.606150+05:30,383,71.3,41,141,134,6.3,27.9,,
2026-08-23T10:21:48.971630+05:30,404,75.7,45,152,145,6.2,27.9,,
2026-08-23T10:21:56.765430+05:30,413,77.5,47,156,149,6.2,27.9,,
2026-08-23T10:22:03.940594+05:30,413,77.5,47,156,149,6.2,27.9,,
2026-08-23T10:22:11.298800+05:30,412,77.5,47,155,149,6.2,27.9,,
2026-08-23T10:22:18.669566+05:30,411,77.5,47,155,148,6.2,27.9,,
2026-08-23T10:22:26.048806+05:30,410,77.5,47,154,148,6.2,27.9,,
2026-08-23T10:22:33.828370+05:30,410,77.5,47,154,148,6.1,27.8,,
2026-08-23T10:22:41.194375+05:30,410,77.1,47,154,148,6.1,27.8,,
2026-08-23T10:22:48.358023+05:30,408,77.1,46,154,147,6.1,27.8,,
2026-08-23T10:22:55.733666+05:30,408,76.8,46,154,147,6.1,27.8,,
2026-08-23T10:23:02.933373+05:30,407,77.1,46,153,146,6.1,27.8,,
2026-08-23T10:23:10.296308+05:30,406,76.8,46,153,146,6.0,27.8,,
2026-08-23T10:23:17.870435+05:30,405,76.4,46,152,145,6.0,27.8,,
2026-08-23T10:23:25.434057+05:30,405,76.0,46,152,145,6.0,27.8,,
2026-08-23T10:23:33.027841+05:30,404,76.0,45,152,145,6.0,27.8,,
2026-08-23T10:23:40.594420+05:30,404,75.7,45,152,145,6.0,27.8,,
2026-08-23T10:23:48.375708+05:30,403,75.7,45,151,144,6.0,27.8,,
2026-08-23T10:23:56.361721+05:30,402,75.3,45,151,144,6.0,27.8,,
2026-08-23T10:24:07.208516+05:30,401,74.9,45,150,143,6.0,27.8,,
2026-08-23T10:24:14.616207+05:30,399,74.6,44,149,142,5.9,27.8,,
2026-08-23T10:24:22.166704+05:30,399,74.2,44,149,142,5.9,27.8,,
2026-08-23T10:24:29.334355+05:30,398,74.2,44,149,142,5.9,27.8,,
2026-08-23T10:24:36.771652+05:30,395,73.5,44,147,140,5.9,27.8,,
2026-08-23T10:24:44.287295+05:30,395,73.5,44,147,140,5.9,27.8,,
2026-08-23T10:24:52.076862+05:30,394,73.1,43,147,140,5.9,27.8,,
2026-08-23T10:24:59.656449+05:30,393,72.8,43,146,139,5.8,27.8,,
2026-08-23T10:25:07.442722+05:30,392,72.8,43,146,139,5.8,27.8,,
2026-08-23T10:25:14.798852+05:30,392,72.8,43,146,139,5.8,27.8,,
2026-08-23T10:25:22.378464+05:30,391,72.4,43,145,138,5.8,27.8,,
2026-08-23T10:25:29.957646+05:30,390,72.0,42,145,138,5.8,27.8,,
2026-08-23T10:25:37.743023+05:30,390,71.7,42,145,138,5.8,27.8,,
2026-08-23T10:25:45.526902+05:30,389,71.3,42,144,137,5.8,27.8,,
2026-08-23T10:25:53.294593+05:30,388,71.3,42,144,137,5.8,27.8,,
2026-08-23T10:26:00.900698+05:30,388,71.3,42,144,137,5.8,27.8,,
2026-08-23T10:26:08.048162+05:30,387,71.3,42,143,136,5.8,27.8,,
2026-08-23T10:26:15.632688+05:30,385,71.3,41,142,135,5.8,27.8,,
2026-08-23T10:26:22.792866+05:30,386,70.9,42,143,136,5.7,27.8,,
2026-08-23T10:26:30.171473+05:30,386,70.6,42,143,136,5.7,27.8,,
2026-08-23T10:26:37.538909+05:30,384,70.6,41,142,135,5.7,27.8,,
2026-08-23T10:26:45.131047+05:30,385,69.9,41,142,135,5.7,27.8,,
2026-08-23T10:26:52.699659+05:30,384,69.9,41,142,135,5.7,27.8,,
2026-08-23T10:27:00.272068+05:30,384,69.9,41,142,135,5.7,27.8,,
2026-08-23T10:27:08.061794+05:30,383,69.7,41,141,134,5.7,27.8,,
2026-08-23T10:27:15.222280+05:30,383,70.9,41,141,134,5.7,27.7,,
2026-08-23T10:27:22.810863+05:30,382,69.5,41,141,134,5.7,27.8,,
2026-08-23T10:27:30.797802+05:30,383,69.5,41,141,134,5.7,27.8,,
2026-08-23T10:27:38.375993+05:30,382,69.5,41,141,134,5.7,27.8,,
2026-08-23T10:27:45.733149+05:30,382,69.5,41,141,134,5.7,27.8,,
2026-08-23T10:27:53.546255+05:30,382,69.3,41,141,134,5.7,27.8,,
2026-08-23T10:28:01.505426+05:30,382,69.3,41,141,134,5.7,27.8,,
2026-08-23T10:28:09.090834+05:30,381,69.5,41,140,134,5.7,27.7,,
2026-08-23T10:28:16.864927+05:30,381,69.3,41,140,134,5.7,27.7,,
2026-08-23T10:28:24.251413+05:30,381,69.3,41,140,134,5.6,27.7,,
2026-08-23T10:28:31.406626+05:30,381,69.3,41,140,134,5.6,27.7,,
2026-08-23T10:28:38.777090+05:30,380,69.3,40,140,133,5.6,27.7,,
2026-08-23T10:28:46.197242+05:30,380,69.1,40,140,133,5.6,27.7,,
2026-08-23T10:28:54.131335+05:30,406,77.1,46,153,146,5.6,27.7,,
2026-08-23T10:29:01.509831+05:30,425,81.8,50,162,155,5.6,27.7,,
2026-08-23T10:29:08.901060+05:30,425,81.5,50,162,155,5.6,27.7,,
2026-08-23T10:29:16.288627+05:30,426,81.1,50,162,155,5.6,27.7,,
2026-08-23T10:29:24.259409+05:30,426,81.1,50,162,155,5.6,27.7,,
2026-08-23T10:29:31.621278+05:30,427,81.1,50,163,156,5.6,27.7,,
2026-08-23T10:29:39.398523+05:30,426,80.8,50,162,155,5.6,27.7,,
2026-08-23T10:29:47.008209+05:30,425,80.8,50,162,155,5.6,27.7,,
2026-08-23T10:29:54.390458+05:30,425,80.4,50,162,155,5.5,27.7,,
2026-08-23T10:30:01.742346+05:30,424,80.4,50,161,154,5.5,27.7,,
2026-08-23T10:30:09.708891+05:30,423,80.4,49,161,154,5.5,27.7,,
2026-08-23T10:30:17.506288+05:30,423,80.4,49,161,154,5.5,27.7,,
2026-08-23T10:30:25.077413+05:30,421,79.7,49,160,153,5.5,27.7,,
2026-08-23T10:30:32.448298+05:30,419,78.9,49,159,152,5.5,27.7,,
2026-08-23T10:30:40.302204+05:30,418,78.9,48,158,152,5.5,27.7,,
2026-08-23T10:30:47.406634+05:30,418,78.9,48,158,152,5.5,27.7,,
2026-08-23T10:30:54.967596+05:30,416,78.6,48,157,151,5.5,27.7,,
2026-08-23T10:31:02.759896+05:30,415,78.6,48,157,150,5.5,27.7,,
2026-08-23T10:31:10.134509+05:30,414,77.8,47,156,150,5.5,27.7,,
2026-08-23T10:31:17.735504+05:30,414,77.8,47,156,150,5.5,27.7,,
2026-08-23T10:31:25.486032+05:30,411,77.8,47,155,148,5.5,27.7,,
2026-08-23T10:31:32.863035+05:30,411,77.5,47,155,148,5.5,27.7,,
2026-08-23T10:31:40.650222+05:30,412,77.5,47,155,149,5.5,27.7,,
2026-08-23T10:31:48.216872+05:30,413,78.2,47,156,149,5.5,27.7,,
2026-08-23T10:31:56.023617+05:30,411,77.5,47,155,148,5.5,27.7,,
2026-08-23T10:32:03.996427+05:30,411,77.5,47,155,148,5.4,27.7,,
2026-08-23T10:32:11.593455+05:30,410,77.5,47,154,148,5.4,27.7,,
2026-08-23T10:32:18.756287+05:30,410,77.1,47,154,148,5.4,27.7,,
2026-08-23T10:32:26.318858+05:30,411,77.1,47,155,148,5.4,27.7,,
2026-08-23T10:32:35.118176+05:30,410,77.1,47,154,148,5.4,27.7,,
2026-08-23T10:32:43.103329+05:30,409,77.1,46,154,147,5.4,27.7,,
2026-08-23T10:32:50.691567+05:30,408,77.1,46,154,147,5.4,27.7,,
2026-08-23T10:32:58.468216+05:30,408,76.8,46,154,147,5.4,27.7,,
2026-08-23T10:33:06.053546+05:30,407,76.8,46,153,146,5.4,27.7,,
2026-08-23T10:33:13.614674+05:30,408,76.8,46,154,147,5.4,27.7,,
2026-08-23T10:33:21.219127+05:30,406,76.8,46,153,146,5.4,27.7,,
2026-08-23T10:33:29.196315+05:30,405,76.8,46,152,145,5.4,27.7,,
2026-08-23T10:33:36.769867+05:30,405,76.4,46,152,145,5.4,27.6,,
2026-08-23T10:33:44.344173+05:30,404,76.4,45,152,145,5.4,27.6,,
2026-08-23T10:33:51.909753+05:30,405,76.4,46,152,145,5.4,27.6,,
2026-08-23T10:33:59.297707+05:30,404,76.0,45,152,145,5.4,27.6,,
2026-08-23T10:34:06.865639+05:30,403,76.0,45,151,144,5.4,27.6,,
2026-08-23T10:34:14.447117+05:30,403,76.0,45,151,144,5.4,27.7,,
2026-08-23T10:34:21.828209+05:30,403,76.0,45,151,144,5.4,27.6,,
2026-08-23T10:34:29.191810+05:30,401,75.7,45,150,143,5.4,27.6,,
2026-08-23T10:34:36.980453+05:30,401,75.7,45,150,143,5.3,27.6,,
2026-08-23T10:34:44.964313+05:30,402,75.7,45,151,144,5.3,27.6,,
2026-08-23T10:34:52.545379+05:30,400,75.7,45,150,143,5.3,27.6,,
2026-08-23T10:35:00.328580+05:30,400,75.7,45,150,143,5.3,27.6,,
2026-08-23T10:35:07.902965+05:30,400,74.9,45,150,143,5.3,27.6,,
2026-08-23T10:35:15.068192+05:30,400,75.3,45,150,143,5.3,27.6,,
2026-08-23T10:35:22.641983+05:30,402,74.9,45,151,144,5.3,27.6,,
2026-08-23T10:35:30.258538+05:30,399,74.9,44,149,142,5.3,27.6,,
2026-08-23T10:35:37.387517+05:30,399,74.9,44,149,142,5.3,27.6,,
2026-08-23T10:35:45.184575+05:30,400,74.6,45,150,143,5.3,27.6,,
2026-08-23T10:35:52.552282+05:30,399,74.6,44,149,142,5.3,27.6,,
2026-08-23T10:35:59.928415+05:30,442,87.2,53,170,163,5.3,27.6,,
2026-08-23T10:36:07.090291+05:30,456,85.4,56,177,170,5.3,27.7,,
2026-08-23T10:36:14.888833+05:30,460,85.0,57,179,172,5.3,27.7,,
2026-08-23T10:36:22.446364+05:30,459,84.5,57,178,171,5.3,27.7,,
2026-08-23T10:36:30.033941+05:30,459,84.4,57,178,171,5.2,27.7,,
2026-08-23T10:36:37.604162+05:30,460,84.5,57,179,172,5.3,27.7,,
2026-08-23T10:36:45.600299+05:30,460,84.2,57,179,172,5.3,27.7,,
2026-08-23T10:36:53.178767+05:30,460,84.2,57,179,172,5.3,27.7,,
2026-08-23T10:37:00.851297+05:30,460,84.0,57,179,172,5.3,27.7,,
2026-08-23T10:37:08.422070+05:30,458,83.7,57,178,171,5.3,27.7,,
2026-08-23T10:37:16.218641+05:30,457,83.7,56,177,170,5.3,27.7,,
2026-08-23T10:37:24.027977+05:30,458,83.3,57,178,171,5.3,27.7,,
2026-08-23T10:37:31.577259+05:30,456,83.3,56,177,170,5.3,27.6,,
2026-08-23T10:37:38.939769+05:30,457,83.3,56,177,170,5.3,27.7,,
2026-08-23T10:37:46.717672+05:30,456,83.3,56,177,170,5.3,27.6,,
2026-08-23T10:37:54.516118+05:30,456,83.3,56,177,170,5.3,27.6,,
2026-08-23T10:38:02.288774+05:30,455,83.3,56,176,170,5.3,27.7,,
2026-08-23T10:38:09.661195+05:30,455,83.3,56,176,170,5.3,27.6,,
2026-08-23T10:38:17.232467+05:30,455,83.3,56,176,170,5.2,27.7,,
2026-08-23T10:38:24.417444+05:30,454,82.9,56,176,169,5.2,27.7,,
2026-08-23T10:38:31.779733+05:30,454,82.9,56,176,169,5.2,27.6,,
2026-08-23T10:38:38.958297+05:30,454,82.6,56,176,169,5.2,27.7,,
2026-08-23T10:38:46.113420+05:30,452,82.6,55,175,168,5.2,27.6,,
2026-08-23T10:38:53.282761+05:30,455,82.6,56,176,170,5.2,27.7,,
2026-08-23T10:39:00.466358+05:30,452,82.6,55,175,168,5.2,27.6,,
2026-08-23T10:39:07.615508+05:30,453,82.6,56,175,169,5.2,27.6,,
2026-08-23T10:39:14.791505+05:30,453,82.6,56,175,169,5.2,27.6,,
2026-08-23T10:39:21.960633+05:30,453,82.2,56,175,169,5.2,27.7,,
2026-08-23T10:39:29.127213+05:30,453,82.2,56,175,169,5.2,27.7,,
2026-08-23T10:39:36.304563+05:30,453,82.2,56,175,169,5.2,27.7,,
2026-08-23T10:39:43.492944+05:30,453,82.2,56,175,169,5.2,27.7,,
2026-08-23T10:39:51.030182+05:30,452,82.2,55,175,168,5.2,27.6,,
2026-08-23T10:39:58.611314+05:30,452,81.8,55,175,168,5.2,27.7,,
2026-08-23T10:40:05.989937+05:30,453,82.2,56,175,169,5.2,27.7,,
2026-08-23T10:40:13.575286+05:30,452,82.2,55,175,168,5.2,27.6,,
2026-08-23T10:40:21.153126+05:30,452,82.2,55,175,168,5.2,27.6,,
2026-08-23T10:40:28.523040+05:30,452,81.8,55,175,168,5.2,27.7,,
2026-08-23T10:40:36.297599+05:30,450,81.8,55,174,167,5.2,27.7,,
2026-08-23T10:40:44.118824+05:30,450,81.8,55,174,167,5.2,27.7,,
2026-08-23T10:40:52.080281+05:30,449,81.8,55,173,167,5.2,27.6,,
2026-08-23T10:40:59.522376+05:30,450,81.8,55,174,167,5.2,27.7,,
2026-08-23T10:41:08.250090+05:30,449,81.8,55,173,167,5.2,27.7,,
2026-08-23T10:41:15.617310+05:30,449,81.8,55,173,167,5.2,27.7,,
2026-08-23T10:41:22.793287+05:30,449,82.6,55,173,167,5.2,27.7,,
2026-08-23T10:41:29.960898+05:30,449,81.8,55,173,167,5.2,27.7,,
2026-08-23T10:41:37.123976+05:30,448,81.8,55,173,166,5.2,27.7,,
2026-08-23T10:41:44.501759+05:30,448,81.8,55,173,166,5.2,27.7,,
2026-08-23T10:41:51.660220+05:30,447,81.8,54,172,166,5.2,27.6,,
2026-08-23T10:41:58.846190+05:30,448,81.8,55,173,166,5.2,27.7,,
2026-08-23T10:42:06.044667+05:30,447,81.5,54,172,166,5.1,27.7,,
2026-08-23T10:42:13.166726+05:30,455,84.4,56,176,170,5.1,27.7,,
2026-08-23T10:42:20.352640+05:30,467,88.5,59,182,175,5.1,27.7,,
2026-08-23T10:42:27.517033+05:30,469,89.0,59,183,176,5.1,27.7,,
2026-08-23T10:42:34.682114+05:30,468,88.5,59,182,176,5.1,27.7,,
2026-08-23T10:42:41.865879+05:30,467,87.7,59,182,175,5.1,27.7,,
2026-08-23T10:42:49.016786+05:30,468,87.0,59,182,176,5.1,27.7,,
2026-08-23T10:42:56.221409+05:30,468,86.5,59,182,176,5.2,27.7,,
2026-08-23T10:43:03.759777+05:30,468,86.2,59,182,176,5.1,27.7,,
2026-08-23T10:43:10.817577+05:30,469,86.0,59,183,176,5.1,27.7,,
2026-08-23T10:43:18.204930+05:30,469,85.9,59,183,176,5.1,27.7,,
2026-08-23T10:43:25.773367+05:30,468,85.7,59,182,176,5.1,27.7,,
2026-08-23T10:43:33.559924+05:30,471,85.7,59,184,177,5.1,27.6,,
2026-08-23T10:43:41.331859+05:30,470,85.7,59,183,177,5.1,27.7,,
2026-08-23T10:43:48.725282+05:30,470,85.5,59,183,177,5.1,27.7,,
2026-08-23T10:43:56.698893+05:30,471,85.9,59,184,177,5.1,27.7,,
2026-08-23T10:44:04.109915+05:30,472,85.9,60,184,178,5.1,27.6,,
2026-08-23T10:44:11.237181+05:30,470,85.5,59,183,177,5.1,27.7,,
2026-08-23T10:44:18.409039+05:30,470,85.5,59,183,177,5.1,27.7,,
2026-08-23T10:44:26.014128+05:30,470,85.4,59,183,177,5.1,27.7,,
2026-08-23T10:44:33.578140+05:30,467,85.2,59,182,175,5.1,27.6,,
2026-08-23T10:44:40.944704+05:30,467,85.0,59,182,175,5.1,27.7,,
2026-08-23T10:44:48.517259+05:30,467,85.0,59,182,175,5.1,27.6,,
2026-08-23T10:44:56.098973+05:30,466,85.0,58,181,175,5.1,27.7,,
2026-08-23T10:45:03.679195+05:30,466,85.0,58,181,175,5.1,27.6,,
2026-08-23T10:45:11.143926+05:30,467,85.0,59,182,175,5.1,27.7,,
2026-08-23T10:45:18.419075+05:30,466,85.0,58,181,175,5.1,27.7,,
2026-08-23T10:45:25.783798+05:30,466,85.0,58,181,175,5.1,27.7,,
2026-08-23T10:45:35.807185+05:30,466,85.0,58,181,175,5.1,27.7,,
2026-08-23T10:45:43.204172+05:30,467,85.0,59,182,175,5.1,27.6,,
2026-08-23T10:45:50.781027+05:30,466,85.0,58,181,175,5.1,27.7,,
2026-08-23T10:45:58.143861+05:30,467,85.0,59,182,175,5.1,27.6,,
2026-08-23T10:46:05.517370+05:30,467,85.0,59,182,175,5.1,27.6,,
2026-08-23T10:46:12.893526+05:30,466,85.0,58,181,175,5.1,27.6,,
2026-08-23T10:46:20.466175+05:30,466,85.0,58,181,175,5.1,27.6,,
2026-08-23T10:46:27.831303+05:30,466,85.0,58,181,175,5.1,27.7,,
2026-08-23T10:46:35.427459+05:30,467,84.9,59,182,175,5.1,27.6,,
2026-08-23T10:46:42.789276+05:30,466,85.0,58,181,175,5.1,27.6,,
2026-08-23T10:46:50.161660+05:30,466,85.0,58,181,175,5.1,27.6,,
2026-08-23T10:46:57.532826+05:30,465,85.0,58,181,174,5.1,27.7,,
2026-08-23T10:47:04.922834+05:30,466,85.0,58,181,175,5.1,27.7,,
2026-08-23T10:47:12.692949+05:30,466,85.0,58,181,175,5.1,27.7,,
2026-08-23T10:47:20.083732+05:30,467,84.9,59,182,175,5.1,27.6,,
2026-08-23T10:47:27.444497+05:30,467,84.9,59,182,175,5.1,27.7,,
2026-08-23T10:47:35.436596+05:30,467,85.0,59,182,175,5.1,27.6,,
2026-08-23T10:47:43.208573+05:30,465,85.0,58,181,174,5.0,27.6,,
2026-08-23T10:47:51.196220+05:30,466,85.0,58,181,175,5.0,27.7,,
2026-08-23T10:47:58.982568+05:30,466,85.0,58,181,175,5.0,27.6,,
2026-08-23T10:48:06.768838+05:30,467,85.0,59,182,175,5.0,27.6,,
2026-08-23T10:48:14.952076+05:30,466,84.9,58,181,175,5.0,27.6,,
2026-08-23T10:48:22.529095+05:30,477,88.6,61,187,180,5.0,27.7,,
2026-08-23T10:48:30.312227+05:30,481,89.1,61,189,182,5.0,27.6,,
2026-08-23T10:48:37.888604+05:30,482,88.5,62,189,183,5.0,27.7,,
2026-08-23T10:48:45.780673+05:30,484,88.3,62,190,184,5.0,27.6,,
2026-08-23T10:48:52.837301+05:30,483,88.1,62,190,183,5.0,27.6,,
2026-08-23T10:49:00.925179+05:30,483,87.8,62,190,183,5.0,27.6,,
2026-08-23T10:49:09.156407+05:30,484,87.8,62,190,184,5.0,27.6,,
2026-08-23T10:49:16.604874+05:30,486,87.7,62,191,185,5.0,27.6,,
2026-08-23T10:49:24.378751+05:30,485,87.7,62,191,184,5.0,27.7,,
2026-08-23T10:49:31.747331+05:30,485,87.7,62,191,184,5.0,27.7,,
2026-08-23T10:49:39.139639+05:30,486,87.7,62,191,185,5.0,27.7,,
2026-08-23T10:49:47.100563+05:30,486,87.8,62,191,185,5.0,27.6,,
2026-08-23T10:49:54.507875+05:30,486,87.5,62,191,185,5.0,27.6,,
2026-08-23T10:50:02.061924+05:30,484,87.5,62,190,184,5.0,27.6,,
2026-08-23T10:50:10.058154+05:30,485,87.5,62,191,184,5.0,27.6,,
2026-08-23T10:50:17.628896+05:30,486,87.5,62,191,185,5.0,27.6,,
2026-08-23T10:50:25.415470+05:30,485,87.5,62,191,184,5.0,27.6,,
2026-08-23T10:50:33.191086+05:30,486,87.5,62,191,185,5.0,27.6,,
2026-08-23T10:50:40.593642+05:30,486,87.3,62,191,185,5.0,27.6,,
2026-08-23T10:50:47.966178+05:30,485,87.5,62,191,184,5.0,27.6,,
2026-08-23T10:50:55.101517+05:30,485,87.3,62,191,184,5.0,27.7,,
2026-08-23T10:51:02.478737+05:30,484,87.5,62,190,184,5.0,27.6,,
2026-08-23T10:51:09.846161+05:30,482,87.2,62,189,183,5.0,27.6,,
2026-08-23T10:51:17.008721+05:30,481,86.8,61,189,182,5.0,27.6,,
2026-08-23T10:51:24.188271+05:30,481,86.7,61,189,182,5.0,27.7,,
2026-08-23T10:51:31.784371+05:30,480,86.8,61,188,182,5.0,27.6,,
2026-08-23T10:51:39.743131+05:30,480,86.5,61,188,182,5.0,27.6,,
2026-08-23T10:51:47.148261+05:30,481,86.7,61,189,182,5.0,27.6,,
2026-08-23T10:51:57.574220+05:30,481,86.5,61,189,182,5.0,27.6,,
2026-08-23T10:52:05.341931+05:30,479,86.7,61,188,181,5.0,27.6,,
2026-08-23T10:52:12.412064+05:30,478,86.7,61,187,181,5.0,27.6,,
2026-08-23T10:52:20.135490+05:30,479,86.5,61,188,181,5.0,27.6,,
2026-08-23T10:52:27.678069+05:30,478,86.7,61,187,181,5.0,27.6,,
2026-08-23T10:52:35.050631+05:30,478,86.5,61,187,181,5.0,27.6,,
2026-08-23T10:52:42.625530+05:30,478,86.7,61,187,181,5.0,27.6,,
2026-08-23T10:52:49.997362+05:30,480,86.5,61,188,182,5.0,27.6,,
2026-08-23T10:52:57.383058+05:30,480,86.7,61,188,182,5.0,27.6,,
2026-08-23T10:53:05.356982+05:30,478,86.5,61,187,181,5.0,27.7,,
2026-08-23T10:53:13.152815+05:30,477,86.5,61,187,180,5.0,27.6,,
2026-08-23T10:53:20.724635+05:30,479,86.5,61,188,181,5.0,27.7,,
2026-08-23T10:53:28.583108+05:30,478,86.7,61,187,181,5.0,27.6,,
2026-08-23T10:53:36.093395+05:30,478,86.5,61,187,181,5.0,27.6,,
2026-08-23T10:53:44.068438+05:30,478,86.7,61,187,181,5.0,27.6,,
2026-08-23T10:53:51.238202+05:30,478,86.7,61,187,181,5.0,27.6,,
2026-08-23T10:53:58.402170+05:30,479,86.7,61,188,181,5.0,27.6,,
2026-08-23T10:54:05.568170+05:30,478,86.5,61,187,181,5.0,27.6,,
2026-08-23T10:54:12.737028+05:30,480,86.7,61,188,182,5.0,27.6,,
2026-08-23T10:54:19.904588+05:30,480,86.5,61,188,182,5.0,27.6,,
2026-08-23T10:54:27.072442+05:30,480,86.5,61,188,182,5.0,27.7,,
2026-08-23T10:54:34.243194+05:30,480,86.5,61,188,182,5.0,27.6,,
2026-08-23T10:54:41.599015+05:30,478,86.7,61,187,181,5.0,27.6,,
2026-08-23T10:54:48.774054+05:30,480,86.7,61,188,182,5.0,27.7,,
2026-08-23T10:54:55.965479+05:30,478,86.7,61,187,181,5.0,27.6,,
2026-08-23T10:55:03.115821+05:30,477,86.7,61,187,180,5.0,27.6,,
2026-08-23T10:55:10.937244+05:30,478,86.7,61,187,181,5.0,27.6,,
2026-08-23T10:55:18.484964+05:30,477,86.7,61,187,180,5.0,27.7,,
2026-08-23T10:55:26.047954+05:30,478,86.7,61,187,181,5.0,27.6,,
2026-08-23T10:55:33.841345+05:30,478,86.5,61,187,181,5.0,27.7,,
2026-08-23T10:55:41.417223+05:30,477,86.5,61,187,180,5.0,27.6,,
2026-08-23T10:55:48.579791+05:30,478,86.7,61,187,181,5.0,27.6,,
2026-08-23T10:55:55.744955+05:30,478,86.5,61,187,181,5.0,27.7,,
2026-08-23T10:56:02.923646+05:30,477,86.5,61,187,180,5.0,27.7,,
2026-08-23T10:56:10.288399+05:30,477,86.7,61,187,180,5.0,27.7,,
2026-08-23T10:56:17.660598+05:30,479,87.0,61,188,181,5.0,27.7,,
2026-08-23T10:56:27.539400+05:30,477,86.7,61,187,180,5.0,27.7,,
2026-08-23T10:56:34.662157+05:30,477,86.7,61,187,180,5.0,27.6,,
2026-08-23T10:56:41.836379+05:30,476,86.7,60,186,180,5.0,27.7,,
2026-08-23T10:56:49.004496+05:30,477,86.7,61,187,180,5.0,27.7,,
2026-08-23T10:56:56.199307+05:30,478,86.7,61,187,181,5.0,27.7,,
2026-08-23T10:57:03.324835+05:30,477,86.7,61,187,180,5.0,27.7,,
2026-08-23T10:57:10.508712+05:30,477,86.7,61,187,180,5.0,27.7,,
2026-08-23T10:57:17.880341+05:30,475,86.7,60,186,179,5.0,27.7,,
2026-08-23T10:57:25.263690+05:30,477,86.7,61,187,180,5.0,27.7,,
2026-08-23T10:57:33.025644+05:30,476,86.5,60,186,180,5.0,27.7,,
2026-08-23T10:57:40.204082+05:30,477,86.7,61,187,180,5.0,27.7,,
2026-08-23T10:57:47.815187+05:30,477,86.5,61,187,180,5.0,27.7,,
2026-08-23T10:57:55.179295+05:30,477,86.5,61,187,180,5.0,27.7,,
2026-08-23T10:58:02.718350+05:30,477,86.5,61,187,180,5.0,27.7,,
2026-08-23T10:58:09.899006+05:30,478,86.5,61,187,181,5.0,27.7,,
2026-08-23T10:58:17.263055+05:30,476,86.5,60,186,180,5.0,27.7,,
2026-08-23T10:58:24.449119+05:30,476,86.5,60,186,180,5.0,27.7,,
2026-08-23T10:58:31.611829+05:30,477,86.5,61,187,180,5.0,27.7,,
2026-08-23T10:58:38.770341+05:30,476,86.5,60,186,180,5.0,27.7,,
2026-08-23T10:58:46.141988+05:30,477,86.5,61,187,180,5.0,27.7,,
2026-08-23T10:58:53.298040+05:30,477,86.5,61,187,180,5.0,27.7,,
2026-08-23T10:59:00.480827+05:30,478,86.5,61,187,181,5.0,27.7,,
2026-08-23T10:59:07.647320+05:30,475,86.5,60,186,179,5.0,27.7,,
2026-08-23T10:59:14.829642+05:30,477,86.5,61,187,180,5.0,27.7,,
2026-08-23T10:59:22.090692+05:30,477,86.8,61,187,180,5.0,27.7,,
2026-08-23T10:59:29.160395+05:30,477,86.5,61,187,180,5.0,27.7,,
2026-08-23T10:59:36.316121+05:30,474,86.5,60,185,179,5.0,27.7,,
2026-08-23T10:59:43.912697+05:30,477,86.5,61,187,180,5.0,27.7,,
2026-08-23T10:59:51.051401+05:30,477,86.5,61,187,180,5.0,27.7,,
2026-08-23T10:59:58.462085+05:30,476,86.5,60,186,180,5.0,27.7,,
2026-08-23T11:00:06.019910+05:30,476,86.5,60,186,180,5.0,27.7,,
2026-08-23T11:00:13.222531+05:30,476,86.5,60,186,180,5.0,27.7,,
2026-08-23T11:00:20.764723+05:30,477,86.5,61,187,180,5.0,27.7,,
2026-08-23T11:00:27.927903+05:30,477,86.5,61,187,180,5.0,27.7,,
2026-08-23T11:00:35.101909+05:30,476,86.5,60,186,180,5.0,27.7,,
2026-08-23T11:00:42.574568+05:30,477,86.5,61,187,180,5.0,27.7,,
2026-08-23T11:00:49.940407+05:30,476,86.5,60,186,180,5.0,27.7,,
2026-08-23T11:00:57.583961+05:30,478,86.5,61,187,181,5.0,27.7,,
2026-08-23T11:01:05.091954+05:30,477,86.5,61,187,180,5.0,27.7,,
2026-08-23T11:01:12.478410+05:30,476,86.5,60,186,180,4.9,27.7,,
2026-08-23T11:01:20.086799+05:30,476,86.5,60,186,180,4.9,27.7,,
2026-08-23T11:01:27.463547+05:30,476,86.5,60,186,180,4.9,27.7,,
2026-08-23T11:01:34.599081+05:30,475,86.5,60,186,179,4.9,27.7,,
2026-08-23T11:01:41.759431+05:30,476,86.5,60,186,180,4.9,27.7,,
2026-08-23T11:01:49.132583+05:30,476,86.5,60,186,180,4.9,27.7,,
2026-08-23T11:01:56.495138+05:30,476,86.5,60,186,180,4.9,27.7,,
2026-08-23T11:02:03.667499+05:30,476,86.7,60,186,180,4.9,27.7,,
2026-08-23T11:02:11.239101+05:30,475,86.5,60,186,179,4.9,27.7,,
2026-08-23T11:02:18.643778+05:30,475,86.5,60,186,179,4.9,27.7,,
2026-08-23T11:02:25.995574+05:30,476,86.5,60,186,180,4.9,27.7,,
2026-08-23T11:02:33.193348+05:30,475,86.5,60,186,179,4.9,27.7,,
2026-08-23T11:02:40.335561+05:30,477,86.5,61,187,180,4.9,27.7,,
2026-08-23T11:02:47.400564+05:30,474,86.5,60,185,179,4.9,27.7,,
2026-08-23T11:02:54.554758+05:30,475,86.5,60,186,179,4.8,27.7,,
2026-08-23T11:03:01.736304+05:30,476,86.5,60,186,180,4.9,27.8,,
2026-08-23T11:03:09.511906+05:30,475,86.7,60,186,179,4.9,27.8,,
2026-08-23T11:03:16.881006+05:30,476,86.5,60,186,180,4.9,27.8,,
2026-08-23T11:03:24.268916+05:30,476,86.5,60,186,180,4.9,27.8,,
2026-08-23T11:03:31.633702+05:30,475,86.5,60,186,179,4.9,27.8,,
2026-08-23T11:03:39.012657+05:30,475,86.5,60,186,179,4.9,27.8,,
2026-08-23T11:03:46.367967+05:30,475,86.5,60,186,179,4.9,27.8,,
2026-08-23T11:03:53.751685+05:30,475,86.5,60,186,179,4.9,27.8,,
2026-08-23T11:04:01.116448+05:30,475,86.5,60,186,179,4.9,27.8,,
2026-08-23T11:04:08.897639+05:30,474,86.5,60,185,179,4.9,27.8,,
2026-08-23T11:04:16.488289+05:30,475,86.5,60,186,179,4.9,27.8,,
2026-08-23T11:04:26.724533+05:30,475,86.5,60,186,179,4.9,27.8,,
2026-08-23T11:04:34.117258+05:30,475,86.5,60,186,179,4.9,27.8,,
2026-08-23T11:04:41.264033+05:30,475,86.5,60,186,179,4.9,27.8,,
2026-08-23T11:04:48.419985+05:30,475,86.5,60,186,179,4.9,27.8,,
2026-08-23T11:04:55.618449+05:30,475,86.5,60,186,179,4.9,27.8,,
2026-08-23T11:05:02.797504+05:30,474,86.5,60,185,179,4.9,27.8,,
2026-08-23T11:05:09.928066+05:30,473,86.5,60,185,178,4.9,27.8,,
2026-08-23T11:05:17.098046+05:30,474,86.5,60,185,179,4.9,27.8,,
2026-08-23T11:05:24.258156+05:30,474,86.5,60,185,179,4.9,27.8,,
2026-08-23T11:05:31.453251+05:30,474,86.5,60,185,179,4.9,27.8,,
2026-08-23T11:05:38.596183+05:30,474,86.5,60,185,179,4.9,27.8,,
2026-08-23T11:05:45.777074+05:30,475,86.5,60,186,179,4.9,27.8,,
2026-08-23T11:05:52.937915+05:30,474,86.5,60,185,179,4.9,27.8,,
2026-08-23T11:06:00.105536+05:30,475,86.5,60,186,179,4.9,27.8,,
2026-08-23T11:06:07.289404+05:30,475,86.5,60,186,179,4.9,27.8,,
2026-08-23T11:06:14.435759+05:30,474,86.5,60,185,179,4.9,27.8,,
2026-08-23T11:06:21.619485+05:30,474,86.5,60,185,179,4.9,27.8,,
2026-08-23T11:06:28.779171+05:30,474,86.5,60,185,179,4.9,27.8,,
2026-08-23T11:06:35.947106+05:30,474,86.5,60,185,179,4.9,27.8,,
2026-08-23T11:06:43.124936+05:30,474,86.2,60,185,179,4.9,27.8,,
2026-08-23T11:06:50.279780+05:30,475,86.5,60,186,179,4.9,27.8,,
2026-08-23T11:06:57.461847+05:30,475,86.5,60,186,179,4.9,27.8,,
2026-08-23T11:07:04.679307+05:30,474,86.5,60,185,179,4.9,27.8,,
2026-08-23T11:07:11.787969+05:30,472,86.5,60,184,178,4.9,27.8,,
2026-08-23T11:07:18.956906+05:30,474,86.5,60,185,179,4.9,27.8,,
2026-08-23T11:07:26.121454+05:30,474,86.0,60,185,179,4.9,27.8,,
2026-08-23T11:07:33.292435+05:30,474,86.5,60,185,179,4.9,27.8,,
2026-08-23T11:07:40.505068+05:30,474,86.5,60,185,179,4.9,27.8,,
2026-08-23T11:07:47.623862+05:30,474,86.2,60,185,179,4.9,27.8,,
2026-08-23T11:07:54.790130+05:30,474,86.5,60,185,179,4.9,27.8,,
2026-08-23T11:08:01.963642+05:30,474,86.2,60,185,179,4.9,27.8,,
2026-08-23T11:08:09.128438+05:30,475,86.5,60,186,179,4.9,27.8,,
2026-08-23T11:08:16.308523+05:30,474,86.2,60,185,179,4.9,27.8,,
2026-08-23T11:08:23.464654+05:30,474,86.5,60,185,179,4.9,27.8,,
2026-08-23T11:08:30.843581+05:30,474,86.2,60,185,179,4.9,27.8,,
2026-08-23T11:08:38.020606+05:30,474,86.2,60,185,179,4.9,27.8,,
2026-08-23T11:08:45.189237+05:30,474,86.5,60,185,179,4.9,27.8,,
2026-08-23T11:08:52.239112+05:30,473,86.5,60,185,178,4.9,27.8,,
2026-08-23T11:08:59.413580+05:30,474,86.5,60,185,179,4.9,27.8,,
2026-08-23T11:09:06.608703+05:30,474,86.5,60,185,179,4.9,27.8,,
2026-08-23T11:09:13.743831+05:30,474,86.2,60,185,179,4.9,27.8,,
2026-08-23T11:09:20.922875+05:30,474,86.0,60,185,179,4.9,27.8,,
2026-08-23T11:09:28.086474+05:30,474,86.0,60,185,179,4.9,27.8,,
2026-08-23T11:09:35.467689+05:30,474,86.0,60,185,179,4.9,27.8,,
2026-08-23T11:09:42.838967+05:30,474,86.0,60,185,179,4.9,27.8,,
2026-08-23T11:09:49.998965+05:30,474,86.3,60,185,179,4.9,27.8,,
2026-08-23T11:09:57.170372+05:30,475,86.0,60,186,179,4.9,27.8,,
2026-08-23T11:10:04.345302+05:30,473,86.3,60,185,178,4.9,27.8,,
2026-08-23T11:10:11.907839+05:30,474,86.5,60,185,179,4.9,27.8,,
2026-08-23T11:10:19.291659+05:30,473,86.2,60,185,178,4.9,27.8,,
2026-08-23T11:10:26.660340+05:30,474,86.0,60,185,179,4.9,27.8,,
2026-08-23T11:10:34.024494+05:30,474,86.2,60,185,179,4.9,27.8,,
2026-08-23T11:10:41.446907+05:30,473,86.3,60,185,178,4.9,27.8,,
2026-08-23T11:10:48.568349+05:30,472,86.0,60,184,178,4.9,27.8,,
2026-08-23T11:10:55.734989+05:30,474,86.2,60,185,179,4.9,27.8,,
2026-08-23T11:11:02.910063+05:30,474,86.2,60,185,179,4.9,27.8,,
2026-08-23T11:11:10.083490+05:30,473,86.2,60,185,178,4.9,27.8,,
2026-08-23T11:11:17.243175+05:30,473,86.0,60,185,178,4.9,27.8,,
2026-08-23T11:11:24.396645+05:30,473,86.0,60,185,178,4.9,27.8,,
2026-08-23T11:11:31.576714+05:30,475,86.0,60,186,179,4.9,27.8,,
2026-08-23T11:11:38.746798+05:30,473,86.2,60,185,178,4.9,27.9,,
2026-08-23T11:11:45.915901+05:30,473,86.0,60,185,178,4.9,27.8,,
2026-08-23T11:11:53.074899+05:30,472,86.3,60,184,178,4.9,27.8,,
2026-08-23T11:12:00.244916+05:30,473,86.2,60,185,178,4.9,27.8,,
2026-08-23T11:12:07.413662+05:30,473,86.0,60,185,178,4.9,27.8,,
2026-08-23T11:12:14.587051+05:30,473,86.5,60,185,178,4.9,27.8,,
2026-08-23T11:12:21.753279+05:30,473,86.0,60,185,178,4.9,27.8,,
2026-08-23T11:12:28.927071+05:30,473,86.0,60,185,178,4.9,27.8,,
2026-08-23T11:12:36.083652+05:30,475,86.2,60,186,179,4.9,27.8,,
2026-08-23T11:12:43.253997+05:30,473,86.0,60,185,178,4.9,27.8,,
2026-08-23T11:12:50.425889+05:30,473,86.2,60,185,178,4.9,27.8,,
2026-08-23T11:12:57.594953+05:30,473,86.5,60,185,178,4.9,27.8,,
2026-08-23T11:13:04.763421+05:30,474,86.0,60,185,179,4.9,27.9,,
2026-08-23T11:13:11.929934+05:30,473,86.0,60,185,178,4.9,27.9,,
2026-08-23T11:13:19.295696+05:30,473,86.0,60,185,178,4.9,27.8,,
2026-08-23T11:13:26.468222+05:30,474,86.0,60,185,179,4.9,27.9,,
2026-08-23T11:13:33.843939+05:30,472,86.2,60,184,178,4.9,27.9,,
2026-08-23T11:13:41.440999+05:30,473,86.0,60,185,178,4.9,27.9,,
2026-08-23T11:13:48.587218+05:30,473,86.2,60,185,178,4.9,27.9,,
2026-08-23T11:13:55.969877+05:30,473,86.0,60,185,178,4.9,27.9,,
2026-08-23T11:14:03.548765+05:30,472,86.0,60,184,178,4.9,27.9,,
2026-08-23T11:14:11.109790+05:30,474,86.5,60,185,179,4.9,27.9,,
2026-08-23T11:14:18.489408+05:30,471,86.7,59,184,177,4.9,27.9,,
2026-08-23T11:14:26.117865+05:30,472,86.0,60,184,178,4.9,27.9,,
2026-08-23T11:14:33.863849+05:30,472,86.0,60,184,178,4.9,27.9,,
2026-08-23T11:14:41.027320+05:30,472,86.0,60,184,178,4.9,27.9,,
2026-08-23T11:14:48.184874+05:30,473,86.0,60,185,178,4.9,27.9,,
2026-08-23T11:14:55.769754+05:30,474,86.2,60,185,179,4.9,27.9,,
2026-08-23T11:15:03.780084+05:30,472,86.2,60,184,178,4.9,27.9,,
2026-08-23T11:15:12.149148+05:30,472,86.0,60,184,178,4.9,27.9,,
2026-08-23T11:15:19.522768+05:30,472,86.5,60,184,178,4.9,27.9,,
2026-08-23T11:15:26.711923+05:30,472,86.0,60,184,178,4.9,27.9,,
2026-08-23T11:15:33.857260+05:30,473,86.0,60,185,178,4.9,27.9,,
2026-08-23T11:15:41.422518+05:30,472,86.0,60,184,178,4.9,27.9,,
2026-08-23T11:15:48.818766+05:30,473,86.0,60,185,178,4.9,27.9,,
2026-08-23T11:15:55.977662+05:30,472,86.0,60,184,178,4.9,27.9,,
2026-08-23T11:16:03.342682+05:30,472,86.0,60,184,178,4.9,27.9,,
2026-08-23T11:16:10.727358+05:30,472,86.0,60,184,178,4.9,27.9,,
2026-08-23T11:16:17.890667+05:30,473,86.0,60,185,178,4.9,27.9,,
2026-08-23T11:16:25.070147+05:30,474,86.0,60,185,179,4.9,27.9,,
2026-08-23T11:16:32.234805+05:30,471,86.7,59,184,177,4.9,27.9,,
2026-08-23T11:16:39.400418+05:30,472,86.0,60,184,178,4.9,27.9,,
2026-08-23T11:16:46.569965+05:30,472,86.0,60,184,178,4.9,27.9,,
2026-08-23T11:16:53.731058+05:30,474,86.0,60,185,179,4.9,27.9,,
2026-08-23T11:17:00.892503+05:30,472,86.0,60,184,178,4.8,27.9,,
2026-08-23T11:17:08.052049+05:30,472,86.0,60,184,178,4.8,27.9,,
2026-08-23T11:17:15.444700+05:30,472,86.0,60,184,178,4.8,27.9,,
2026-08-23T11:17:23.022173+05:30,472,86.0,60,184,178,4.8,27.9,,
2026-08-23T11:17:30.603045+05:30,474,86.0,60,185,179,4.8,27.9,,
2026-08-23T11:17:38.161756+05:30,472,86.0,60,184,178,4.8,27.9,,
2026-08-23T11:17:45.961810+05:30,472,86.0,60,184,178,4.8,27.9,,
2026-08-23T11:17:53.558573+05:30,473,86.0,60,185,178,4.8,27.9,,
2026-08-23T11:18:00.704557+05:30,472,85.9,60,184,178,4.8,27.9,,
2026-08-23T11:18:07.907742+05:30,472,86.0,60,184,178,4.8,27.9,,
2026-08-23T11:18:15.440934+05:30,472,86.2,60,184,178,4.8,27.9,,
2026-08-23T11:18:23.259116+05:30,472,86.0,60,184,178,4.8,27.9,,
2026-08-23T11:18:30.801942+05:30,472,86.0,60,184,178,4.8,27.9,,
2026-08-23T11:18:38.176977+05:30,471,86.0,59,184,177,4.8,27.9,,
2026-08-23T11:18:45.752366+05:30,472,86.0,60,184,178,4.8,27.9,,
2026-08-23T11:18:53.339202+05:30,472,86.0,60,184,178,4.8,27.9,,
2026-08-23T11:19:00.913836+05:30,471,86.0,59,184,177,4.8,27.9,,
2026-08-23T11:19:08.681024+05:30,473,86.0,60,185,178,4.8,27.9,,
2026-08-23T11:19:16.277218+05:30,471,86.0,59,184,177,4.8,27.9,,
2026-08-23T11:19:23.854954+05:30,472,86.0,60,184,178,4.8,27.9,,
2026-08-23T11:19:31.010115+05:30,473,85.9,60,185,178,4.8,27.9,,
2026-08-23T11:19:41.104732+05:30,473,86.0,60,185,178,4.8,27.9,,
2026-08-23T11:19:48.214642+05:30,472,86.0,60,184,178,4.8,27.9,,
2026-08-23T11:19:56.401599+05:30,472,86.0,60,184,178,4.8,28.0,,
2026-08-23T11:20:03.782321+05:30,472,86.0,60,184,178,4.8,27.9,,
2026-08-23T11:20:11.155345+05:30,472,85.9,60,184,178,4.8,27.9,,
2026-08-23T11:20:18.321633+05:30,473,86.0,60,185,178,4.8,27.9,,
2026-08-23T11:20:25.491700+05:30,474,86.0,60,185,179,4.8,27.9,,
2026-08-23T11:20:32.858266+05:30,472,86.5,60,184,178,4.8,28.0,,
2026-08-23T11:20:40.449432+05:30,472,86.0,60,184,178,4.8,28.0,,
2026-08-23T11:20:48.212140+05:30,473,86.0,60,185,178,4.8,28.0,,
2026-08-23T11:20:55.387293+05:30,472,85.9,60,184,178,4.8,28.0,,
2026-08-23T11:21:03.183222+05:30,473,86.0,60,185,178,4.8,27.9,,
2026-08-23T11:21:10.750860+05:30,473,86.0,60,185,178,4.8,28.0,,
2026-08-23T11:21:18.343338+05:30,472,86.0,60,184,178,4.8,28.0,,
2026-08-23T11:21:25.907117+05:30,472,86.0,60,184,178,4.8,28.0,,
2026-08-23T11:21:33.281522+05:30,472,86.0,60,184,178,4.8,28.0,,
2026-08-23T11:21:40.450857+05:30,472,85.9,60,184,178,4.8,28.0,,
2026-08-23T11:21:47.613218+05:30,472,85.9,60,184,178,4.8,28.0,,
2026-08-23T11:21:54.786363+05:30,472,86.0,60,184,178,4.8,28.0,,
2026-08-23T11:22:01.940165+05:30,472,86.0,60,184,178,4.8,28.0,,
2026-08-23T11:22:09.126636+05:30,473,86.0,60,185,178,4.8,28.0,,
2026-08-23T11:22:16.277646+05:30,472,86.0,60,184,178,4.8,28.0,,
2026-08-23T11:22:23.484151+05:30,472,86.0,60,184,178,4.8,28.0,,
2026-08-23T11:22:30.613705+05:30,472,86.0,60,184,178,4.8,28.0,,
2026-08-23T11:22:37.793352+05:30,473,86.2,60,185,178,4.8,28.0,,
2026-08-23T11:22:44.964130+05:30,474,86.0,60,185,179,4.8,28.0,,
2026-08-23T11:22:52.130054+05:30,473,86.0,60,185,178,4.8,28.0,,
2026-08-23T11:22:59.305888+05:30,472,86.0,60,184,178,4.8,28.0,,
2026-08-23T11:23:06.674105+05:30,472,86.0,60,184,178,4.8,28.0,,
2026-08-23T11:23:13.834249+05:30,471,86.0,59,184,177,4.8,28.0,,
2026-08-23T11:23:21.002914+05:30,473,86.0,60,185,178,4.8,28.0,,
2026-08-23T11:23:30.186599+05:30,472,86.0,60,184,178,4.8,28.0,,
2026-08-23T11:23:37.379304+05:30,473,86.0,60,185,178,4.8,28.0,,
2026-08-23T11:23:44.563962+05:30,472,86.0,60,184,178,4.8,28.0,,
2026-08-23T11:23:51.735731+05:30,473,86.0,60,185,178,4.8,28.0,,
2026-08-23T11:23:59.112614+05:30,473,86.0,60,185,178,4.8,28.0,,
2026-08-23T11:24:06.665143+05:30,469,86.0,59,183,176,4.8,28.0,,
2026-08-23T11:24:14.460099+05:30,472,86.0,60,184,178,4.8,28.0,,
2026-08-23T11:24:21.828495+05:30,472,86.0,60,184,178,4.8,28.0,,
2026-08-23T11:24:29.615143+05:30,473,86.0,60,185,178,4.8,28.0,,
2026-08-23T11:24:36.975924+05:30,473,86.0,60,185,178,4.8,28.0,,
2026-08-23T11:24:44.384085+05:30,474,86.0,60,185,179,4.8,28.0,,
2026-08-23T11:24:51.728102+05:30,472,86.0,60,184,178,4.8,28.0,,
2026-08-23T11:24:58.913089+05:30,472,86.0,60,184,178,4.8,28.0,,
2026-08-23T11:25:06.064467+05:30,473,86.0,60,185,178,4.8,28.0,,
2026-08-23T11:25:13.246629+05:30,471,86.0,59,184,177,4.8,28.0,,
2026-08-23T11:25:20.411104+05:30,471,86.0,59,184,177,4.8,28.0,,
2026-08-23T11:25:39.467637+05:30,473,86.0,60,185,178,4.8,28.0,,
2026-08-23T11:25:41.496228+05:30,472,86.2,60,184,178,4.8,28.0,,
2026-08-23T11:25:48.660829+05:30,474,86.0,60,185,179,4.8,28.0,,
2026-08-23T11:25:59.107164+05:30,473,86.0,60,185,178,4.8,28.0,,
2026-08-23T11:26:06.286390+05:30,472,86.5,60,184,178,4.8,28.0,,
2026-08-23T11:26:13.663774+05:30,473,86.0,60,185,178,4.8,28.1,,
2026-08-23T11:26:20.824915+05:30,472,86.0,60,184,178,4.8,28.0,,
2026-08-23T11:26:27.979789+05:30,473,86.0,60,185,178,4.8,28.0,,
2026-08-23T11:26:35.163854+05:30,473,86.0,60,185,178,4.8,28.0,,
2026-08-23T11:26:42.313603+05:30,472,86.0,60,184,178,4.8,28.0,,
2026-08-23T11:26:49.934229+05:30,472,86.0,60,184,178,4.8,28.0,,
2026-08-23T11:26:57.070694+05:30,472,86.3,60,184,178,4.8,28.1,,
2026-08-23T11:27:04.243800+05:30,474,86.0,60,185,179,4.8,28.1,,
2026-08-23T11:27:11.406712+05:30,473,86.0,60,185,178,4.8,28.1,,
2026-08-23T11:27:18.579577+05:30,472,86.0,60,184,178,4.8,28.0,,
2026-08-23T11:27:25.955027+05:30,473,86.0,60,185,178,4.8,28.0,,
2026-08-23T11:27:33.122467+05:30,472,86.0,60,184,178,4.8,28.0,,
2026-08-23T11:27:40.496699+05:30,474,86.0,60,185,179,4.8,28.0,,
2026-08-23T11:27:48.063205+05:30,474,86.0,60,185,179,4.8,28.1,,
2026-08-23T11:27:55.234540+05:30,473,86.0,60,185,178,4.8,28.1,,
2026-08-23T11:28:02.823814+05:30,473,86.0,60,185,178,4.8,28.1,,
2026-08-23T11:28:10.200931+05:30,474,86.0,60,185,179,4.8,28.1,,
2026-08-23T11:28:17.764823+05:30,472,86.0,60,184,178,4.8,28.1,,
2026-08-23T11:28:25.338952+05:30,472,86.5,60,184,178,4.8,28.1,,
2026-08-23T11:28:32.705205+05:30,473,86.0,60,185,178,4.8,28.1,,
2026-08-23T11:28:40.135770+05:30,474,86.0,60,185,179,4.8,28.1,,
2026-08-23T11:28:47.455741+05:30,474,86.0,60,185,179,4.8,28.1,,
2026-08-23T11:28:54.823590+05:30,474,86.0,60,185,179,4.8,28.1,,
2026-08-23T11:29:02.625641+05:30,472,86.0,60,184,178,4.8,28.1,,
2026-08-23T11:29:10.184746+05:30,474,86.0,60,185,179,4.8,28.1,,
2026-08-23T11:29:17.553574+05:30,474,86.0,60,185,179,4.8,28.1,,
2026-08-23T11:29:24.944694+05:30,473,86.0,60,185,178,4.8,28.1,,
2026-08-23T11:29:32.097478+05:30,472,86.0,60,184,178,4.8,28.1,,
2026-08-23T11:29:40.113200+05:30,473,86.0,60,185,178,4.8,28.1,,
2026-08-23T11:29:48.281384+05:30,471,86.0,59,184,177,4.8,28.1,,
2026-08-23T11:29:55.643739+05:30,472,86.0,60,184,178,4.8,28.1,,
2026-08-23T11:30:03.437699+05:30,473,86.0,60,185,178,4.8,28.1,,
2026-08-23T11:30:10.855621+05:30,474,86.2,60,185,179,4.8,28.1,,
2026-08-23T11:30:18.590969+05:30,473,85.9,60,185,178,4.8,28.1,,
2026-08-23T11:30:26.186024+05:30,472,85.9,60,184,178,4.8,28.1,,
2026-08-23T11:30:33.744203+05:30,474,86.0,60,185,179,4.8,28.1,,
2026-08-23T11:30:41.735205+05:30,472,86.0,60,184,178,4.8,28.1,,
2026-08-23T11:30:49.101829+05:30,472,86.0,60,184,178,4.8,28.1,,
2026-08-23T11:30:56.891994+05:30,472,86.0,60,184,178,4.8,28.1,,
2026-08-23T11:31:04.265687+05:30,472,85.9,60,184,178,4.8,28.1,,
2026-08-23T11:31:11.471057+05:30,473,86.0,60,185,178,4.8,28.1,,
2026-08-23T11:31:18.811210+05:30,474,86.0,60,185,179,4.8,28.1,,
2026-08-23T11:31:25.991522+05:30,473,86.0,60,185,178,4.8,28.1,,
2026-08-23T11:31:33.965498+05:30,473,86.0,60,185,178,4.8,28.1,,
2026-08-23T11:31:41.358851+05:30,473,86.0,60,185,178,4.8,28.1,,
2026-08-23T11:31:48.707797+05:30,472,86.0,60,184,178,4.8,28.1,,
2026-08-23T11:31:55.873627+05:30,473,86.0,60,185,178,4.8,28.1,,
2026-08-23T11:32:03.467904+05:30,473,86.0,60,185,178,4.8,28.1,,
2026-08-23T11:32:10.820976+05:30,473,86.0,60,185,178,4.8,28.1,,
2026-08-23T11:32:18.196958+05:30,473,86.0,60,185,178,4.8,28.1,,
2026-08-23T11:32:25.796184+05:30,474,86.0,60,185,179,4.8,28.1,,
2026-08-23T11:32:33.246457+05:30,474,86.0,60,185,179,4.8,28.1,,
2026-08-23T11:32:41.029572+05:30,473,86.0,60,185,178,4.8,28.1,,
2026-08-23T11:32:48.091425+05:30,473,86.0,60,185,178,4.8,28.1,,
2026-08-23T11:32:55.470606+05:30,473,86.0,60,185,178,4.8,28.1,,
2026-08-23T11:33:02.643787+05:30,473,86.0,60,185,178,4.8,28.1,,
2026-08-23T11:33:10.018060+05:30,472,86.0,60,184,178,4.8,28.1,,
2026-08-23T11:33:17.188391+05:30,473,86.0,60,185,178,4.8,28.1,,
2026-08-23T11:33:24.953126+05:30,472,85.9,60,184,178,4.8,28.1,,
2026-08-23T11:33:32.326610+05:30,474,86.0,60,185,179,4.8,28.1,,
2026-08-23T11:33:40.519483+05:30,473,86.0,60,185,178,4.8,28.1,,
2026-08-23T11:33:48.103933+05:30,473,86.0,60,185,178,4.8,28.1,,
2026-08-23T11:33:56.279207+05:30,473,85.9,60,185,178,4.8,28.1,,
2026-08-23T11:34:03.661814+05:30,474,85.9,60,185,179,4.8,28.1,,
2026-08-23T11:34:11.451727+05:30,473,85.9,60,185,178,4.8,28.1,,
2026-08-23T11:34:18.815327+05:30,473,85.9,60,185,178,4.8,28.1,,
2026-08-23T11:34:26.183298+05:30,472,85.9,60,184,178,4.8,28.1,,
2026-08-23T11:34:33.373298+05:30,472,85.9,60,184,178,4.8,28.1,,
2026-08-23T11:34:40.732862+05:30,473,85.9,60,185,178,4.8,28.1,,
2026-08-23T11:34:48.523383+05:30,475,85.9,60,186,179,4.8,28.1,,
2026-08-23T11:34:56.098081+05:30,474,85.9,60,185,179,4.8,28.1,,
2026-08-23T11:35:03.884301+05:30,473,85.9,60,185,178,4.8,28.1,,
2026-08-23T11:35:11.467654+05:30,474,85.9,60,185,179,4.8,28.1,,
2026-08-23T11:35:18.846563+05:30,472,85.9,60,184,178,4.8,28.1,,
2026-08-23T11:35:26.194851+05:30,473,85.9,60,185,178,4.8,28.1,,
2026-08-23T11:35:33.569223+05:30,474,85.9,60,185,179,4.8,28.1,,
2026-08-23T11:35:40.948793+05:30,473,85.9,60,185,178,4.8,28.1,,
2026-08-23T11:35:48.317224+05:30,474,85.9,60,185,179,4.8,28.1,,
2026-08-23T11:35:56.102458+05:30,472,86.5,60,184,178,3.8,28.1,,
2026-08-23T11:36:03.687482+05:30,473,85.9,60,185,178,4.4,28.1,,
2026-08-23T11:36:11.675055+05:30,473,85.9,60,185,178,4.6,28.2,,
2026-08-23T11:36:19.447458+05:30,474,85.9,60,185,179,4.6,28.2,,
2026-08-23T11:36:26.833898+05:30,472,85.9,60,184,178,4.7,28.1,,
2026-08-23T11:36:34.408827+05:30,473,85.9,60,185,178,4.7,28.1,,
2026-08-23T11:36:41.772890+05:30,474,85.9,60,185,179,4.7,28.1,,
2026-08-23T11:36:48.948162+05:30,473,85.9,60,185,178,4.7,28.1,,
2026-08-23T11:36:56.106721+05:30,472,85.9,60,184,178,4.7,28.1,,
2026-08-23T11:37:03.283426+05:30,472,85.9,60,184,178,4.8,28.2,,
2026-08-23T11:37:10.853144+05:30,473,85.9,60,185,178,4.8,28.1,,
2026-08-23T11:37:18.845060+05:30,473,85.9,60,185,178,4.8,28.2,,
2026-08-23T11:37:26.617475+05:30,472,85.9,60,184,178,4.8,28.1,,
2026-08-23T11:37:33.786923+05:30,471,85.9,59,184,177,4.8,28.1,,
2026-08-23T11:37:41.372616+05:30,472,85.9,60,184,178,4.8,28.2,,
2026-08-23T11:37:48.536943+05:30,473,85.9,60,185,178,4.8,28.2,,
2026-08-23T11:37:56.111708+05:30,471,85.9,59,184,177,4.8,28.2,,
2026-08-23T11:38:03.488068+05:30,473,85.9,60,185,178,4.8,28.2,,
2026-08-23T11:38:10.852915+05:30,473,85.9,60,185,178,4.8,28.2,,
2026-08-23T11:38:18.431217+05:30,475,85.9,60,186,179,4.8,28.2,,
2026-08-23T11:38:26.022441+05:30,473,85.9,60,185,178,4.8,28.2,,
2026-08-23T11:38:33.408605+05:30,473,85.9,60,185,178,4.8,28.2,,
2026-08-23T11:38:40.970876+05:30,474,85.9,60,185,179,4.8,28.2,,
2026-08-23T11:38:48.127232+05:30,473,85.9,60,185,178,4.8,28.2,,
2026-08-23T11:38:55.707404+05:30,473,85.9,60,185,178,4.8,28.2,,
2026-08-23T11:39:03.310948+05:30,474,85.9,60,185,179,4.8,28.2,,
2026-08-23T11:39:10.451327+05:30,474,86.0,60,185,179,4.8,28.2,,
2026-08-23T11:39:18.239314+05:30,474,85.9,60,185,179,4.8,28.2,,
2026-08-23T11:39:25.616274+05:30,474,85.9,60,185,179,4.8,28.2,,
2026-08-23T11:39:33.191229+05:30,473,85.9,60,185,178,4.8,28.2,,
2026-08-23T11:39:40.360876+05:30,473,85.7,60,185,178,4.8,28.2,,
2026-08-23T11:39:47.933295+05:30,472,85.9,60,184,178,4.8,28.2,,
2026-08-23T11:39:55.532130+05:30,472,85.9,60,184,178,4.8,28.2,,
2026-08-23T11:40:02.678935+05:30,473,85.9,60,185,178,4.8,28.2,,
2026-08-23T11:40:10.055602+05:30,474,85.9,60,185,179,4.8,28.2,,
2026-08-23T11:40:17.843456+05:30,473,85.9,60,185,178,4.8,28.2,,
2026-08-23T11:40:25.211645+05:30,474,86.5,60,185,179,4.8,28.2,,
2026-08-23T11:40:32.387685+05:30,473,85.9,60,185,178,4.7,28.2,,
2026-08-23T11:40:42.611389+05:30,474,85.9,60,185,179,4.8,28.2,,
2026-08-23T11:40:49.985663+05:30,471,85.9,59,184,177,4.8,28.2,,
2026-08-23T11:40:57.359068+05:30,473,86.2,60,185,178,4.8,28.2,,
2026-08-23T11:41:04.939893+05:30,474,85.9,60,185,179,4.8,28.2,,
2026-08-23T11:41:12.106886+05:30,474,85.9,60,185,179,4.8,28.2,,
2026-08-23T11:41:19.481047+05:30,473,85.9,60,185,178,4.8,28.2,,
2026-08-23T11:41:27.256981+05:30,473,85.9,60,185,178,4.8,28.2,,
2026-08-23T11:41:34.631968+05:30,473,85.9,60,185,178,4.8,28.2,,
2026-08-23T11:41:41.798683+05:30,472,85.9,60,184,178,4.8,28.2,,
2026-08-23T11:41:49.191816+05:30,474,85.9,60,185,179,4.8,28.2,,
2026-08-23T11:41:56.952676+05:30,473,85.9,60,185,178,4.8,28.2,,
2026-08-23T11:42:05.355131+05:30,474,85.9,60,185,179,4.8,28.2,,
2026-08-23T11:42:12.520832+05:30,472,85.9,60,184,178,4.8,28.2,,
2026-08-23T11:42:20.103418+05:30,472,85.9,60,184,178,4.8,28.2,,
2026-08-23T11:42:27.273294+05:30,473,85.9,60,185,178,4.8,28.2,,
2026-08-23T11:42:34.643335+05:30,473,85.9,60,185,178,4.8,28.2,,
2026-08-23T11:42:42.012059+05:30,474,85.9,60,185,179,4.8,28.2,,
2026-08-23T11:42:49.387486+05:30,474,85.9,60,185,179,4.8,28.2,,
2026-08-23T11:42:56.759507+05:30,474,85.9,60,185,179,4.8,28.2,,
2026-08-23T11:43:04.337827+05:30,474,85.9,60,185,179,4.8,28.2,,
2026-08-23T11:43:11.515636+05:30,472,85.9,60,184,178,4.8,28.2,,
2026-08-23T11:43:18.705169+05:30,475,85.9,60,186,179,4.8,28.2,,
2026-08-23T11:43:25.877426+05:30,472,85.9,60,184,178,4.8,28.2,,
2026-08-23T11:43:33.034673+05:30,473,85.9,60,185,178,4.8,28.2,,
2026-08-23T11:43:40.188616+05:30,473,85.9,60,185,178,4.8,28.2,,
2026-08-23T11:43:47.349090+05:30,473,85.9,60,185,178,4.8,28.2,,
2026-08-23T11:43:54.508382+05:30,473,85.9,60,185,178,4.8,28.2,,
2026-08-23T11:44:01.676776+05:30,472,85.9,60,184,178,4.8,28.2,,
2026-08-23T11:44:09.573738+05:30,472,85.9,60,184,178,4.8,28.2,,
2026-08-23T11:44:16.635808+05:30,473,85.9,60,185,178,4.8,28.2,,
2026-08-23T11:44:23.800351+05:30,474,85.9,60,185,179,4.8,28.2,,
2026-08-23T11:44:30.976265+05:30,474,85.9,60,185,179,4.8,28.2,,
2026-08-23T11:44:38.140783+05:30,472,85.9,60,184,178,4.8,28.2,,
2026-08-23T11:44:45.509910+05:30,472,85.9,60,184,178,4.8,28.2,,
2026-08-23T11:44:53.285291+05:30,474,85.9,60,185,179,4.8,28.2,,
2026-08-23T11:45:00.466745+05:30,474,85.9,60,185,179,4.8,28.2,,
2026-08-23T11:45:07.621584+05:30,473,85.9,60,185,178,4.8,28.2,,
2026-08-23T11:45:14.799177+05:30,473,85.9,60,185,178,4.8,28.2,,
2026-08-23T11:45:21.971683+05:30,474,85.9,60,185,179,4.8,28.2,,
2026-08-23T11:45:29.128508+05:30,474,85.9,60,185,179,4.8,28.2,,
2026-08-23T11:45:36.303013+05:30,472,85.9,60,184,178,4.8,28.2,,
2026-08-23T11:45:43.484923+05:30,472,85.9,60,184,178,4.8,28.2,,
2026-08-23T11:45:50.667734+05:30,473,85.9,60,185,178,4.8,28.2,,
2026-08-23T11:45:57.790918+05:30,473,85.9,60,185,178,4.8,28.2,,
2026-08-23T11:46:04.965839+05:30,474,85.9,60,185,179,4.8,28.2,,
2026-08-23T11:46:12.136826+05:30,473,85.9,60,185,178,4.8,28.2,,
2026-08-23T11:46:19.304976+05:30,472,85.9,60,184,178,4.8,28.2,,
2026-08-23T11:46:27.018918+05:30,473,85.9,60,185,178,4.8,28.2,,
2026-08-23T11:46:34.464068+05:30,472,85.9,60,184,178,4.8,28.2,,
2026-08-23T11:46:41.666081+05:30,473,85.9,60,185,178,4.8,28.2,,
2026-08-23T11:46:48.796885+05:30,473,85.9,60,185,178,4.8,28.2,,
2026-08-23T11:46:55.960342+05:30,474,85.9,60,185,179,4.8,28.2,,
2026-08-23T11:47:03.138006+05:30,473,85.9,60,185,178,4.8,28.2,,
2026-08-23T11:47:10.300265+05:30,474,85.9,60,185,179,4.8,28.3,,
2026-08-23T11:47:17.479981+05:30,472,85.9,60,184,178,4.8,28.3,,
2026-08-23T11:47:24.655502+05:30,472,85.9,60,184,178,4.8,28.2,,
2026-08-23T11:47:31.827451+05:30,473,85.9,60,185,178,4.8,28.3,,
2026-08-23T11:47:38.979166+05:30,474,85.9,60,185,179,4.8,28.2,,
2026-08-23T11:47:46.142745+05:30,473,85.9,60,185,178,4.8,28.2,,
2026-08-23T11:47:53.309475+05:30,472,85.9,60,184,178,4.8,28.3,,
2026-08-23T11:48:00.476080+05:30,474,85.9,60,185,179,4.8,28.3,,
2026-08-23T11:48:07.677434+05:30,473,85.9,60,185,178,4.8,28.3,,
2026-08-23T11:48:14.815282+05:30,473,85.7,60,185,178,4.8,28.3,,
2026-08-23T11:48:22.187923+05:30,473,85.9,60,185,178,4.8,28.3,,
2026-08-23T11:48:29.758286+05:30,472,85.9,60,184,178,4.8,28.3,,
2026-08-23T11:48:36.929546+05:30,473,85.9,60,185,178,4.8,28.3,,
2026-08-23T11:48:44.718250+05:30,472,85.9,60,184,178,4.8,28.3,,
2026-08-23T11:48:52.283427+05:30,473,85.9,60,185,178,4.8,28.3,,
2026-08-23T11:48:59.876089+05:30,473,85.9,60,185,178,4.8,28.3,,
2026-08-23T11:49:07.463918+05:30,474,85.9,60,185,179,4.8,28.3,,
2026-08-23T11:49:14.624578+05:30,473,85.9,60,185,178,4.8,28.3,,
2026-08-23T11:49:21.993966+05:30,473,85.9,60,185,178,4.8,28.3,,
2026-08-23T11:49:29.365809+05:30,473,85.9,60,185,178,4.8,28.3,,
2026-08-23T11:49:36.727923+05:30,473,85.9,60,185,178,4.8,28.3,,
2026-08-23T11:49:44.528884+05:30,472,85.9,60,184,178,4.8,28.3,,
2026-08-23T11:49:52.298221+05:30,474,85.9,60,185,179,4.8,28.3,,
2026-08-23T11:49:59.673834+05:30,474,85.9,60,185,179,4.8,28.3,,
2026-08-23T11:50:07.052279+05:30,471,85.9,59,184,177,4.8,28.3,,
2026-08-23T11:50:14.620090+05:30,474,85.7,60,185,179,4.8,28.3,,
2026-08-23T11:50:21.784863+05:30,473,85.9,60,185,178,4.8,28.3,,
2026-08-23T11:50:29.160406+05:30,472,85.9,60,184,178,4.8,28.3,,
2026-08-23T11:50:36.741228+05:30,472,85.9,60,184,178,4.8,28.3,,
2026-08-23T11:50:43.908457+05:30,474,85.9,60,185,179,4.8,28.3,,
2026-08-23T11:50:51.694420+05:30,472,85.9,60,184,178,4.8,28.3,,
2026-08-23T11:50:59.488215+05:30,474,85.9,60,185,179,4.8,28.3,,
2026-08-23T11:51:07.262179+05:30,473,85.9,60,185,178,4.8,28.3,,
2026-08-23T11:51:15.045846+05:30,473,85.9,60,185,178,4.8,28.3,,
2026-08-23T11:51:23.438535+05:30,474,85.9,60,185,179,4.8,28.3,,
2026-08-23T11:51:31.219195+05:30,473,85.9,60,185,178,4.8,28.3,,
2026-08-23T11:51:38.691934+05:30,473,85.9,60,185,178,4.8,28.3,,
2026-08-23T11:51:46.172566+05:30,475,85.9,60,186,179,4.8,28.3,,
2026-08-23T11:51:53.756584+05:30,474,85.9,60,185,179,4.8,28.3,,
2026-08-23T11:52:00.913928+05:30,473,85.9,60,185,178,4.8,28.3,,
2026-08-23T11:52:08.482319+05:30,474,85.7,60,185,179,4.8,28.3,,
2026-08-23T11:52:16.260234+05:30,474,85.9,60,185,179,4.8,28.3,,
2026-08-23T11:52:23.441660+05:30,474,85.9,60,185,179,4.8,28.3,,
2026-08-23T11:52:31.264390+05:30,474,85.9,60,185,179,4.8,28.3,,
2026-08-23T11:52:39.422271+05:30,474,85.9,60,185,179,4.8,28.3,,
2026-08-23T11:52:46.784034+05:30,473,85.9,60,185,178,4.8,28.3,,
2026-08-23T11:52:54.561942+05:30,475,85.9,60,186,179,4.8,28.3,,
2026-08-23T11:53:02.141843+05:30,473,85.9,60,185,178,4.8,28.3,,
2026-08-23T11:53:09.520393+05:30,0,0.0,0,0,0,6.8,28.0,,
2026-08-23T11:53:16.898254+05:30,0,0.0,0,0,0,5.5,27.3,,
2026-08-23T11:53:27.712509+05:30,0,20.7,0,0,0,8.4,27.1,,
2026-08-23T11:53:35.541564+05:30,0,21.1,0,0,0,7.3,27.9,,
2026-08-23T11:53:42.933831+05:30,0,21.1,0,0,0,6.8,28.1,,
2026-08-23T11:53:50.478835+05:30,0,21.1,0,0,0,6.5,28.2,,
2026-08-23T11:53:57.858459+05:30,0,21.1,0,0,0,6.2,28.3,,
2026-08-23T11:54:05.231871+05:30,0,21.2,0,0,0,6.2,28.3,,
2026-08-23T11:54:13.010058+05:30,0,21.2,0,0,0,6.1,28.4,,
2026-08-23T11:54:20.373271+05:30,0,21.2,0,0,0,6.0,28.4,,
2026-08-23T11:54:27.763890+05:30,0,21.2,0,0,0,6.0,28.4,,
2026-08-23T11:54:35.129358+05:30,0,21.5,0,0,0,5.9,28.4,,
2026-08-23T11:54:42.492319+05:30,0,21.6,0,0,0,5.8,28.5,,
2026-08-23T11:54:50.493593+05:30,0,21.3,0,0,0,6.1,28.5,,
2026-08-23T11:54:57.652138+05:30,0,21.8,0,0,0,6.2,28.5,,
2026-08-23T11:55:05.033392+05:30,0,21.9,0,0,0,5.8,28.5,,
2026-08-23T11:55:12.811101+05:30,0,21.7,0,0,0,5.9,28.5,,
2026-08-23T11:55:20.390327+05:30,0,22.1,0,0,0,5.8,28.5,,
2026-08-23T11:55:27.761557+05:30,0,22.6,0,0,0,5.7,28.5,,
2026-08-23T11:55:35.574533+05:30,0,22.9,0,0,0,3.4,28.4,,
2026-08-23T11:55:43.527941+05:30,0,24.8,0,0,0,3.0,28.3,,
2026-08-23T11:55:51.302009+05:30,0,29.2,0,0,0,6.9,28.2,,
2026-08-23T11:55:59.103721+05:30,0,28.1,0,0,0,7.8,28.2,,
2026-08-23T11:56:06.475147+05:30,0,28.7,0,0,0,7.4,28.3,,
2026-08-23T11:56:14.452494+05:30,0,36.1,0,0,0,7.2,28.4,,
2026-08-23T11:56:22.047255+05:30,0,40.1,0,0,0,7.1,28.4,,
2026-08-23T11:56:29.608266+05:30,0,39.5,0,0,0,7.0,28.4,,
2026-08-23T11:56:37.182676+05:30,6,80.4,0,0,0,6.9,28.4,,
2026-08-23T11:56:44.563643+05:30,43,87.8,0,0,0,6.7,28.6,,
2026-08-23T11:56:51.927758+05:30,51,87.8,0,0,0,6.5,28.6,,
2026-08-23T11:57:01.117494+05:30,52,85.2,0,0,0,6.4,28.6,,
2026-08-23T11:57:08.318247+05:30,58,85.7,0,0,0,6.7,28.7,,
2026-08-23T11:57:15.504314+05:30,59,85.4,0,0,0,6.3,28.7,,
2026-08-23T11:57:22.659555+05:30,60,85.4,0,0,0,6.2,28.7,,
2026-08-23T11:57:29.829227+05:30,61,85.4,0,0,0,6.1,28.7,,
2026-08-23T11:57:36.992423+05:30,62,85.4,0,0,0,6.1,28.7,,
2026-08-23T11:57:44.360710+05:30,63,85.4,0,0,0,6.0,28.7,,
2026-08-23T11:57:52.149890+05:30,64,85.5,0,0,0,6.0,28.7,,
2026-08-23T11:57:59.949089+05:30,66,85.7,0,0,0,6.0,28.7,,
2026-08-23T11:58:07.099308+05:30,63,70.9,0,0,0,6.0,28.7,,
2026-08-23T11:58:14.880916+05:30,0,9.3,0,0,0,6.5,28.0,,
2026-08-23T11:58:22.876054+05:30,0,9.3,0,0,0,6.0,27.3,,
2026-08-23T11:58:30.241869+05:30,0,9.3,0,0,0,5.9,26.9,,
2026-08-23T11:58:38.024854+05:30,0,17.3,0,0,0,8.3,26.9,,
2026-08-23T11:58:45.186530+05:30,0,17.7,0,0,0,6.8,27.1,,
2026-08-23T11:58:52.561445+05:30,0,17.6,0,0,0,6.3,26.9,,
2026-08-23T11:58:59.939784+05:30,0,17.6,0,0,0,6.0,26.9,,
2026-08-23T11:59:10.789019+05:30,13,67.6,0,0,0,8.6,27.6,,
2026-08-23T11:59:18.571126+05:30,0,18.5,0,0,0,7.4,28.3,,
2026-08-23T11:59:26.157507+05:30,0,20.4,0,0,0,7.4,28.1,,
2026-08-23T11:59:33.729866+05:30,0,19.6,0,0,0,6.7,27.7,,
2026-08-23T11:59:41.509181+05:30,0,19.6,0,0,0,6.5,27.4,,
2026-08-23T11:59:48.883799+05:30,0,21.7,0,0,0,6.4,27.2,,
2026-08-23T11:59:56.260897+05:30,32,60.6,0,0,0,8.2,27.8,,
2026-08-23T12:00:03.629546+05:30,37,62.7,0,0,0,7.4,28.2,,
2026-08-23T12:00:11.215434+05:30,46,64.4,0,0,0,7.2,28.3,,
2026-08-23T12:00:18.369656+05:30,53,66.7,0,0,0,7.1,28.4,,
2026-08-23T12:00:26.158478+05:30,97,95.6,0,4,0,7.0,28.4,,
2026-08-23T12:00:33.729603+05:30,109,100.0,0,9,1,6.8,28.4,,
2026-08-23T12:00:41.521384+05:30,110,100.0,0,10,2,6.8,28.5,,
2026-08-23T12:00:49.102935+05:30,112,100.0,0,11,3,6.8,28.5,,
2026-08-23T12:00:57.091439+05:30,117,100.0,0,13,5,6.9,28.5,,
2026-08-23T12:01:04.243149+05:30,119,100.0,0,14,6,6.7,28.5,,
2026-08-23T12:01:11.419654+05:30,120,100.0,0,15,7,6.7,28.5,,
2026-08-23T12:01:18.604069+05:30,120,100.0,0,15,7,6.7,28.5,,
2026-08-23T12:01:26.160020+05:30,120,100.0,0,15,7,6.7,28.5,,
2026-08-23T12:01:33.533477+05:30,120,100.0,0,15,7,6.7,28.5,,
2026-08-23T12:01:40.912843+05:30,120,100.0,0,15,7,6.6,28.5,,
2026-08-23T12:01:48.488691+05:30,120,100.0,0,15,7,6.6,28.5,,
2026-08-23T12:01:56.064455+05:30,120,100.0,0,15,7,6.6,28.5,,
2026-08-23T12:02:03.427815+05:30,121,100.0,0,15,7,6.6,28.5,,
2026-08-23T12:02:10.835457+05:30,121,100.0,0,15,7,6.5,28.5,,
2026-08-23T12:02:18.378764+05:30,121,100.0,0,15,7,6.5,28.5,,
2026-08-23T12:02:25.552231+05:30,121,100.0,0,15,7,6.5,28.5,,
2026-08-23T12:02:36.211525+05:30,121,100.0,0,15,7,6.5,28.5,,
2026-08-23T12:02:43.581223+05:30,121,100.0,0,15,7,6.4,28.5,,
2026-08-23T12:02:50.951361+05:30,121,100.0,0,15,7,6.4,28.5,,
2026-08-23T12:02:58.528693+05:30,121,100.0,0,15,7,6.4,28.5,,
2026-08-23T12:03:06.620188+05:30,121,100.0,0,15,7,6.4,28.6,,
2026-08-23T12:03:14.308582+05:30,16,82.2,0,0,0,7.0,28.1,,
2026-08-23T12:03:21.868194+05:30,100,100.0,0,5,0,5.8,28.1,,
2026-08-23T12:03:29.248695+05:30,0,40.4,0,0,0,6.7,28.1,,
2026-08-23T12:03:36.824922+05:30,110,100.0,0,10,2,6.7,28.0,,
2026-08-23T12:03:44.394659+05:30,135,100.0,0,22,14,6.9,28.4,,
2026-08-23T12:03:51.768173+05:30,135,100.0,0,22,14,6.4,28.5,,
2026-08-23T12:03:59.354131+05:30,136,100.0,0,22,14,6.0,28.5,,
2026-08-23T12:04:06.724184+05:30,136,100.0,0,22,14,6.4,28.5,,
2026-08-23T12:04:14.303729+05:30,0,12.9,0,0,0,7.4,28.4,,
2026-08-23T12:04:21.467919+05:30,0,7.7,0,0,0,6.5,27.8,,
2026-08-23T12:04:28.650462+05:30,0,7.4,0,0,0,6.2,27.7,,
2026-08-23T12:04:36.207463+05:30,0,7.0,0,0,0,6.1,27.5,,
2026-08-23T12:04:43.788791+05:30,0,7.0,0,0,0,6.0,27.1,,
2026-08-23T12:04:51.376131+05:30,0,7.0,0,0,0,5.9,27.0,,
2026-08-23T12:04:58.945235+05:30,0,6.9,0,0,0,5.9,26.9,,
2026-08-23T12:05:06.120095+05:30,0,6.9,0,0,0,5.9,26.8,,
2026-08-23T12:05:13.771348+05:30,0,6.7,0,0,0,5.8,26.7,,
2026-08-23T12:05:21.268400+05:30,0,15.8,0,0,0,5.9,26.7,,
2026-08-23T12:05:28.440059+05:30,122,100.0,0,16,8,7.9,27.9,,
2026-08-23T12:05:35.614793+05:30,123,100.0,0,16,8,5.7,28.3,,
2026-08-23T12:05:43.594513+05:30,124,100.0,0,17,9,5.5,28.4,,
2026-08-23T12:05:50.774543+05:30,125,100.0,0,17,9,5.8,28.4,,
2026-08-23T12:05:58.138165+05:30,125,100.0,0,17,9,6.0,28.4,,
2026-08-23T12:06:05.516262+05:30,126,100.0,0,18,10,6.1,28.4,,
2026-08-23T12:06:12.887074+05:30,126,100.0,0,18,10,5.9,28.4,,
2026-08-23T12:06:20.058893+05:30,126,100.0,0,18,10,5.2,28.4,,
2026-08-23T12:06:27.413645+05:30,127,100.0,0,18,10,5.4,28.4,,
2026-08-23T12:06:34.794072+05:30,127,100.0,0,18,10,5.9,28.4,,
2026-08-23T12:06:42.186751+05:30,127,100.0,0,18,10,6.0,28.4,,
2026-08-23T12:06:49.755335+05:30,127,100.0,0,18,10,4.9,28.4,,
2026-08-23T12:06:57.726443+05:30,128,100.0,0,18,11,5.7,28.4,,
2026-08-23T12:07:05.511583+05:30,128,100.0,0,18,11,5.7,28.4,,
2026-08-23T12:07:13.503049+05:30,128,100.0,0,18,11,5.9,28.4,,
2026-08-23T12:07:21.294901+05:30,128,100.0,0,18,11,5.9,28.4,,
2026-08-23T12:07:28.656898+05:30,128,100.0,0,18,11,4.6,28.4,,
2026-08-23T12:07:36.447879+05:30,128,100.0,0,18,11,5.0,28.4,,
2026-08-23T12:07:43.807718+05:30,128,100.0,0,18,11,5.7,28.4,,
2026-08-23T12:07:51.392477+05:30,128,100.0,0,18,11,5.7,28.5,,
2026-08-23T12:07:58.966956+05:30,128,100.0,0,18,11,5.8,28.4,,
2026-08-23T12:08:06.747642+05:30,128,100.0,0,18,11,5.8,28.4,,
2026-08-23T12:08:14.354832+05:30,128,100.0,0,18,11,4.7,28.4,,
2026-08-23T12:08:21.922156+05:30,128,100.0,0,18,11,5.3,28.4,,
2026-08-23T12:08:29.282183+05:30,128,100.0,0,18,11,5.4,28.5,,
2026-08-23T12:08:36.857710+05:30,128,100.0,0,18,11,5.3,28.5,,
2026-08-23T12:08:44.437916+05:30,129,100.0,0,19,11,5.7,28.4,,
2026-08-23T12:08:52.005751+05:30,128,100.0,0,18,11,5.5,28.4,,
2026-08-23T12:08:59.379223+05:30,129,100.0,0,19,11,5.0,28.5,,
2026-08-23T12:09:07.064394+05:30,129,100.0,0,19,11,5.5,28.5,,
2026-08-23T12:09:14.778442+05:30,130,100.0,0,19,11,5.6,28.5,,
2026-08-23T12:09:22.534409+05:30,130,100.0,0,19,11,5.6,28.5,,
2026-08-23T12:09:30.316407+05:30,130,100.0,0,19,11,5.6,28.4,,
2026-08-23T12:09:38.082669+05:30,130,100.0,0,19,11,5.3,28.5,,
2026-08-23T12:09:45.669384+05:30,130,100.0,0,19,11,5.1,28.4,,
2026-08-23T12:09:53.043535+05:30,130,100.0,0,19,11,5.3,28.5,,
2026-08-23T12:10:00.616747+05:30,130,100.0,0,19,11,4.9,28.5,,
2026-08-23T12:10:08.419522+05:30,130,100.0,0,19,11,4.5,28.5,,
2026-08-23T12:10:16.380788+05:30,130,100.0,0,19,11,5.3,28.5,,
2026-08-23T12:10:23.749065+05:30,130,100.0,0,19,11,4.6,28.5,,
2026-08-23T12:10:31.336363+05:30,130,100.0,0,19,11,5.1,28.5,,
2026-08-23T12:10:39.114123+05:30,130,100.0,0,19,11,5.5,28.5,,
2026-08-23T12:10:46.701891+05:30,130,100.0,0,19,11,5.5,28.5,,
2026-08-23T12:10:53.861182+05:30,130,100.0,0,19,11,5.5,28.5,,
2026-08-23T12:11:01.853886+05:30,130,100.0,0,19,11,5.4,28.4,,
2026-08-23T12:11:09.227533+05:30,130,100.0,0,19,11,5.2,28.5,,
2026-08-23T12:11:16.612852+05:30,130,100.0,0,19,11,4.7,28.4,,
2026-08-23T12:11:23.971640+05:30,130,100.0,0,19,11,4.7,28.5,,
2026-08-23T12:11:31.345044+05:30,130,100.0,0,19,11,5.1,28.4,,
2026-08-23T12:11:39.149668+05:30,130,100.0,0,19,11,5.4,28.4,,
2026-08-23T12:11:46.492789+05:30,130,100.0,0,19,11,5.4,28.5,,
2026-08-23T12:11:54.078433+05:30,130,100.0,0,19,11,5.4,28.4,,
2026-08-23T12:12:01.662521+05:30,130,100.0,0,19,11,5.5,28.4,,
2026-08-23T12:12:09.027092+05:30,130,100.0,0,19,11,5.4,28.4,,
2026-08-23T12:12:16.393511+05:30,130,100.0,0,19,11,5.3,28.4,,
2026-08-23T12:12:23.768915+05:30,130,100.0,0,19,11,4.9,28.4,,
2026-08-23T12:12:31.553513+05:30,130,100.0,0,19,11,5.3,28.4,,
2026-08-23T12:12:39.139555+05:30,130,100.0,0,19,11,5.4,28.4,,
2026-08-23T12:12:47.118180+05:30,130,100.0,0,19,11,5.4,28.4,,
2026-08-23T12:12:54.487643+05:30,130,100.0,0,19,11,5.4,28.4,,
2026-08-23T12:13:02.272516+05:30,130,100.0,0,19,11,5.4,28.4,,
2026-08-23T12:13:09.846999+05:30,130,100.0,0,19,11,5.4,28.4,,
2026-08-23T12:13:17.632411+05:30,130,100.0,0,19,11,5.4,28.4,,
2026-08-23T12:13:25.411927+05:30,130,100.0,0,19,11,5.4,28.4,,
2026-08-23T12:13:33.002265+05:30,130,100.0,0,19,11,5.3,28.4,,
2026-08-23T12:13:40.993143+05:30,130,100.0,0,19,11,5.3,28.4,,
2026-08-23T12:13:48.563825+05:30,130,100.0,0,19,11,5.3,28.4,,
2026-08-23T12:13:56.143638+05:30,130,100.0,0,19,11,5.3,28.4,,
2026-08-23T12:14:03.312520+05:30,130,100.0,0,19,11,5.4,28.4,,
2026-08-23T12:14:10.704697+05:30,130,100.0,0,19,11,5.4,28.4,,
2026-08-23T12:14:18.468151+05:30,130,100.0,0,19,11,5.4,28.4,,
2026-08-23T12:14:25.619080+05:30,130,100.0,0,19,11,5.3,28.4,,
2026-08-23T12:14:32.994289+05:30,130,100.0,0,19,11,5.3,28.4,,
2026-08-23T12:14:40.382483+05:30,130,100.0,0,19,11,5.4,28.4,,
2026-08-23T12:14:47.746614+05:30,130,100.0,0,19,11,5.3,28.4,,
2026-08-23T12:14:54.905192+05:30,130,100.0,0,19,11,5.3,28.4,,
2026-08-23T12:15:02.293755+05:30,130,100.0,0,19,11,5.3,28.4,,
2026-08-23T12:15:09.463073+05:30,130,100.0,0,19,11,5.3,28.4,,
2026-08-23T12:15:17.022011+05:30,130,100.0,0,19,11,5.3,28.4,,
2026-08-23T12:15:24.431567+05:30,130,100.0,0,19,11,5.3,28.4,,
2026-08-23T12:15:32.396694+05:30,130,100.0,0,19,11,5.3,28.4,,
2026-08-23T12:15:39.976649+05:30,130,100.0,0,19,11,5.3,28.4,,
2026-08-23T12:15:47.756840+05:30,130,100.0,0,19,11,5.3,28.4,,
2026-08-23T12:15:55.743169+05:30,130,100.0,0,19,11,5.3,28.3,,
2026-08-23T12:16:03.442909+05:30,130,100.0,0,19,11,5.3,28.3,,
2026-08-23T12:16:10.688224+05:30,130,100.0,0,19,11,5.3,28.3,,
2026-08-23T12:16:18.468687+05:30,130,100.0,0,19,11,5.3,28.4,,
2026-08-23T12:16:25.867717+05:30,130,100.0,0,19,11,5.3,28.3,,
2026-08-23T12:16:35.665074+05:30,130,100.0,0,19,11,5.3,28.3,,
2026-08-23T12:16:49.197005+05:30,130,100.0,0,19,11,5.3,28.3,,
2026-08-23T12:16:59.215711+05:30,130,100.0,0,19,11,5.3,28.3,,
2026-08-23T12:17:18.475662+05:30,130,100.0,0,19,11,5.3,28.3,,
2026-08-23T12:17:30.772360+05:30,130,100.0,0,19,11,5.2,28.3,,
2026-08-23T12:17:38.813725+05:30,130,100.0,0,19,11,5.2,28.3,,
2026-08-23T12:17:46.125848+05:30,130,100.0,0,19,11,5.2,28.3,,
2026-08-23T12:17:53.495308+05:30,130,100.0,0,19,11,5.2,28.3,,
2026-08-23T12:18:00.861834+05:30,130,100.0,0,19,11,5.2,28.3,,
2026-08-23T12:18:08.459769+05:30,130,100.0,0,19,11,5.3,28.3,,
2026-08-23T12:18:15.815231+05:30,130,100.0,0,19,11,5.3,28.3,,
2026-08-23T12:18:23.530830+05:30,130,100.0,0,19,11,5.2,28.3,,
2026-08-23T12:18:30.768990+05:30,130,100.0,0,19,11,5.2,28.3,,
2026-08-23T12:18:38.166179+05:30,130,100.0,0,19,11,5.2,28.3,,
2026-08-23T12:18:45.320050+05:30,130,100.0,0,19,11,5.2,28.3,,
2026-08-23T12:18:52.888241+05:30,130,100.0,0,19,11,5.2,28.3,,
2026-08-23T12:19:00.686184+05:30,130,100.0,0,19,11,5.2,28.3,,
2026-08-23T12:19:08.039984+05:30,130,100.0,0,19,11,5.2,28.3,,
2026-08-23T12:19:15.228041+05:30,130,100.0,0,19,11,5.1,28.3,,
2026-08-23T12:19:22.787408+05:30,130,100.0,0,19,11,3.8,28.3,,
2026-08-23T12:19:30.370329+05:30,130,100.0,0,19,11,4.0,28.3,,
2026-08-23T12:19:38.149527+05:30,130,100.0,0,19,11,4.3,28.3,,
2026-08-23T12:19:45.559266+05:30,130,100.0,0,19,11,4.3,28.3,,
2026-08-23T12:19:53.096299+05:30,130,100.0,0,19,11,4.4,28.3,,
2026-08-23T12:20:00.909127+05:30,130,100.0,0,19,11,4.9,28.3,,
2026-08-23T12:20:08.250621+05:30,130,100.0,0,19,11,5.1,28.3,,
2026-08-23T12:20:15.426710+05:30,130,100.0,0,19,11,5.2,28.3,,
2026-08-23T12:20:23.232232+05:30,130,100.0,0,19,11,4.6,28.3,,
2026-08-23T12:20:30.787893+05:30,130,100.0,0,19,11,5.0,28.3,22.513259,88.40999
2026-08-23T12:20:38.570643+05:30,130,100.0,0,19,11,5.0,28.3,,
2026-08-23T12:20:46.561504+05:30,130,100.0,0,19,11,5.0,28.3,,
2026-08-23T12:20:54.136500+05:30,130,100.0,0,19,11,5.1,28.3,,
2026-08-23T12:21:01.511109+05:30,130,100.0,0,19,11,4.4,28.2,,
2026-08-23T12:21:09.294174+05:30,130,100.0,0,19,11,4.5,28.3,,
2026-08-23T12:21:16.863686+05:30,130,100.0,0,19,11,4.5,28.2,,
2026-08-23T12:21:24.245213+05:30,130,100.0,0,19,11,5.0,28.2,,
2026-08-23T12:21:31.608782+05:30,130,100.0,0,19,11,5.1,28.3,22.513414,88.409978
2026-08-23T12:21:38.973928+05:30,130,100.0,0,19,11,4.5,28.3,22.51343,88.409946
2026-08-23T12:21:46.154968+05:30,130,100.0,0,19,11,4.4,28.2,,
2026-08-23T12:21:54.309311+05:30,130,100.0,0,19,11,4.5,28.2,,
2026-08-23T12:22:01.723801+05:30,130,100.0,0,19,11,4.5,28.3,,
2026-08-23T12:22:09.499346+05:30,130,100.0,0,19,11,4.9,28.2,,
2026-08-23T12:22:16.660008+05:30,130,100.0,0,19,11,5.0,28.2,,
2026-08-23T12:22:24.033828+05:30,130,100.0,0,19,11,5.0,28.2,,
2026-08-23T12:22:31.617933+05:30,130,100.0,0,19,11,5.1,28.2,,
2026-08-23T12:22:39.400397+05:30,130,100.0,0,19,11,5.1,28.2,,
2026-08-23T12:22:46.954842+05:30,130,100.0,0,19,11,5.1,28.3,,
2026-08-23T12:22:54.167389+05:30,131,100.0,0,20,12,5.1,28.2,,
2026-08-23T12:23:01.515139+05:30,130,100.0,0,19,11,5.0,28.2,,
2026-08-23T12:23:08.691092+05:30,130,100.0,0,19,11,5.1,28.2,,
2026-08-23T12:23:16.271444+05:30,130,100.0,0,19,11,5.1,28.2,,
2026-08-23T12:23:23.548693+05:30,130,100.0,0,19,11,5.1,28.2,,
2026-08-23T12:23:31.010611+05:30,130,100.0,0,19,11,4.4,28.2,,
2026-08-23T12:23:38.787309+05:30,130,100.0,0,19,11,4.7,28.2,,
2026-08-23T12:23:46.377650+05:30,130,100.0,0,19,11,5.0,28.2,,
2026-08-23T12:23:53.536021+05:30,130,100.0,0,19,11,5.1,28.2,,
2026-08-23T12:24:01.315653+05:30,130,100.0,0,19,11,5.1,28.2,,
2026-08-23T12:24:08.707824+05:30,130,100.0,0,19,11,5.1,28.2,,
2026-08-23T12:24:16.071610+05:30,131,100.0,0,20,12,5.1,28.2,,
2026-08-23T12:24:23.445497+05:30,130,100.0,0,19,11,5.1,28.2,,
2026-08-23T12:24:30.815043+05:30,130,100.0,0,19,11,5.1,28.2,,
2026-08-23T12:24:38.180310+05:30,130,100.0,0,19,11,5.1,28.2,,
2026-08-23T12:24:45.561866+05:30,130,100.0,0,19,11,5.1,28.2,,
2026-08-23T12:24:52.728754+05:30,130,100.0,0,19,11,5.1,28.2,,
2026-08-23T12:25:00.298975+05:30,130,100.0,0,19,11,5.1,28.2,,
2026-08-23T12:25:08.081978+05:30,130,100.0,0,19,11,4.9,28.2,,
2026-08-23T12:25:15.465728+05:30,130,100.0,0,19,11,4.8,28.2,,
2026-08-23T12:25:23.042688+05:30,130,100.0,0,19,11,4.9,28.2,,
2026-08-23T12:25:30.604242+05:30,130,100.0,0,19,11,5.0,28.2,,
2026-08-23T12:25:37.993607+05:30,130,100.0,0,19,11,5.0,28.2,,
2026-08-23T12:25:45.167354+05:30,130,100.0,0,19,11,5.0,28.2,22.51344,88.410043
2026-08-23T12:25:52.739759+05:30,130,100.0,0,19,11,4.3,28.2,22.513474,88.410025
2026-08-23T12:26:00.105689+05:30,131,100.0,0,20,12,4.4,28.2,22.513548,88.40995
2026-08-23T12:26:07.885979+05:30,130,100.0,0,19,11,4.3,28.2,22.513478,88.409951
2026-08-23T12:26:15.268513+05:30,130,100.0,0,19,11,4.4,28.2,22.513353,88.40994
2026-08-23T12:26:22.426650+05:30,130,100.0,0,19,11,4.6,28.2,22.513318,88.409918
2026-08-23T12:26:29.794432+05:30,130,100.0,0,19,11,4.8,28.2,22.513311,88.409907
2026-08-23T12:26:37.169846+05:30,130,100.0,0,19,11,4.8,28.2,22.513348,88.409915
2026-08-23T12:26:44.964488+05:30,131,100.0,0,20,12,4.8,28.2,22.513343,88.409966
2026-08-23T12:26:52.743962+05:30,130,100.0,0,19,11,4.7,28.2,22.513338,88.409999
2026-08-23T12:27:00.326849+05:30,130,100.0,0,19,11,4.4,28.2,22.513361,88.410104
2026-08-23T12:27:07.888617+05:30,130,100.0,0,19,11,4.8,28.2,22.51337,88.410109
2026-08-23T12:27:15.274201+05:30,130,100.0,0,19,11,4.9,28.2,22.513374,88.410096
2026-08-23T12:27:23.047656+05:30,130,100.0,0,19,11,5.0,28.2,22.513392,88.410098
2026-08-23T12:27:30.227561+05:30,130,100.0,0,19,11,5.0,28.2,22.513348,88.410036
2026-08-23T12:27:37.404590+05:30,130,100.0,0,19,11,5.0,28.2,22.513286,88.409946
2026-08-23T12:27:44.569641+05:30,131,100.0,0,20,12,5.0,28.2,22.513282,88.409906
2026-08-23T12:27:52.132162+05:30,130,100.0,0,19,11,5.0,28.2,22.513335,88.409949
2026-08-23T12:27:59.516566+05:30,131,100.0,0,20,12,4.8,28.2,22.5134,88.410016
2026-08-23T12:28:07.308252+05:30,131,100.0,0,20,12,4.8,28.2,22.513402,88.410018
2026-08-23T12:28:14.449901+05:30,130,100.0,0,19,11,4.8,28.2,22.513421,88.41001
2026-08-23T12:28:22.241865+05:30,131,100.0,0,20,12,4.9,28.2,22.513416,88.40998
2026-08-23T12:28:29.815893+05:30,131,100.0,0,20,12,4.8,28.2,22.5134,88.409969
2026-08-23T12:28:36.986813+05:30,131,100.0,0,20,12,4.9,28.2,22.513388,88.409986
2026-08-23T12:28:44.146531+05:30,131,100.0,0,20,12,4.9,28.2,,
2026-08-23T12:28:51.309374+05:30,131,100.0,0,20,12,4.9,28.2,,
2026-08-23T12:28:58.475280+05:30,131,100.0,0,20,12,4.8,28.2,22.513411,88.410109
2026-08-23T12:29:06.051403+05:30,131,100.0,0,20,12,4.4,28.2,22.513411,88.410109
2026-08-23T12:29:13.233480+05:30,131,100.0,0,20,12,4.3,28.2,,
2026-08-23T12:29:20.412232+05:30,131,100.0,0,20,12,4.3,28.2,,
2026-08-23T12:29:27.772520+05:30,130,100.0,0,19,11,4.4,28.2,,
2026-08-23T12:29:34.936418+05:30,131,100.0,0,20,12,4.7,28.2,,
2026-08-23T12:29:42.094246+05:30,131,100.0,0,20,12,4.9,28.2,,
2026-08-23T12:29:49.272692+05:30,131,100.0,0,20,12,4.8,28.2,,
2026-08-23T12:29:56.437062+05:30,131,100.0,0,20,12,4.9,28.2,,
2026-08-23T12:30:03.621089+05:30,131,100.0,0,20,12,4.9,28.2,,
2026-08-23T12:30:10.777988+05:30,131,100.0,0,20,12,4.9,28.2,,
2026-08-23T12:30:17.958216+05:30,130,100.0,0,19,11,4.9,28.2,,
2026-08-23T12:30:25.124465+05:30,131,100.0,0,20,12,4.9,28.2,,
2026-08-23T12:30:32.494789+05:30,131,100.0,0,20,12,4.9,28.2,,
2026-08-23T12:30:39.664294+05:30,131,100.0,0,20,12,4.9,28.2,,
2026-08-23T12:30:46.816879+05:30,131,100.0,0,20,12,4.9,28.2,,
2026-08-23T12:30:53.989330+05:30,131,100.0,0,20,12,4.9,28.2,,
2026-08-23T12:31:01.156597+05:30,131,100.0,0,20,12,4.9,28.2,,
2026-08-23T12:31:08.324330+05:30,130,100.0,0,19,11,4.9,28.2,,
2026-08-23T12:31:15.524028+05:30,131,100.0,0,20,12,4.9,28.2,,
2026-08-23T12:31:22.667432+05:30,131,100.0,0,20,12,4.9,28.2,,
2026-08-23T12:31:29.847436+05:30,131,100.0,0,20,12,4.9,28.2,,
2026-08-23T12:31:37.002420+05:30,131,100.0,0,20,12,4.9,28.2,,
2026-08-23T12:31:44.159012+05:30,131,100.0,0,20,12,4.9,28.2,,
2026-08-23T12:31:51.345578+05:30,131,100.0,0,20,12,4.9,28.2,,
2026-08-23T12:31:58.513510+05:30,131,100.0,0,20,12,5.0,28.2,,
2026-08-23T12:32:05.679304+05:30,131,100.0,0,20,12,4.8,28.2,,
2026-08-23T12:32:13.242398+05:30,131,100.0,0,20,12,4.8,28.2,,
2026-08-23T12:32:20.831346+05:30,131,100.0,0,20,12,4.9,28.2,,
2026-08-23T12:32:28.067336+05:30,131,100.0,0,20,12,4.9,28.2,,
2026-08-23T12:32:35.488944+05:30,131,100.0,0,20,12,4.9,28.2,,
2026-08-23T12:32:42.837031+05:30,131,100.0,0,20,12,4.9,28.2,,
2026-08-23T12:32:50.427292+05:30,131,100.0,0,20,12,4.9,28.2,,
2026-08-23T12:32:58.011885+05:30,131,100.0,0,20,12,4.9,28.2,,
2026-08-23T12:33:05.572832+05:30,131,100.0,0,20,12,4.9,28.2,,
2026-08-23T12:33:12.955199+05:30,131,100.0,0,20,12,4.9,28.2,,
2026-08-23T12:33:20.329182+05:30,131,100.0,0,20,12,4.9,28.2,,
2026-08-23T12:33:27.482223+05:30,131,100.0,0,20,12,4.9,28.2,,
2026-08-23T12:33:35.075393+05:30,131,100.0,0,20,12,4.9,28.2,,
2026-08-23T12:33:42.647737+05:30,131,100.0,0,20,12,4.9,28.2,,
2026-08-23T12:33:50.223887+05:30,131,100.0,0,20,12,4.9,28.2,,
2026-08-23T12:33:58.017849+05:30,131,100.0,0,20,12,4.9,28.2,,
2026-08-23T12:34:05.577915+05:30,131,100.0,0,20,12,4.9,28.2,,
2026-08-23T12:34:12.969955+05:30,131,100.0,0,20,12,4.9,28.2,,
2026-08-23T12:34:20.557120+05:30,131,100.0,0,20,12,4.9,28.2,,
2026-08-23T12:34:28.325609+05:30,131,100.0,0,20,12,4.9,28.2,,
2026-08-23T12:34:36.499140+05:30,131,100.0,0,20,12,4.9,28.2,,
2026-08-23T12:34:44.085067+05:30,131,100.0,0,20,12,4.9,28.2,,
2026-08-23T12:34:51.248329+05:30,131,100.0,0,20,12,4.9,28.2,,
2026-08-23T12:34:58.425302+05:30,131,100.0,0,20,12,4.9,28.2,,
2026-08-23T12:35:06.003971+05:30,131,100.0,0,20,12,4.9,28.2,,
2026-08-23T12:35:13.369712+05:30,131,100.0,0,20,12,4.9,28.2,,
2026-08-23T12:35:20.958033+05:30,131,100.0,0,20,12,4.9,28.2,,
2026-08-23T12:35:28.118189+05:30,131,100.0,0,20,12,4.9,28.2,,
2026-08-23T12:35:36.314814+05:30,131,100.0,0,20,12,4.9,28.2,,
2026-08-23T12:35:43.888973+05:30,131,100.0,0,20,12,4.9,28.2,,
2026-08-23T12:35:51.263695+05:30,131,100.0,0,20,12,4.8,28.2,,
2026-08-23T12:35:58.632914+05:30,131,100.0,0,20,12,4.7,28.2,,
2026-08-23T12:36:06.003986+05:30,131,100.0,0,20,12,4.8,28.2,,
2026-08-23T12:36:13.614654+05:30,131,100.0,0,20,12,4.8,28.2,,
2026-08-23T12:36:20.751674+05:30,131,100.0,0,20,12,4.8,28.2,,
2026-08-23T12:36:28.942820+05:30,131,100.0,0,20,12,4.8,28.2,,
2026-08-23T12:36:36.725978+05:30,131,100.0,0,20,12,4.8,28.2,,
2026-08-23T12:36:44.317777+05:30,131,100.0,0,20,12,4.8,28.2,,
2026-08-23T12:36:52.295660+05:30,131,100.0,0,20,12,4.8,28.2,,
2026-08-23T12:37:00.279861+05:30,131,100.0,0,20,12,4.8,28.2,,
2026-08-23T12:37:07.658296+05:30,131,100.0,0,20,12,4.8,28.2,,
2026-08-23T12:37:15.435906+05:30,131,100.0,0,20,12,4.8,28.2,,
2026-08-23T12:37:22.603862+05:30,131,100.0,0,20,12,4.8,28.2,,
2026-08-23T12:37:29.796205+05:30,131,100.0,0,20,12,4.8,28.2,,
2026-08-23T12:37:36.941563+05:30,131,100.0,0,20,12,4.8,28.2,,
2026-08-23T12:37:44.109021+05:30,131,100.0,0,20,12,4.8,28.2,,
2026-08-23T12:37:51.485302+05:30,131,100.0,0,20,12,4.8,28.2,,
2026-08-23T12:37:59.258286+05:30,131,100.0,0,20,12,4.8,28.2,,
2026-08-23T12:38:06.836967+05:30,131,100.0,0,20,12,4.8,28.2,,
2026-08-23T12:38:14.627231+05:30,131,100.0,0,20,12,4.8,28.2,,
2026-08-23T12:38:22.205268+05:30,131,100.0,0,20,12,4.8,28.2,,
2026-08-23T12:38:29.973425+05:30,131,100.0,0,20,12,4.8,28.2,,
2026-08-23T12:38:37.341233+05:30,131,100.0,0,20,12,4.8,28.2,,
2026-08-23T12:38:44.724893+05:30,131,100.0,0,20,12,4.7,28.2,,
2026-08-23T12:38:51.887396+05:30,131,100.0,0,20,12,4.8,28.2,,
2026-08-23T12:38:59.055597+05:30,131,100.0,0,20,12,4.8,28.2,,
2026-08-23T12:39:06.225529+05:30,131,100.0,0,20,12,4.8,28.2,,
2026-08-23T12:39:13.410068+05:30,131,100.0,0,20,12,4.8,28.2,,
2026-08-23T12:39:20.571508+05:30,131,100.0,0,20,12,4.8,28.2,,
2026-08-23T12:39:27.740489+05:30,131,100.0,0,20,12,4.8,28.2,,
2026-08-23T12:39:35.099256+05:30,131,100.0,0,20,12,4.8,28.2,,
2026-08-23T12:39:42.276940+05:30,131,100.0,0,20,12,4.8,28.2,,
2026-08-23T12:39:49.443813+05:30,131,100.0,0,20,12,4.8,28.2,,
2026-08-23T12:39:56.609564+05:30,131,100.0,0,20,12,4.8,28.2,,
2026-08-23T12:40:03.779224+05:30,131,100.0,0,20,12,4.8,28.2,,
2026-08-23T12:40:10.940077+05:30,131,100.0,0,20,12,4.8,28.2,,
2026-08-23T12:40:18.123230+05:30,131,100.0,0,20,12,4.8,28.2,,
2026-08-23T12:40:25.274520+05:30,131,100.0,0,20,12,4.8,28.2,,
2026-08-23T12:40:32.448623+05:30,131,100.0,0,20,12,4.8,28.2,,
2026-08-23T12:40:39.623303+05:30,131,100.0,0,20,12,4.8,28.2,,
2026-08-23T12:40:46.777344+05:30,131,100.0,0,20,12,4.8,28.2,,
2026-08-23T12:40:53.966612+05:30,131,100.0,0,20,12,4.8,28.2,,
2026-08-23T12:41:01.131396+05:30,131,100.0,0,20,12,4.8,28.2,,
2026-08-23T12:41:08.293678+05:30,131,100.0,0,20,12,4.8,28.2,,
2026-08-23T12:41:15.471345+05:30,131,100.0,0,20,12,4.8,28.2,,
2026-08-23T12:41:22.625056+05:30,131,100.0,0,20,12,4.8,28.2,,
2026-08-23T12:41:29.796323+05:30,131,100.0,0,20,12,4.8,28.2,,
2026-08-23T12:41:37.173191+05:30,131,100.0,0,20,12,4.8,28.2,,
2026-08-23T12:41:44.342651+05:30,131,100.0,0,20,12,4.8,28.2,,
2026-08-23T12:41:51.499751+05:30,131,100.0,0,20,12,4.8,28.2,,
2026-08-23T12:41:58.654198+05:30,131,100.0,0,20,12,4.8,28.2,,
2026-08-23T12:42:05.835020+05:30,131,100.0,0,20,12,4.8,28.2,,
2026-08-23T12:42:12.998805+05:30,131,100.0,0,20,12,4.8,28.2,,
2026-08-23T12:42:20.179692+05:30,131,100.0,0,20,12,4.7,28.2,,
2026-08-23T12:42:27.752969+05:30,131,100.0,0,20,12,4.6,28.2,,
2026-08-23T12:42:35.156481+05:30,131,100.0,0,20,12,4.7,28.2,,
2026-08-23T12:42:42.698644+05:30,131,100.0,0,20,12,4.6,28.2,,
2026-08-23T12:42:49.862303+05:30,131,100.0,0,20,12,4.7,28.2,,
2026-08-23T12:42:57.043389+05:30,131,100.0,0,20,12,4.8,28.2,,
2026-08-23T12:43:04.210145+05:30,131,100.0,0,20,12,4.8,28.2,,
2026-08-23T12:43:11.380355+05:30,131,100.0,0,20,12,4.8,28.2,,
2026-08-23T12:43:18.744483+05:30,131,100.0,0,20,12,4.8,28.2,,
2026-08-23T12:43:25.911527+05:30,131,100.0,0,20,12,4.8,28.2,,
2026-08-23T12:43:33.083782+05:30,131,100.0,0,20,12,4.8,28.2,,
2026-08-23T12:43:40.258812+05:30,131,100.0,0,20,12,4.8,28.2,,
2026-08-23T12:43:47.422187+05:30,131,100.0,0,20,12,4.8,28.2,,
2026-08-23T12:43:54.589476+05:30,131,100.0,0,20,12,4.8,28.2,,
2026-08-23T12:44:01.792234+05:30,131,100.0,0,20,12,4.8,28.2,,
2026-08-23T12:44:08.918777+05:30,131,100.0,0,20,12,4.8,28.2,,
2026-08-23T12:44:16.087098+05:30,131,100.0,0,20,12,4.8,28.2,,
2026-08-23T12:44:23.268806+05:30,131,100.0,0,20,12,4.8,28.2,,
2026-08-23T12:44:30.239385+05:30,131,100.0,0,20,12,4.8,28.2,,
2026-08-23T12:44:37.406641+05:30,131,100.0,0,20,12,4.8,28.2,,
2026-08-23T12:44:44.755338+05:30,131,100.0,0,20,12,4.8,28.2,,
2026-08-23T12:44:51.934927+05:30,131,100.0,0,20,12,4.8,28.2,,
2026-08-23T12:44:59.101268+05:30,131,100.0,0,20,12,4.7,28.2,,
2026-08-23T12:45:06.279489+05:30,131,100.0,0,20,12,4.8,28.2,,
2026-08-23T12:45:13.534271+05:30,131,100.0,0,20,12,4.8,28.2,,
2026-08-23T12:45:20.604325+05:30,131,100.0,0,20,12,4.8,28.2,,
2026-08-23T12:45:27.768308+05:30,131,100.0,0,20,12,4.8,28.2,,
2026-08-23T12:45:35.152084+05:30,131,100.0,0,20,12,4.8,28.2,,
2026-08-23T12:45:42.313058+05:30,131,100.0,0,20,12,4.8,28.2,,
2026-08-23T12:45:49.484932+05:30,131,100.0,0,20,12,4.8,28.2,,
2026-08-23T12:45:56.644764+05:30,131,100.0,0,20,12,4.8,28.2,,
2026-08-23T12:46:03.818395+05:30,131,100.0,0,20,12,4.8,28.2,,
2026-08-23T12:46:10.987678+05:30,131,100.0,0,20,12,4.8,28.2,,
2026-08-23T12:46:18.132553+05:30,131,100.0,0,20,12,4.8,28.2,,
2026-08-23T12:46:25.323072+05:30,131,100.0,0,20,12,4.8,28.2,,
2026-08-23T12:46:32.700301+05:30,131,100.0,0,20,12,4.8,28.2,,
2026-08-23T12:46:39.863381+05:30,132,100.0,0,20,12,4.8,28.2,,
2026-08-23T12:46:47.023425+05:30,131,100.0,0,20,12,4.8,28.2,,
2026-08-23T12:46:54.200007+05:30,132,100.0,0,20,12,4.8,28.2,,
2026-08-23T12:47:01.365187+05:30,131,100.0,0,20,12,4.8,28.2,,
2026-08-23T12:47:08.538806+05:30,131,100.0,0,20,12,4.8,28.2,,
2026-08-23T12:47:15.700088+05:30,132,100.0,0,20,12,4.8,28.2,,
2026-08-23T12:47:23.083152+05:30,132,100.0,0,20,12,4.8,28.2,,
2026-08-23T12:47:30.247905+05:30,131,100.0,0,20,12,4.8,28.2,,
2026-08-23T12:47:37.408720+05:30,132,100.0,0,20,12,4.8,28.2,,
2026-08-23T12:47:44.586295+05:30,131,100.0,0,20,12,4.8,28.2,,
2026-08-23T12:47:51.748018+05:30,131,100.0,0,20,12,4.8,28.2,,
2026-08-23T12:47:58.919485+05:30,131,100.0,0,20,12,4.8,28.2,,
2026-08-23T12:48:06.073976+05:30,132,100.0,0,20,12,4.8,28.2,,
2026-08-23T12:48:13.247743+05:30,132,100.0,0,20,12,4.8,28.2,,
2026-08-23T12:48:20.425019+05:30,132,100.0,0,20,12,4.8,28.2,,
2026-08-23T12:48:27.575093+05:30,132,100.0,0,20,12,4.7,28.2,,
2026-08-23T12:48:34.759697+05:30,132,100.0,0,20,12,4.7,28.2,,
2026-08-23T12:48:41.932212+05:30,132,100.0,0,20,12,4.7,28.2,,
2026-08-23T12:48:49.083632+05:30,132,100.0,0,20,12,4.7,28.2,,
2026-08-23T12:48:56.266955+05:30,132,100.0,0,20,12,4.7,28.2,,
2026-08-23T12:49:03.420732+05:30,132,100.0,0,20,12,4.7,28.2,,
2026-08-23T12:49:10.598970+05:30,132,100.0,0,20,12,4.7,28.2,,
2026-08-23T12:49:17.765533+05:30,132,100.0,0,20,12,4.7,28.2,,
2026-08-23T12:49:24.921800+05:30,132,100.0,0,20,12,4.7,28.2,,
2026-08-23T12:49:32.102810+05:30,132,100.0,0,20,12,4.7,28.2,,
2026-08-23T12:49:39.270726+05:30,132,100.0,0,20,12,4.7,28.2,,
2026-08-23T12:49:46.433064+05:30,132,100.0,0,20,12,4.7,28.2,,
2026-08-23T12:49:53.599550+05:30,132,100.0,0,20,12,4.7,28.2,,
2026-08-23T12:50:00.791959+05:30,132,100.0,0,20,12,4.7,28.3,,
2026-08-23T12:50:07.944898+05:30,132,100.0,0,20,12,4.7,28.2,,
2026-08-23T12:50:15.102363+05:30,132,100.0,0,20,12,4.7,28.2,,
2026-08-23T12:50:22.310651+05:30,132,100.0,0,20,12,4.7,28.2,,
2026-08-23T12:50:29.659352+05:30,132,100.0,0,20,12,4.7,28.2,,
2026-08-23T12:50:36.824144+05:30,132,100.0,0,20,12,4.7,28.2,,
2026-08-23T12:50:44.176852+05:30,132,100.0,0,20,12,4.7,28.3,22.513114,88.409918
2026-08-23T12:50:51.362798+05:30,132,100.0,0,20,12,4.7,28.3,22.513185,88.409926
2026-08-23T12:50:58.514503+05:30,132,100.0,0,20,12,4.7,28.2,22.513129,88.409916
2026-08-23T12:51:05.695970+05:30,132,100.0,0,20,12,4.7,28.2,22.513094,88.409954
2026-08-23T12:51:13.268620+05:30,132,100.0,0,20,12,4.7,28.3,22.513093,88.409953
2026-08-23T12:51:20.444996+05:30,132,100.0,0,20,12,4.7,28.3,22.513022,88.41001
2026-08-23T12:51:28.025416+05:30,132,100.0,0,20,12,4.7,28.3,22.513006,88.410045
2026-08-23T12:51:35.179236+05:30,132,100.0,0,20,12,4.7,28.3,22.513014,88.410099
2026-08-23T12:51:42.362647+05:30,132,100.0,0,20,12,4.7,28.3,,
2026-08-23T12:51:49.520808+05:30,0,27.3,0,0,0,5.2,28.1,22.513193,88.410122
2026-08-23T12:51:56.675532+05:30,0,15.3,0,0,0,4.3,27.8,22.513193,88.410122
2026-08-23T12:52:03.850786+05:30,0,7.4,0,0,0,5.2,27.5,,
2026-08-23T12:52:11.029705+05:30,0,7.3,0,0,0,6.4,27.3,,
2026-08-23T12:52:18.187180+05:30,0,6.9,0,0,0,7.0,27.1,,
2026-08-23T12:52:25.353464+05:30,0,6.6,0,0,0,6.6,27.1,,
2026-08-23T12:52:32.539187+05:30,0,6.4,0,0,0,6.4,27.1,,
2026-08-23T12:52:39.697741+05:30,0,6.3,0,0,0,6.1,27.0,,
2026-08-23T12:52:46.875099+05:30,0,6.3,0,0,0,6.0,27.0,,
2026-08-23T12:52:54.237065+05:30,0,6.1,0,0,0,5.8,27.0,,
2026-08-23T12:53:01.602599+05:30,0,6.1,0,0,0,5.7,27.1,,
2026-08-23T12:53:08.773815+05:30,0,6.1,0,0,0,5.6,27.1,,
2026-08-23T12:53:15.942916+05:30,0,6.1,0,0,0,5.5,27.1,,
2026-08-23T12:53:23.116110+05:30,0,6.1,0,0,0,5.4,27.1,,
2026-08-23T12:53:30.274951+05:30,0,6.1,0,0,0,5.4,27.1,,
2026-08-23T12:53:37.441884+05:30,0,6.1,0,0,0,5.3,27.1,,
2026-08-23T12:53:44.614411+05:30,0,6.1,0,0,0,5.3,27.1,,
2026-08-23T12:53:52.811691+05:30,0,6.0,0,0,0,5.2,27.1,,
2026-08-23T12:54:00.391233+05:30,0,6.0,0,0,0,5.2,27.0,,
2026-08-23T12:54:07.554037+05:30,0,6.0,0,0,0,5.1,27.1,,
2026-08-23T12:54:14.718452+05:30,0,6.0,0,0,0,5.1,27.1,,
2026-08-23T12:54:21.916167+05:30,0,5.8,0,0,0,5.1,27.1,,
2026-08-23T12:54:29.048059+05:30,0,6.0,0,0,0,5.1,27.1,,
2026-08-23T12:54:36.221463+05:30,0,5.8,0,0,0,5.0,27.1,,
2026-08-23T12:54:43.613030+05:30,0,6.0,0,0,0,5.0,27.1,,
2026-08-23T12:54:50.785700+05:30,0,6.0,0,0,0,5.0,27.1,,
2026-08-23T12:54:57.953168+05:30,0,5.8,0,0,0,5.0,27.1,,
2026-08-23T12:55:05.304499+05:30,0,5.8,0,0,0,5.0,27.1,,
2026-08-23T12:55:12.882279+05:30,0,5.8,0,0,0,5.0,27.1,,
2026-08-23T12:55:21.717460+05:30,0,5.8,0,0,0,5.0,27.1,,
2026-08-23T12:55:29.268481+05:30,0,5.8,0,0,0,5.0,27.2,,
2026-08-23T12:55:36.442885+05:30,0,5.8,0,0,0,5.0,27.2,,
2026-08-23T12:55:44.019482+05:30,0,5.8,0,0,0,5.0,27.2,,
2026-08-23T12:55:51.593731+05:30,0,5.8,0,0,0,5.0,27.3,,
2026-08-23T12:55:58.971379+05:30,0,5.8,0,0,0,5.0,27.3,,
2026-08-23T12:56:06.344334+05:30,0,5.8,0,0,0,5.0,27.3,,
2026-08-23T12:56:13.903364+05:30,0,5.8,0,0,0,5.0,27.3,,
2026-08-23T12:56:21.490946+05:30,0,5.8,0,0,0,5.0,27.4,,
2026-08-23T12:56:28.864320+05:30,0,5.7,0,0,0,5.0,27.4,,
2026-08-23T12:56:36.237406+05:30,0,5.8,0,0,0,5.0,27.4,,
2026-08-23T12:56:43.605541+05:30,0,5.7,0,0,0,5.0,27.5,,
2026-08-23T12:56:51.400856+05:30,0,5.8,0,0,0,5.0,27.5,,
2026-08-23T12:56:58.772198+05:30,0,5.7,0,0,0,4.9,27.5,,
2026-08-23T12:57:05.928548+05:30,0,5.7,0,0,0,4.9,27.6,,
2026-08-23T12:57:13.565505+05:30,0,5.7,0,0,0,4.9,27.6,,
2026-08-23T12:57:21.504697+05:30,0,5.8,0,0,0,4.9,27.7,,
2026-08-23T12:57:28.870237+05:30,0,5.7,0,0,0,4.9,27.8,,
2026-08-23T12:57:36.670536+05:30,0,5.7,0,0,0,4.9,27.8,,
2026-08-23T12:57:44.229239+05:30,0,5.8,0,0,0,4.9,27.9,,
2026-08-23T12:57:51.805046+05:30,0,5.7,0,0,0,4.9,27.9,,
2026-08-23T12:57:59.594864+05:30,0,5.7,0,0,0,4.9,28.0,,
2026-08-23T12:58:06.977201+05:30,0,5.7,0,0,0,4.9,28.1,,
2026-08-23T12:58:14.549802+05:30,0,5.7,0,0,0,4.9,28.1,,
2026-08-23T12:58:22.357959+05:30,0,5.7,0,0,0,4.9,28.2,,
2026-08-23T12:58:29.692741+05:30,0,5.7,0,0,0,4.9,28.3,,
2026-08-23T12:58:38.492210+05:30,0,5.7,0,0,0,4.9,28.4,,
2026-08-23T12:58:45.872053+05:30,0,5.7,0,0,0,4.9,28.4,,
2026-08-23T12:58:53.251104+05:30,0,5.7,0,0,0,4.9,28.5,,
2026-08-23T12:59:01.033466+05:30,0,5.7,0,0,0,4.9,28.6,,
2026-08-23T12:59:08.391715+05:30,0,5.7,0,0,0,4.9,28.6,,
2026-08-23T12:59:15.788115+05:30,0,5.7,0,0,0,4.9,28.7,,
2026-08-23T12:59:23.345304+05:30,0,5.7,0,0,0,4.9,28.8,,
2026-08-23T12:59:30.944745+05:30,0,5.7,0,0,0,4.9,28.8,,
2026-08-23T12:59:38.306974+05:30,0,5.7,0,0,0,4.9,28.8,,
2026-08-23T12:59:45.883574+05:30,0,5.7,0,0,0,4.9,28.9,,
2026-08-23T12:59:53.261491+05:30,0,5.7,0,0,0,4.9,28.9,,
2026-08-23T13:00:00.829800+05:30,0,5.6,0,0,0,4.9,28.9,,
2026-08-23T13:00:08.620474+05:30,0,5.7,0,0,0,4.9,29.0,,
2026-08-23T13:00:15.778866+05:30,0,5.6,0,0,0,4.9,29.0,,
2026-08-23T13:00:23.151872+05:30,0,5.7,0,0,0,4.9,29.1,,
2026-08-23T13:00:30.931454+05:30,0,5.6,0,0,0,4.9,29.1,,
2026-08-23T13:00:38.306333+05:30,0,5.6,0,0,0,4.9,29.1,,
2026-08-23T13:00:46.295770+05:30,0,5.7,0,0,0,4.9,29.2,,
2026-08-23T13:00:53.877287+05:30,0,5.6,0,0,0,4.9,29.2,,
2026-08-23T13:01:01.451818+05:30,0,5.7,0,0,0,5.0,29.2,,
2026-08-23T13:01:09.028258+05:30,0,5.7,0,0,0,5.0,29.2,,
2026-08-23T13:01:16.812505+05:30,0,5.6,0,0,0,5.0,29.2,,
2026-08-23T13:01:24.394112+05:30,0,5.6,0,0,0,5.0,29.2,,
2026-08-23T13:01:31.967291+05:30,0,5.6,0,0,0,5.0,29.2,,
2026-08-23T13:01:39.338954+05:30,0,5.6,0,0,0,5.0,29.3,,
2026-08-23T13:01:46.505644+05:30,0,5.6,0,0,0,5.0,29.3,,
2026-08-23T13:01:54.499976+05:30,0,5.6,0,0,0,5.0,29.3,,
2026-08-23T13:02:01.670065+05:30,0,5.6,0,0,0,5.0,29.3,,
2026-08-23T13:02:08.830046+05:30,0,5.6,0,0,0,5.0,29.3,,
2026-08-23T13:02:16.409236+05:30,0,5.6,0,0,0,5.0,29.4,,
2026-08-23T13:02:23.785613+05:30,0,5.6,0,0,0,5.0,29.4,,
2026-08-23T13:02:31.141717+05:30,0,18.2,0,0,0,8.3,29.4,,
2026-08-23T13:02:38.316538+05:30,0,19.0,0,0,0,7.6,29.5,,
2026-08-23T13:02:45.506654+05:30,0,19.0,0,0,0,7.0,29.6,,
2026-08-23T13:02:52.685824+05:30,0,19.0,0,0,0,6.8,29.6,,
2026-08-23T13:03:00.032968+05:30,0,19.0,0,0,0,6.7,29.6,,
2026-08-23T13:03:07.191827+05:30,0,19.0,0,0,0,6.6,29.6,,
2026-08-23T13:03:14.361495+05:30,0,19.0,0,0,0,6.5,29.6,,
2026-08-23T13:03:21.732483+05:30,0,19.0,0,0,0,6.4,29.6,,
2026-08-23T13:03:28.923090+05:30,0,19.0,0,0,0,6.4,29.6,,
2026-08-23T13:03:36.174826+05:30,0,19.0,0,0,0,6.4,29.6,,
2026-08-23T13:03:43.339263+05:30,0,19.0,0,0,0,6.3,29.6,,
2026-08-23T13:03:50.528072+05:30,0,19.0,0,0,0,6.3,29.6,,
2026-08-23T13:03:57.674042+05:30,0,19.0,0,0,0,6.3,29.6,,
2026-08-23T13:04:05.065386+05:30,0,19.0,0,0,0,6.2,29.6,,
2026-08-23T13:04:12.221391+05:30,0,19.0,0,0,0,6.2,29.6,,
2026-08-23T13:04:19.408587+05:30,0,19.0,0,0,0,6.2,29.6,,
2026-08-23T13:04:26.570939+05:30,0,19.0,0,0,0,6.2,29.6,,
2026-08-23T13:04:33.721799+05:30,0,19.0,0,0,0,6.2,29.6,,
2026-08-23T13:04:40.898870+05:30,0,19.0,0,0,0,6.1,29.6,,
2026-08-23T13:04:48.059385+05:30,0,19.0,0,0,0,6.1,29.6,,
2026-08-23T13:04:55.221722+05:30,0,19.0,0,0,0,6.1,29.6,,
2026-08-23T13:05:02.396364+05:30,0,19.0,0,0,0,6.1,29.6,,
2026-08-23T13:05:09.560141+05:30,0,19.0,0,0,0,6.1,29.6,,
2026-08-23T13:05:16.741690+05:30,0,19.0,0,0,0,6.1,29.5,,
2026-08-23T13:05:24.104172+05:30,0,19.0,0,0,0,6.0,29.5,,
2026-08-23T13:05:31.279448+05:30,0,19.0,0,0,0,6.0,29.6,,
2026-08-23T13:05:38.444426+05:30,0,19.1,0,0,0,6.0,29.5,,
2026-08-23T13:05:48.688525+05:30,0,19.0,0,0,0,6.0,29.5,,
2026-08-23T13:05:55.853447+05:30,0,19.0,0,0,0,6.0,29.5,,
2026-08-23T13:06:06.503353+05:30,0,19.0,0,0,0,6.0,29.5,,
2026-08-23T13:06:13.666788+05:30,0,19.0,0,0,0,6.0,29.5,,
2026-08-23T13:06:20.841490+05:30,0,19.0,0,0,0,6.0,29.5,,
2026-08-23T13:06:28.200478+05:30,0,19.0,0,0,0,6.0,29.5,,
2026-08-23T13:06:35.383330+05:30,0,19.0,0,0,0,6.0,29.5,,
2026-08-23T13:06:42.552517+05:30,0,19.0,0,0,0,6.0,29.5,,
2026-08-23T13:06:50.943040+05:30,0,19.0,0,0,0,5.9,29.4,,
2026-08-23T13:06:58.323601+05:30,0,19.0,0,0,0,5.9,29.4,,
2026-08-23T13:07:06.097962+05:30,0,19.0,0,0,0,5.9,29.4,,
2026-08-23T13:07:13.681200+05:30,0,19.0,0,0,0,5.9,29.4,,
2026-08-23T13:07:21.051699+05:30,0,18.9,0,0,0,5.9,29.4,,
2026-08-23T13:07:28.414511+05:30,0,19.0,0,0,0,5.9,29.4,,
2026-08-23T13:07:35.793676+05:30,0,19.0,0,0,0,5.9,29.3,,
2026-08-23T13:07:43.599437+05:30,0,19.0,0,0,0,5.9,29.4,,
2026-08-23T13:07:50.949561+05:30,0,19.0,0,0,0,5.9,29.3,,
2026-08-23T13:07:58.346830+05:30,0,19.0,0,0,0,5.9,29.3,,
2026-08-23T13:08:05.898315+05:30,0,19.0,0,0,0,5.9,29.3,,
2026-08-23T13:08:13.065171+05:30,0,19.0,0,0,0,5.9,29.3,,
2026-08-23T13:08:20.420569+05:30,0,19.0,0,0,0,5.9,29.2,,
2026-08-23T13:08:27.603455+05:30,0,19.0,0,0,0,5.9,29.2,,
2026-08-23T13:08:35.192063+05:30,0,19.0,0,0,0,5.9,29.2,,
2026-08-23T13:08:42.762115+05:30,0,19.0,0,0,0,5.9,29.2,,
2026-08-23T13:08:50.554195+05:30,0,19.0,0,0,0,5.9,29.2,,
2026-08-23T13:08:58.125223+05:30,0,19.0,0,0,0,5.9,29.2,,
2026-08-23T13:09:05.614909+05:30,0,18.9,0,0,0,5.9,29.2,,
2026-08-23T13:09:12.860978+05:30,0,19.0,0,0,0,5.9,29.2,,
2026-08-23T13:09:20.462671+05:30,0,18.9,0,0,0,5.8,29.2,,
2026-08-23T13:09:28.232021+05:30,0,19.0,0,0,0,5.8,29.1,,
2026-08-23T13:09:36.013355+05:30,0,18.9,0,0,0,5.8,29.1,,
2026-08-23T13:09:43.803352+05:30,0,18.9,0,0,0,5.8,29.1,,
2026-08-23T13:09:51.387955+05:30,0,18.9,0,0,0,5.8,29.1,,
2026-08-23T13:09:58.542595+05:30,0,18.9,0,0,0,5.8,29.0,,
2026-08-23T13:10:05.707438+05:30,0,18.9,0,0,0,5.8,29.0,,
2026-08-23T13:10:25.168065+05:30,0,18.9,0,0,0,5.8,29.0,,
2026-08-23T13:10:27.417838+05:30,0,18.9,0,0,0,5.8,28.9,,
2026-08-23T13:10:34.583552+05:30,0,18.9,0,0,0,5.8,28.9,,
2026-08-23T13:10:41.964070+05:30,0,18.9,0,0,0,5.8,28.9,,
2026-08-23T13:10:49.547863+05:30,0,18.9,0,0,0,5.8,28.9,,
2026-08-23T13:10:56.911055+05:30,0,18.9,0,0,0,5.8,28.9,,
2026-08-23T13:11:04.083037+05:30,0,18.9,0,0,0,5.8,28.9,,
2026-08-23T13:11:11.454783+05:30,0,22.6,0,0,0,5.9,28.8,,
2026-08-23T13:11:18.615476+05:30,0,22.7,0,0,0,6.0,28.8,,
2026-08-23T13:11:25.777138+05:30,0,22.8,0,0,0,6.0,28.8,,
2026-08-23T13:11:32.967230+05:30,0,22.8,0,0,0,6.0,28.8,,
2026-08-23T13:11:40.128395+05:30,0,22.8,0,0,0,6.0,28.7,,
2026-08-23T13:11:47.279031+05:30,0,22.7,0,0,0,5.9,28.7,,
2026-08-23T13:11:54.456498+05:30,0,22.6,0,0,0,5.9,28.7,,
2026-08-23T13:12:01.848146+05:30,0,22.7,0,0,0,5.9,28.6,,
2026-08-23T13:12:09.027167+05:30,0,22.8,0,0,0,5.9,28.6,,
2026-08-23T13:12:16.160472+05:30,0,22.7,0,0,0,6.0,28.6,,
2026-08-23T13:12:23.342565+05:30,0,22.6,0,0,0,6.0,28.6,,
2026-08-23T13:12:30.498267+05:30,0,22.4,0,0,0,5.9,28.5,,
2026-08-23T13:12:37.888266+05:30,0,22.0,0,0,0,5.9,28.5,,
2026-08-23T13:12:45.044424+05:30,0,30.9,0,0,0,6.0,28.4,,
2026-08-23T13:12:52.232003+05:30,0,26.4,0,0,0,3.9,28.4,,
2026-08-23T13:12:59.379230+05:30,0,25.9,0,0,0,5.5,28.3,,
2026-08-23T13:13:06.543570+05:30,0,25.3,0,0,0,5.9,28.3,,
2026-08-23T13:13:13.718830+05:30,0,24.8,0,0,0,5.9,28.3,,
2026-08-23T13:13:20.880834+05:30,0,29.5,0,0,0,5.9,28.3,,
2026-08-23T13:13:28.068707+05:30,0,26.9,0,0,0,5.9,28.2,,
2026-08-23T13:13:35.217608+05:30,0,26.4,0,0,0,5.9,28.2,,
2026-08-23T13:13:42.602614+05:30,0,25.7,0,0,0,5.8,28.2,,
2026-08-23T13:13:49.776488+05:30,0,25.4,0,0,0,5.8,28.1,,
2026-08-23T13:13:56.939297+05:30,0,25.1,0,0,0,5.8,28.1,,
2026-08-23T13:14:04.093251+05:30,0,24.9,0,0,0,5.8,28.1,,
2026-08-23T13:14:11.257088+05:30,0,24.8,0,0,0,5.8,28.0,,
2026-08-23T13:14:18.434042+05:30,0,24.7,0,0,0,5.8,28.0,,
2026-08-23T13:14:25.600432+05:30,0,24.6,0,0,0,5.8,28.0,,
2026-08-23T13:14:32.770728+05:30,0,24.6,0,0,0,5.8,27.9,,
2026-08-23T13:14:39.945216+05:30,0,24.5,0,0,0,5.8,27.9,,
2026-08-23T13:14:47.142581+05:30,0,24.5,0,0,0,5.8,27.8,,
2026-08-23T13:14:54.285356+05:30,0,24.5,0,0,0,5.8,27.8,,
2026-08-23T13:15:01.443329+05:30,0,24.5,0,0,0,5.8,27.8,,
2026-08-23T13:15:08.604354+05:30,0,24.5,0,0,0,5.8,27.7,,
2026-08-23T13:15:15.976449+05:30,0,24.4,0,0,0,5.8,27.6,,
2026-08-23T13:15:23.143044+05:30,0,24.4,0,0,0,5.8,27.6,,
2026-08-23T13:15:30.098284+05:30,0,24.4,0,0,0,5.8,27.6,,
2026-08-23T13:15:37.291829+05:30,0,24.4,0,0,0,5.8,27.5,,
2026-08-23T13:15:44.445964+05:30,0,24.4,0,0,0,5.8,27.5,,
2026-08-23T13:15:51.626927+05:30,0,24.3,0,0,0,5.8,27.4,,
2026-08-23T13:15:58.804295+05:30,0,24.3,0,0,0,5.8,27.4,,
2026-08-23T13:16:05.958938+05:30,0,24.2,0,0,0,5.8,27.3,,
2026-08-23T13:16:13.121037+05:30,0,24.2,0,0,0,5.8,27.3,,
2026-08-23T13:16:20.301389+05:30,0,24.2,0,0,0,5.8,27.1,,
2026-08-23T13:16:27.461608+05:30,0,24.1,0,0,0,5.8,27.1,,
2026-08-23T13:16:34.617953+05:30,0,24.1,0,0,0,5.8,27.1,,
2026-08-23T13:16:41.695559+05:30,0,24.1,0,0,0,5.8,27.0,,
2026-08-23T13:16:48.765214+05:30,0,24.1,0,0,0,5.8,27.0,,
2026-08-23T13:16:55.924287+05:30,0,24.1,0,0,0,5.8,26.9,,
2026-08-23T13:17:03.120801+05:30,0,24.1,0,0,0,5.8,26.9,,
2026-08-23T13:17:10.260376+05:30,0,24.1,0,0,0,5.8,26.9,,
2026-08-23T13:17:17.412958+05:30,0,24.1,0,0,0,5.6,26.8,,
2026-08-23T13:17:24.611150+05:30,0,24.1,0,0,0,5.6,26.8,,
2026-08-23T13:17:31.864900+05:30,0,24.0,0,0,0,5.6,26.7,,
2026-08-23T13:17:38.941069+05:30,0,24.0,0,0,0,5.6,26.7,,
2026-08-23T13:17:45.900399+05:30,0,24.0,0,0,0,5.6,26.7,,
2026-08-23T13:17:53.064149+05:30,0,24.0,0,0,0,5.6,26.6,,
2026-08-23T13:18:00.224750+05:30,0,23.9,0,0,0,5.7,26.6,,
2026-08-23T13:18:07.399537+05:30,0,23.9,0,0,0,5.7,26.5,,
2026-08-23T13:18:14.553023+05:30,0,23.9,0,0,0,5.8,26.5,,
2026-08-23T13:18:21.933218+05:30,0,23.9,0,0,0,5.8,26.4,,
2026-08-23T13:18:29.327655+05:30,0,23.9,0,0,0,5.8,26.4,,
2026-08-23T13:18:36.677554+05:30,0,23.8,0,0,0,5.8,26.4,,
2026-08-23T13:18:43.859583+05:30,0,23.8,0,0,0,5.8,26.3,,
2026-08-23T13:18:51.027581+05:30,0,23.8,0,0,0,5.8,26.3,,
2026-08-23T13:18:58.276377+05:30,0,23.7,0,0,0,5.8,26.2,,
2026-08-23T13:19:05.353816+05:30,0,23.7,0,0,0,5.8,26.2,,
2026-08-23T13:19:12.516999+05:30,0,23.7,0,0,0,5.8,26.2,,
2026-08-23T13:19:19.704962+05:30,0,23.6,0,0,0,5.8,26.2,,
2026-08-23T13:19:26.863356+05:30,0,23.6,0,0,0,5.8,26.1,,
2026-08-23T13:19:34.249544+05:30,0,23.5,0,0,0,5.8,26.1,,
2026-08-23T13:19:41.399679+05:30,0,23.5,0,0,0,5.8,26.0,,
2026-08-23T13:19:48.555464+05:30,0,23.4,0,0,0,5.8,26.0,,
2026-08-23T13:19:55.738636+05:30,0,23.4,0,0,0,5.8,26.0,,
2026-08-23T13:20:02.907232+05:30,0,23.3,0,0,0,5.8,25.9,,
2026-08-23T13:20:10.081375+05:30,0,23.3,0,0,0,5.8,25.9,,
2026-08-23T13:20:17.244302+05:30,0,23.3,0,0,0,5.8,25.9,,
2026-08-23T13:20:24.233906+05:30,0,23.3,0,0,0,5.8,25.9,,
2026-08-23T13:20:31.388846+05:30,0,23.3,0,0,0,5.8,25.8,,
2026-08-23T13:20:38.545354+05:30,0,23.3,0,0,0,5.8,25.8,,
2026-08-23T13:20:45.912294+05:30,0,23.2,0,0,0,5.8,25.7,,
2026-08-23T13:20:53.280417+05:30,0,23.2,0,0,0,5.8,25.7,,
2026-08-23T13:21:00.463209+05:30,0,23.2,0,0,0,5.8,25.7,,
2026-08-23T13:21:07.876804+05:30,0,23.2,0,0,0,5.8,25.7,,
2026-08-23T13:21:15.002508+05:30,0,23.2,0,0,0,5.8,25.6,,
2026-08-23T13:21:22.373342+05:30,0,23.1,0,0,0,5.8,25.6,,
2026-08-23T13:21:30.151935+05:30,0,23.1,0,0,0,5.8,25.6,,
2026-08-23T13:21:37.319699+05:30,0,23.1,0,0,0,5.8,25.6,,
2026-08-23T13:21:44.475669+05:30,0,23.1,0,0,0,5.8,25.5,,
2026-08-23T13:21:52.045455+05:30,0,23.0,0,0,0,5.8,25.5,,
2026-08-23T13:21:59.643910+05:30,0,23.0,0,0,0,5.8,25.5,,
2026-08-23T13:22:07.024967+05:30,0,23.0,0,0,0,5.8,25.4,,
2026-08-23T13:22:14.166874+05:30,0,23.0,0,0,0,5.8,25.4,,
2026-08-23T13:22:21.352861+05:30,0,23.0,0,0,0,5.8,25.4,,
2026-08-23T13:22:29.363683+05:30,0,22.9,0,0,0,5.8,25.4,,
2026-08-23T13:22:36.709868+05:30,0,22.9,0,0,0,5.8,25.4,,
2026-08-23T13:22:43.878869+05:30,0,23.0,0,0,0,5.8,25.3,,
2026-08-23T13:22:51.455553+05:30,0,22.9,0,0,0,5.8,25.3,,
2026-08-23T13:22:58.632337+05:30,0,22.9,0,0,0,5.8,25.3,,
2026-08-23T13:23:06.002979+05:30,0,22.9,0,0,0,5.8,25.3,,
2026-08-23T13:23:13.175712+05:30,0,22.9,0,0,0,5.8,25.3,,
2026-08-23T13:23:20.548025+05:30,0,22.9,0,0,0,5.8,25.2,,
2026-08-23T13:23:27.905047+05:30,0,22.9,0,0,0,5.8,25.2,,
2026-08-23T13:23:35.293436+05:30,0,22.9,0,0,0,5.8,25.2,,
2026-08-23T13:23:42.665508+05:30,0,22.8,0,0,0,5.8,25.2,,
2026-08-23T13:23:50.236759+05:30,0,22.9,0,0,0,5.8,25.2,,
2026-08-23T13:23:57.815713+05:30,0,22.8,0,0,0,5.8,25.1,,
2026-08-23T13:24:05.182612+05:30,0,22.8,0,0,0,5.8,25.1,,
2026-08-23T13:24:12.354007+05:30,0,22.8,0,0,0,5.8,25.1,,
2026-08-23T13:24:19.517698+05:30,0,22.8,0,0,0,5.8,25.0,,
2026-08-23T13:24:26.691577+05:30,0,22.8,0,0,0,5.8,25.0,,
2026-08-23T13:24:34.061283+05:30,0,22.8,0,0,0,5.8,25.0,,
2026-08-23T13:24:41.643344+05:30,0,22.8,0,0,0,5.8,25.0,,
2026-08-23T13:24:48.810245+05:30,0,22.8,0,0,0,5.8,25.0,,
2026-08-23T13:24:56.185337+05:30,0,22.7,0,0,0,5.8,25.0,,
2026-08-23T13:25:03.550575+05:30,0,22.7,0,0,0,5.8,24.9,,
2026-08-23T13:25:10.919215+05:30,0,22.7,0,0,0,5.8,24.9,,
2026-08-23T13:25:18.315177+05:30,0,22.7,0,0,0,5.8,24.9,,
2026-08-23T13:25:25.459633+05:30,0,22.7,0,0,0,5.8,24.9,,
2026-08-23T13:25:32.633194+05:30,0,22.6,0,0,0,5.8,24.9,,
2026-08-23T13:25:40.207872+05:30,0,22.6,0,0,0,5.8,24.8,,
2026-08-23T13:25:47.589126+05:30,79,35.6,0,0,0,5.8,24.9,,
2026-08-23T13:25:54.731374+05:30,74,29.6,0,0,0,6.0,24.9,,
2026-08-23T13:26:01.933912+05:30,70,28.8,0,0,0,5.9,24.9,,
2026-08-23T13:26:09.094213+05:30,101,51.0,0,5,0,5.9,24.9,,
2026-08-23T13:26:16.654979+05:30,94,36.8,0,2,0,5.9,25.0,,
2026-08-23T13:26:24.040525+05:30,91,34.0,0,1,0,5.8,24.9,,
2026-08-23T13:26:31.613081+05:30,89,32.9,0,0,0,5.8,24.9,,
2026-08-23T13:26:38.771446+05:30,88,32.0,0,0,0,5.8,24.9,,
2026-08-23T13:26:46.155600+05:30,88,31.3,0,0,0,5.8,24.9,,
2026-08-23T13:26:53.329501+05:30,88,30.6,0,0,0,5.8,24.9,,
2026-08-23T13:27:00.696076+05:30,87,29.9,0,0,0,5.8,24.9,,
2026-08-23T13:27:08.085005+05:30,87,29.5,0,0,0,5.8,24.9,,
2026-08-23T13:27:15.854546+05:30,87,29.1,0,0,0,5.9,24.8,,
2026-08-23T13:27:23.209243+05:30,86,28.7,0,0,0,5.9,24.8,,
2026-08-23T13:27:30.402072+05:30,86,28.4,0,0,0,5.9,24.8,,
2026-08-23T13:27:37.767933+05:30,86,28.1,0,0,0,5.9,24.8,,
2026-08-23T13:27:45.336874+05:30,86,28.1,0,0,0,5.9,24.8,,
2026-08-23T13:27:53.325220+05:30,85,28.0,0,0,0,5.9,24.8,,
2026-08-23T13:28:01.111562+05:30,84,27.9,0,0,0,5.9,24.8,,
2026-08-23T13:28:08.685078+05:30,84,27.8,0,0,0,5.9,24.7,,
2026-08-23T13:28:16.055870+05:30,83,27.8,0,0,0,5.9,24.7,,
2026-08-23T13:28:23.857739+05:30,83,27.7,0,0,0,5.9,24.7,,
2026-08-23T13:28:31.218360+05:30,83,27.7,0,0,0,5.9,24.7,,
2026-08-23T13:28:38.391852+05:30,82,27.6,0,0,0,5.9,24.6,,
2026-08-23T13:28:45.561150+05:30,82,27.6,0,0,0,5.9,24.6,,
2026-08-23T13:28:53.341346+05:30,82,27.6,0,0,0,5.9,24.6,,
2026-08-23T13:29:00.705420+05:30,81,27.6,0,0,0,5.9,24.6,,
2026-08-23T13:29:08.081100+05:30,81,27.5,0,0,0,5.9,24.6,,
2026-08-23T13:29:15.456933+05:30,81,27.4,0,0,0,5.9,24.5,,
2026-08-23T13:29:23.472055+05:30,80,27.4,0,0,0,5.9,24.5,,
2026-08-23T13:29:30.622535+05:30,80,27.4,0,0,0,5.9,24.5,,
2026-08-23T13:29:38.394037+05:30,80,27.3,0,0,0,5.9,24.5,,
2026-08-23T13:29:46.784728+05:30,79,27.3,0,0,0,5.9,24.5,,
2026-08-23T13:29:54.366747+05:30,79,27.2,0,0,0,5.8,24.5,,
2026-08-23T13:30:02.159038+05:30,79,27.2,0,0,0,5.7,24.5,,
2026-08-23T13:30:09.728125+05:30,79,27.2,0,0,0,5.8,24.4,,
2026-08-23T13:30:17.502237+05:30,78,27.2,0,0,0,5.8,24.4,,
2026-08-23T13:30:25.088907+05:30,78,27.1,0,0,0,5.9,24.4,,
2026-08-23T13:30:32.868100+05:30,78,27.2,0,0,0,5.9,24.3,,
2026-08-23T13:30:40.462170+05:30,78,27.0,0,0,0,5.9,24.3,,
2026-08-23T13:30:48.233927+05:30,77,27.0,0,0,0,5.9,24.3,,
2026-08-23T13:30:55.611281+05:30,77,27.0,0,0,0,5.9,24.3,,
2026-08-23T13:31:02.764585+05:30,77,26.9,0,0,0,5.9,24.2,,
2026-08-23T13:31:13.983810+05:30,76,26.8,0,0,0,5.9,24.2,,
2026-08-23T13:31:21.608714+05:30,76,26.8,0,0,0,5.9,24.2,,
2026-08-23T13:31:28.773686+05:30,76,26.8,0,0,0,5.9,24.2,,
2026-08-23T13:31:36.151098+05:30,76,26.8,0,0,0,5.9,24.2,,
2026-08-23T13:31:43.723091+05:30,76,26.8,0,0,0,5.9,24.2,,
2026-08-23T13:31:50.921252+05:30,75,26.7,0,0,0,5.9,24.1,,
2026-08-23T13:31:58.475274+05:30,75,26.7,0,0,0,5.9,24.1,,
2026-08-23T13:32:06.074117+05:30,75,26.7,0,0,0,5.9,24.1,,
2026-08-23T13:32:13.622411+05:30,75,26.6,0,0,0,5.9,24.1,,
2026-08-23T13:32:21.209706+05:30,74,26.6,0,0,0,5.9,24.1,,
2026-08-23T13:32:28.987701+05:30,74,26.6,0,0,0,5.9,24.1,,
2026-08-23T13:32:36.570624+05:30,74,26.5,0,0,0,5.9,24.0,,
2026-08-23T13:32:43.931698+05:30,74,26.4,0,0,0,5.9,24.0,,
2026-08-23T13:32:51.324295+05:30,74,26.4,0,0,0,5.9,24.0,,
2026-08-23T13:32:58.671355+05:30,74,26.5,0,0,0,5.9,24.0,,
2026-08-23T13:33:06.491928+05:30,74,26.4,0,0,0,5.9,23.9,,
2026-08-23T13:33:14.462431+05:30,73,26.4,0,0,0,5.9,23.9,,
2026-08-23T13:33:22.038946+05:30,73,26.3,0,0,0,5.9,23.9,,
2026-08-23T13:33:29.403857+05:30,73,26.4,0,0,0,5.9,23.9,,
2026-08-23T13:33:37.391713+05:30,73,26.3,0,0,0,5.9,23.9,,
2026-08-23T13:33:44.564058+05:30,72,26.3,0,0,0,5.9,23.9,,
2026-08-23T13:33:51.719025+05:30,72,26.3,0,0,0,5.9,23.9,,
2026-08-23T13:33:59.311771+05:30,72,26.2,0,0,0,5.9,23.9,,
2026-08-23T13:34:06.462801+05:30,72,26.2,0,0,0,5.9,23.9,,
2026-08-23T13:34:13.847251+05:30,72,26.2,0,0,0,5.9,23.8,,
2026-08-23T13:34:21.221450+05:30,72,26.1,0,0,0,5.9,23.8,,
2026-08-23T13:34:29.033396+05:30,71,26.1,0,0,0,5.9,23.8,,
2026-08-23T13:34:36.157136+05:30,71,26.1,0,0,0,5.9,23.8,,
2026-08-23T13:34:43.545564+05:30,71,26.1,0,0,0,5.9,23.8,,
2026-08-23T13:34:50.909945+05:30,71,26.0,0,0,0,5.9,23.8,,
2026-08-23T13:34:58.093008+05:30,71,26.0,0,0,0,5.9,23.8,,
2026-08-23T13:35:05.459685+05:30,71,26.0,0,0,0,5.9,23.8,,
2026-08-23T13:35:12.828106+05:30,70,26.0,0,0,0,5.9,23.7,,
2026-08-23T13:35:20.621620+05:30,70,26.0,0,0,0,5.9,23.7,,
2026-08-23T13:35:27.795127+05:30,70,25.9,0,0,0,5.9,23.7,,
2026-08-23T13:35:35.165463+05:30,70,25.9,0,0,0,5.9,23.7,,
2026-08-23T13:35:42.939201+05:30,70,25.9,0,0,0,5.9,23.7,,
2026-08-23T13:35:50.315095+05:30,70,25.9,0,0,0,5.9,23.7,,
2026-08-23T13:35:57.484426+05:30,70,25.8,0,0,0,5.9,23.6,,
2026-08-23T13:36:04.842795+05:30,69,25.8,0,0,0,5.9,23.6,,
2026-08-23T13:36:12.031801+05:30,69,25.8,0,0,0,5.9,23.6,,
2026-08-23T13:36:19.194382+05:30,69,25.7,0,0,0,5.9,23.6,,
2026-08-23T13:36:26.362400+05:30,69,25.7,0,0,0,5.9,23.6,,
2026-08-23T14:01:05.408563+05:30,547,94.2,75,221,214,5.6,24.2,,
2026-08-23T14:01:07.439193+05:30,543,93.9,74,219,212,5.6,24.2,,
2026-08-23T14:01:09.495619+05:30,546,93.5,75,220,214,5.6,24.3,,
2026-08-23T14:01:11.532838+05:30,547,93.4,75,221,214,5.5,24.3,,
2026-08-23T14:01:13.587102+05:30,562,93.4,78,228,222,5.5,24.3,,
2026-08-23T14:01:20.986778+05:30,569,93.4,80,231,225,5.5,24.3,,
2026-08-23T14:01:28.143317+05:30,572,93.4,80,233,226,5.5,24.3,,
2026-08-23T14:01:35.303319+05:30,570,93.5,80,232,225,5.5,24.3,,
2026-08-23T14:01:42.895913+05:30,574,93.4,81,234,227,5.5,24.3,,
2026-08-23T14:01:50.064312+05:30,574,93.4,81,234,227,5.5,24.3,,
2026-08-23T14:01:57.434311+05:30,578,93.5,82,236,229,5.5,24.3,,
2026-08-23T14:02:04.789713+05:30,576,93.4,81,235,228,5.5,24.3,,
2026-08-23T14:02:12.167783+05:30,580,93.4,82,236,230,5.5,24.3,,
2026-08-23T14:02:19.340497+05:30,580,93.4,82,236,230,5.5,24.3,,
2026-08-23T14:02:26.499273+05:30,584,93.4,83,238,232,5.5,24.3,,
2026-08-23T14:02:34.095086+05:30,585,93.4,83,239,233,5.5,24.3,,
2026-08-23T14:02:41.464784+05:30,587,93.4,84,240,234,5.5,24.4,,
2026-08-23T14:02:48.828374+05:30,587,93.4,84,240,234,5.5,24.4,,
2026-08-23T14:02:56.206789+05:30,588,93.4,84,240,234,5.5,24.4,,
2026-08-23T14:03:03.583799+05:30,591,93.4,84,242,236,5.5,24.4,,
2026-08-23T14:03:10.755792+05:30,591,93.4,84,242,236,5.5,24.4,,
2026-08-23T14:03:18.117225+05:30,592,93.4,85,242,236,5.5,24.4,,
2026-08-23T14:03:25.907070+05:30,593,93.4,85,243,237,5.5,24.4,,
2026-08-23T14:03:33.072457+05:30,596,93.2,85,244,238,5.7,24.5,,
2026-08-23T14:03:40.236044+05:30,595,93.4,85,244,238,5.7,24.4,,
2026-08-23T14:03:47.615329+05:30,597,93.2,86,245,239,5.5,24.4,,
2026-08-23T14:03:54.970776+05:30,597,93.4,86,245,239,5.5,24.5,,
2026-08-23T14:04:02.149578+05:30,596,93.4,85,244,238,5.5,24.4,,
2026-08-23T14:04:09.315262+05:30,599,93.4,86,246,240,5.5,24.5,,
2026-08-23T14:04:16.681574+05:30,602,93.4,87,247,241,5.6,24.5,,
2026-08-23T14:04:24.271615+05:30,603,93.4,87,248,241,5.5,24.5,,
2026-08-23T14:04:31.850102+05:30,602,93.4,87,247,241,5.4,24.5,,
2026-08-23T14:04:39.220396+05:30,604,93.4,87,248,242,5.4,24.5,,
2026-08-23T14:04:46.584935+05:30,606,93.4,88,249,243,5.6,24.5,,
2026-08-23T14:04:53.961792+05:30,607,93.4,88,249,243,5.5,24.5,,
2026-08-23T14:05:01.123796+05:30,607,93.4,88,249,243,5.5,24.5,,
2026-08-23T14:05:08.303216+05:30,604,93.2,87,248,242,5.5,24.5,,
2026-08-23T14:05:15.473872+05:30,606,93.2,88,249,243,5.7,24.5,,
2026-08-23T14:05:23.054902+05:30,608,93.4,88,250,244,5.5,24.5,,
2026-08-23T14:05:30.418456+05:30,610,93.4,88,251,245,5.5,24.5,,
2026-08-23T14:05:37.783752+05:30,611,93.2,89,251,245,5.5,24.5,,
2026-08-23T14:05:44.952201+05:30,611,93.2,89,251,245,5.5,24.5,,
2026-08-23T14:05:52.135567+05:30,610,93.2,88,251,245,5.5,24.5,,
2026-08-23T14:05:59.296392+05:30,611,93.2,89,251,245,5.5,24.5,,
2026-08-23T14:06:06.471251+05:30,612,93.4,89,252,246,5.5,24.5,,
2026-08-23T14:06:13.633727+05:30,612,93.2,89,252,246,5.5,24.5,,
2026-08-23T14:06:21.008107+05:30,614,93.2,89,253,247,5.5,24.5,,
2026-08-23T14:06:28.381875+05:30,618,93.2,90,255,249,5.5,24.5,,
2026-08-23T14:06:35.764854+05:30,615,93.2,89,253,247,5.5,24.6,,
2026-08-23T14:06:43.137370+05:30,615,93.2,89,253,247,5.5,24.6,,
2026-08-23T14:06:50.504975+05:30,617,93.2,90,254,248,5.5,24.6,,
2026-08-23T14:06:58.090929+05:30,617,93.2,90,254,248,5.4,24.6,,
2026-08-23T14:07:05.459362+05:30,619,93.2,90,255,249,5.4,24.6,,
2026-08-23T14:07:12.825632+05:30,618,93.2,90,255,249,5.4,24.6,,
2026-08-23T14:07:19.976201+05:30,619,93.2,90,255,249,5.5,24.6,,
2026-08-23T14:07:27.166007+05:30,621,93.2,91,256,250,5.5,24.6,,
2026-08-23T14:07:34.365967+05:30,622,93.2,91,257,251,5.5,24.6,,
2026-08-23T14:07:41.711426+05:30,621,93.2,91,256,250,5.5,24.6,,
2026-08-23T14:07:48.872806+05:30,621,93.2,91,256,250,5.5,24.6,,
2026-08-23T14:07:56.039290+05:30,622,93.2,91,257,251,5.5,24.6,,
2026-08-23T14:08:03.225569+05:30,625,93.2,92,258,252,5.5,24.6,,
2026-08-23T14:08:10.371506+05:30,626,93.2,92,259,253,5.5,24.6,,
2026-08-23T14:08:17.562257+05:30,626,93.2,92,259,253,5.5,24.6,,
2026-08-23T14:08:24.713311+05:30,625,93.2,92,258,252,5.5,24.6,,
2026-08-23T14:08:31.893164+05:30,626,93.2,92,259,253,5.5,24.6,,
2026-08-23T14:08:39.041671+05:30,623,93.2,91,257,251,5.5,24.6,,
2026-08-23T14:08:46.428529+05:30,627,93.2,92,259,253,5.5,24.6,,
2026-08-23T14:08:53.798207+05:30,629,93.2,92,260,254,5.5,24.6,,
2026-08-23T14:09:00.974891+05:30,629,93.2,92,260,254,5.5,24.6,,
2026-08-23T14:09:08.129027+05:30,630,93.2,93,261,255,5.6,24.6,,
2026-08-23T14:09:15.302854+05:30,630,93.2,93,261,255,5.6,24.7,,
2026-08-23T14:09:22.470573+05:30,633,93.2,93,262,256,5.6,24.7,,
2026-08-23T14:09:29.621841+05:30,632,93.2,93,262,256,5.6,24.7,,
2026-08-23T14:09:36.797248+05:30,632,93.2,93,262,256,5.4,24.7,,
2026-08-23T14:09:43.972178+05:30,632,93.2,93,262,256,5.5,24.7,,
2026-08-23T14:09:51.752196+05:30,632,93.2,93,262,256,5.5,24.7,,
2026-08-23T14:09:59.151052+05:30,633,93.2,93,262,256,5.5,24.7,,
2026-08-23T14:10:06.291475+05:30,634,93.2,93,263,257,5.5,24.7,,
2026-08-23T14:10:13.451675+05:30,634,93.4,93,263,257,5.5,24.7,,
2026-08-23T14:10:20.847321+05:30,634,93.2,93,263,257,5.5,24.7,,
2026-08-23T14:10:27.993362+05:30,636,93.2,94,263,258,5.5,24.7,,
2026-08-23T14:10:35.372939+05:30,634,93.2,93,263,257,5.5,24.7,,
2026-08-23T14:10:42.744554+05:30,637,93.2,94,264,258,5.5,24.7,,
2026-08-23T14:10:49.906015+05:30,638,93.2,94,264,258,5.5,24.8,,
2026-08-23T14:10:57.281265+05:30,640,93.2,95,265,259,5.5,24.8,,
2026-08-23T14:11:05.282424+05:30,637,93.2,94,264,258,5.5,24.7,,
2026-08-23T14:11:12.642442+05:30,638,93.2,94,264,258,5.5,24.8,,
2026-08-23T14:11:20.222426+05:30,641,93.2,95,266,260,5.5,24.8,,
2026-08-23T14:11:27.811938+05:30,640,93.2,95,265,259,5.5,24.8,,
2026-08-23T14:11:35.182272+05:30,0,15.0,0,0,0,7.8,24.8,,
2026-08-23T14:11:42.542690+05:30,0,15.0,0,0,0,7.4,24.7,,
2026-08-23T14:11:49.919547+05:30,0,15.0,0,0,0,6.4,24.6,,
2026-08-23T14:11:57.282899+05:30,0,15.0,0,0,0,6.6,24.7,,
2026-08-23T14:12:04.463221+05:30,0,15.0,0,0,0,6.7,24.7,,
2026-08-23T14:12:11.844629+05:30,0,16.3,0,0,0,7.9,24.7,,
2026-08-23T14:12:19.198057+05:30,0,16.0,0,0,0,7.9,24.8,,
2026-08-23T14:12:26.789443+05:30,0,16.0,0,0,0,7.6,24.8,,
2026-08-23T14:12:34.159980+05:30,0,15.8,0,0,0,7.4,24.9,,
2026-08-23T14:12:41.745095+05:30,0,22.5,0,0,0,8.4,25.4,,
2026-08-23T14:12:49.114249+05:30,0,22.5,0,0,0,7.6,25.8,,
2026-08-23T14:12:56.473620+05:30,0,22.4,0,0,0,7.4,25.9,,
2026-08-23T14:13:03.844863+05:30,0,22.4,0,0,0,7.3,26.0,,
2026-08-23T14:13:11.429059+05:30,0,22.3,0,0,0,7.2,26.0,,
2026-08-23T14:13:18.790246+05:30,20,25.9,0,0,0,7.1,26.1,,
2026-08-23T14:13:26.396525+05:30,36,26.0,0,0,0,7.0,26.2,,
2026-08-23T14:13:33.737771+05:30,71,28.1,0,0,0,7.0,26.2,,
2026-08-23T14:13:41.120468+05:30,78,27.4,0,0,0,7.0,26.2,,
2026-08-23T14:13:48.497413+05:30,100,35.2,0,5,0,6.9,26.2,,
2026-08-23T14:13:56.286013+05:30,117,33.0,0,13,5,6.9,26.2,,
2026-08-23T14:14:03.676533+05:30,146,47.7,0,27,19,6.9,26.3,,
2026-08-23T14:14:11.226895+05:30,181,51.4,0,44,36,6.9,26.3,,
2026-08-23T14:14:18.383006+05:30,190,49.1,1,48,41,6.9,26.3,,
2026-08-23T14:14:25.547087+05:30,192,47.1,1,49,42,6.9,26.3,,
2026-08-23T14:14:32.733935+05:30,193,45.9,1,50,42,6.9,26.3,,
2026-08-23T14:14:39.899640+05:30,194,45.1,2,50,43,6.9,26.3,,
2026-08-23T14:14:47.068277+05:30,195,44.5,2,51,43,6.9,26.3,,
2026-08-23T14:14:54.250822+05:30,195,43.9,2,51,43,6.9,26.3,,
2026-08-23T14:15:01.609635+05:30,195,43.2,2,51,43,6.9,26.3,,
2026-08-23T14:15:08.988741+05:30,199,45.7,3,53,45,6.9,26.3,,
2026-08-23T14:15:16.145961+05:30,222,47.7,7,64,56,6.9,26.3,,
2026-08-23T14:15:23.733323+05:30,227,46.8,8,66,59,6.9,26.4,,
2026-08-23T14:15:31.309133+05:30,231,46.2,9,68,61,7.0,26.4,,
2026-08-23T14:15:38.884949+05:30,236,46.0,10,71,63,7.0,26.4,,
2026-08-23T14:15:46.270836+05:30,239,45.8,11,72,64,7.0,26.4,,
2026-08-23T14:15:53.628897+05:30,241,45.7,11,73,65,7.0,26.4,,
2026-08-23T14:16:01.014984+05:30,244,45.5,12,74,67,7.0,26.4,,
2026-08-23T14:16:08.362771+05:30,256,49.3,14,80,73,7.1,26.4,,
2026-08-23T14:16:16.165766+05:30,260,47.8,15,82,75,7.1,26.4,,
2026-08-23T14:16:23.527883+05:30,293,50.5,22,98,91,7.4,26.4,,
2026-08-23T14:16:30.892538+05:30,292,50.0,22,98,90,7.1,26.4,,
2026-08-23T14:16:38.070854+05:30,331,60.0,30,116,109,7.0,26.4,,
2026-08-23T14:16:45.448763+05:30,345,58.9,33,123,116,7.0,26.4,,
2026-08-23T14:16:52.827745+05:30,352,56.4,35,127,119,7.0,26.4,,
2026-08-23T14:17:00.203824+05:30,355,55.7,35,128,121,7.1,26.4,,
2026-08-23T14:17:07.554433+05:30,357,55.0,36,129,122,7.1,26.4,,
2026-08-23T14:17:14.935365+05:30,360,54.8,36,130,123,7.1,26.4,,
2026-08-23T14:17:22.513507+05:30,359,54.4,36,130,123,7.1,26.4,,
2026-08-23T14:17:30.107061+05:30,358,54.2,36,129,122,7.1,26.4,,
2026-08-23T14:17:37.452346+05:30,356,54.2,35,128,121,7.1,26.4,,
2026-08-23T14:17:44.647977+05:30,360,53.7,36,130,123,7.2,26.4,,
2026-08-23T14:17:52.013796+05:30,360,53.7,36,130,123,7.2,26.4,,
2026-08-23T14:17:59.160154+05:30,361,53.5,36,131,124,7.2,26.4,,
2026-08-23T14:18:06.540449+05:30,361,53.5,36,131,124,7.2,26.4,,
2026-08-23T14:18:13.708715+05:30,360,53.5,36,130,123,7.2,26.4,,
2026-08-23T14:18:21.298138+05:30,361,53.4,36,131,124,7.2,26.4,,
2026-08-23T14:18:28.661364+05:30,360,53.4,36,130,123,7.3,26.4,,
2026-08-23T14:18:36.026327+05:30,361,53.2,36,131,124,7.3,26.4,,
2026-08-23T14:18:43.414161+05:30,363,53.2,37,132,125,7.3,26.4,,
2026-08-23T14:18:50.773020+05:30,362,53.2,37,131,124,7.3,26.4,,
2026-08-23T14:18:58.148381+05:30,390,61.2,42,145,138,7.3,26.4,,
2026-08-23T14:19:05.318665+05:30,398,61.2,44,149,142,7.3,26.4,,
2026-08-23T14:19:12.696291+05:30,410,64.4,47,154,148,7.4,26.4,,
2026-08-23T14:19:20.048656+05:30,421,65.3,49,160,153,7.4,26.4,,
2026-08-23T14:19:27.239950+05:30,463,70.9,58,180,173,7.5,26.6,,
2026-08-23T14:19:34.396858+05:30,474,73.9,60,185,179,7.4,26.6,,
2026-08-23T14:19:41.772064+05:30,478,74.9,61,187,181,7.4,26.6,,
2026-08-23T14:19:49.138769+05:30,481,74.9,61,189,182,7.4,26.6,,
2026-08-23T14:19:56.518621+05:30,486,74.9,62,191,185,7.4,26.5,,
2026-08-23T14:20:03.903016+05:30,487,75.3,63,192,185,7.4,26.5,,
2026-08-23T14:20:11.248413+05:30,489,75.3,63,193,186,7.5,26.5,,
2026-08-23T14:20:18.444427+05:30,491,75.7,64,194,187,7.5,26.5,,
2026-08-23T14:20:25.802528+05:30,494,75.7,64,195,188,7.5,26.5,,
2026-08-23T14:20:33.164365+05:30,499,76.0,65,197,191,7.5,26.5,,
2026-08-23T14:20:40.547850+05:30,499,76.0,65,197,191,7.5,26.5,,
2026-08-23T14:20:47.713273+05:30,501,76.4,66,198,192,7.5,26.5,,
2026-08-23T14:20:55.084378+05:30,503,77.1,66,199,193,7.5,26.5,,
2026-08-23T14:21:02.882482+05:30,514,77.5,68,205,198,7.6,26.5,,
2026-08-23T14:21:10.259078+05:30,520,77.5,70,208,201,7.6,26.5,,
2026-08-23T14:21:17.628123+05:30,524,78.6,70,209,203,7.6,26.5,,
2026-08-23T14:21:24.994179+05:30,528,78.6,71,211,205,7.6,26.5,,
2026-08-23T14:21:32.353661+05:30,537,77.8,73,216,209,7.6,26.5,,
2026-08-23T14:21:39.524803+05:30,537,77.8,73,216,209,7.6,26.5,,
2026-08-23T14:21:46.902537+05:30,554,77.8,77,224,218,7.6,26.5,,
2026-08-23T14:21:54.286016+05:30,555,77.5,77,224,218,7.6,26.5,,
2026-08-23T14:22:01.642116+05:30,562,77.8,78,228,222,7.6,26.5,,
2026-08-23T14:22:08.807835+05:30,566,78.2,79,230,223,7.6,26.5,,
2026-08-23T14:22:16.191575+05:30,581,78.6,82,237,231,7.7,26.6,,
2026-08-23T14:22:23.357427+05:30,577,78.9,81,235,229,7.7,26.5,,
2026-08-23T14:22:30.744127+05:30,585,78.9,83,239,233,7.7,26.5,,
2026-08-23T14:22:38.116072+05:30,592,79.3,85,242,236,7.7,26.5,,
2026-08-23T14:22:45.259650+05:30,596,79.7,85,244,238,7.7,26.5,,
2026-08-23T14:22:52.436576+05:30,602,80.0,87,247,241,7.7,26.6,,
2026-08-23T14:23:00.021084+05:30,604,80.4,87,248,242,7.7,26.6,,
2026-08-23T14:23:07.389914+05:30,606,80.4,88,249,243,7.7,26.5,,
2026-08-23T14:23:14.770751+05:30,608,80.4,88,250,244,7.7,26.6,,
2026-08-23T14:23:22.130832+05:30,615,80.4,89,253,247,7.7,26.6,,
2026-08-23T14:23:29.304585+05:30,615,80.4,89,253,247,7.7,26.6,,
2026-08-23T14:23:36.474192+05:30,617,80.4,90,254,248,7.7,26.6,,
2026-08-23T14:23:43.863704+05:30,621,80.4,91,256,250,7.7,26.6,,
2026-08-23T14:23:51.007848+05:30,623,80.4,91,257,251,7.7,26.6,,
2026-08-23T14:23:58.183860+05:30,626,80.4,92,259,253,7.7,26.6,,
2026-08-23T14:24:05.770891+05:30,629,80.4,92,260,254,7.8,26.6,,
2026-08-23T14:24:12.931100+05:30,627,80.4,92,259,253,7.8,26.6,,
2026-08-23T14:24:20.515003+05:30,625,80.4,92,258,252,7.8,26.6,,
2026-08-23T14:24:27.888040+05:30,630,80.4,93,261,255,7.8,26.6,,
2026-08-23T14:24:35.250858+05:30,632,80.4,93,262,256,7.8,26.6,,
2026-08-23T14:24:43.047678+05:30,633,80.4,93,262,256,7.8,26.6,,
2026-08-23T14:24:50.421743+05:30,632,80.4,93,262,256,7.8,26.6,,
2026-08-23T14:24:57.571204+05:30,649,85.0,97,270,264,7.8,26.6,,
2026-08-23T14:25:04.960682+05:30,652,85.2,97,271,265,7.8,26.6,,
2026-08-23T14:25:12.108644+05:30,656,85.4,98,273,267,7.9,26.6,,
2026-08-23T14:25:19.689309+05:30,655,85.2,98,273,267,7.9,26.6,,
2026-08-23T14:25:27.068043+05:30,655,85.4,98,273,267,7.9,26.6,,
2026-08-23T14:25:34.442538+05:30,659,85.4,99,275,269,7.9,26.6,,
2026-08-23T14:25:41.799159+05:30,662,85.5,99,276,270,7.9,26.6,,
2026-08-23T14:25:48.987240+05:30,657,85.7,98,274,268,7.9,26.6,,
2026-08-23T14:25:56.352352+05:30,664,85.9,100,277,271,7.9,26.6,,
2026-08-23T14:26:03.717220+05:30,670,86.7,101,280,274,7.9,26.6,,
2026-08-23T14:26:11.091512+05:30,678,86.8,103,284,278,7.9,26.6,,
2026-08-23T14:26:18.455370+05:30,681,87.0,103,285,279,7.9,26.6,,
2026-08-23T14:26:25.847991+05:30,683,87.2,104,286,280,7.9,26.6,,
2026-08-23T14:26:33.615553+05:30,687,87.2,104,288,282,7.9,26.6,,
2026-08-23T14:26:40.979111+05:30,687,87.3,104,288,282,7.9,26.6,,
2026-08-23T14:26:48.363643+05:30,694,87.5,106,291,286,8.0,26.6,,
2026-08-23T14:26:55.738689+05:30,694,87.7,106,291,286,8.0,26.6,,
2026-08-23T14:27:02.905149+05:30,694,87.5,106,291,286,8.0,26.6,,
2026-08-23T14:27:10.279941+05:30,696,87.7,106,292,287,8.0,26.6,,
2026-08-23T14:27:17.873654+05:30,697,87.7,107,293,287,8.0,26.6,,
2026-08-23T14:27:25.444360+05:30,694,87.7,106,291,286,8.0,26.6,,
2026-08-23T14:27:32.601395+05:30,696,87.7,106,292,287,8.0,26.6,,
2026-08-23T14:27:39.780200+05:30,696,87.7,106,292,287,8.0,26.6,,
2026-08-23T14:27:46.973243+05:30,702,87.7,108,295,290,8.0,26.6,,
2026-08-23T14:27:54.128647+05:30,701,87.7,107,295,289,8.0,26.6,,
2026-08-23T14:28:03.531958+05:30,698,87.7,107,293,288,8.0,26.6,,
2026-08-23T14:28:10.914109+05:30,702,87.5,108,295,290,8.0,26.6,,
2026-08-23T14:28:18.061787+05:30,705,87.5,108,297,291,8.0,26.6,,
2026-08-23T14:28:25.437803+05:30,700,87.5,107,294,289,8.0,26.6,,
2026-08-23T14:28:32.609841+05:30,700,87.5,107,294,289,8.0,26.6,,
2026-08-23T14:28:40.202367+05:30,700,87.3,107,294,289,8.0,26.6,,
2026-08-23T14:28:47.576515+05:30,701,87.3,107,295,289,8.1,26.6,,
2026-08-23T14:28:54.726059+05:30,701,87.3,107,295,289,8.1,26.6,,
2026-08-23T14:29:01.895670+05:30,698,87.3,107,293,288,8.1,26.6,,
2026-08-23T14:29:09.066582+05:30,704,87.3,108,296,291,8.1,26.7,,
2026-08-23T14:29:16.238133+05:30,701,87.3,107,295,289,8.1,26.7,,
2026-08-23T14:29:27.298762+05:30,698,87.2,107,293,288,8.1,26.6,,
2026-08-23T14:29:34.678266+05:30,700,87.2,107,294,289,8.1,26.6,,
2026-08-23T14:29:41.856836+05:30,692,87.2,105,290,285,8.1,26.7,,
2026-08-23T14:29:49.109912+05:30,696,87.2,106,292,287,8.1,26.7,,
2026-08-23T14:29:56.370249+05:30,692,87.0,105,290,285,8.1,26.7,,
2026-08-23T14:30:09.692397+05:30,697,86.8,107,293,287,8.1,26.7,,
2026-08-23T14:30:17.458546+05:30,694,86.5,106,291,286,8.1,26.7,,
2026-08-23T14:30:24.629972+05:30,693,85.9,106,291,285,8.1,26.7,,
2026-08-23T14:30:32.079428+05:30,696,85.9,106,292,287,8.1,26.7,,
2026-08-23T14:30:39.399135+05:30,690,85.9,105,290,284,8.1,26.7,,
2026-08-23T14:30:46.976722+05:30,693,85.9,106,291,285,8.1,26.7,,
2026-08-23T14:30:54.343058+05:30,694,85.9,106,291,286,8.1,26.7,,
2026-08-23T14:31:01.922353+05:30,694,86.0,106,291,286,8.1,26.7,,
2026-08-23T14:31:09.287985+05:30,694,85.9,106,291,286,8.1,26.7,,
2026-08-23T14:31:16.660951+05:30,692,85.9,105,290,285,8.1,26.7,,
2026-08-23T14:31:23.817051+05:30,692,85.9,105,290,285,8.1,26.7,,
2026-08-23T14:31:31.196072+05:30,686,85.9,104,288,282,8.1,26.7,,
2026-08-23T14:31:38.573743+05:30,689,85.7,105,289,283,8.1,26.7,,
2026-08-23T14:31:45.944393+05:30,690,85.5,105,290,284,8.1,26.7,,
2026-08-23T14:31:53.105512+05:30,690,85.5,105,290,284,8.1,26.7,,
2026-08-23T14:32:00.501399+05:30,685,85.4,104,287,281,8.1,26.7,,
2026-08-23T14:32:07.854410+05:30,687,85.2,104,288,282,8.2,26.7,,
2026-08-23T14:32:15.216483+05:30,683,85.2,104,286,280,8.2,26.7,,
2026-08-23T14:32:22.387769+05:30,685,85.0,104,287,281,8.2,26.7,,
2026-08-23T14:32:29.783043+05:30,681,85.0,103,285,279,8.2,26.7,,
2026-08-23T14:32:37.149179+05:30,683,85.0,104,286,280,8.2,26.7,,
2026-08-23T14:32:44.307415+05:30,678,85.0,103,284,278,8.2,26.7,,
2026-08-23T14:32:51.689470+05:30,678,84.9,103,284,278,8.2,26.7,,
2026-08-23T14:32:59.052814+05:30,678,84.9,103,284,278,8.2,26.7,,
2026-08-23T14:33:06.243303+05:30,670,84.9,101,280,274,8.2,26.7,,
2026-08-23T14:33:13.804992+05:30,674,84.9,102,282,276,8.2,26.7,,
2026-08-23T14:33:21.586005+05:30,678,84.7,103,284,278,8.2,26.7,,
2026-08-23T14:33:28.962271+05:30,672,84.7,101,281,275,8.2,26.7,,
2026-08-23T14:33:36.336979+05:30,672,84.7,101,281,275,8.2,26.7,,
2026-08-23T14:33:43.702926+05:30,666,84.5,100,278,272,8.2,26.7,,
2026-08-23T14:33:50.868482+05:30,672,84.7,101,281,275,8.2,26.7,,
2026-08-23T14:33:58.248472+05:30,667,84.5,100,278,273,8.2,26.7,,
2026-08-23T14:34:05.624560+05:30,664,84.5,100,277,271,8.2,26.7,,
2026-08-23T14:34:12.985358+05:30,663,84.4,99,276,271,8.2,26.7,,
2026-08-23T14:34:20.372046+05:30,666,84.4,100,278,272,8.2,26.7,,
2026-08-23T14:34:27.944803+05:30,668,84.4,100,279,273,8.2,26.7,,
2026-08-23T14:34:35.524818+05:30,668,84.4,100,279,273,8.2,26.7,,
2026-08-23T14:34:42.898464+05:30,666,84.4,100,278,272,8.2,26.7,,
2026-08-23T14:34:50.069664+05:30,666,84.4,100,278,272,8.2,26.7,,
2026-08-23T14:34:57.434935+05:30,664,84.4,100,277,271,8.2,26.7,,
2026-08-23T14:35:04.814969+05:30,662,84.2,99,276,270,8.2,26.7,,
2026-08-23T14:35:12.172293+05:30,666,84.2,100,278,272,8.2,26.8,,
2026-08-23T14:35:19.332137+05:30,663,84.2,99,276,271,8.2,26.7,,
2026-08-23T14:35:26.913061+05:30,664,84.2,100,277,271,8.2,26.7,,
2026-08-23T14:35:34.294019+05:30,663,84.0,99,276,271,8.2,26.7,,
2026-08-23T14:35:41.454772+05:30,663,84.2,99,276,271,8.2,26.7,,
2026-08-23T14:35:48.638144+05:30,662,84.0,99,276,270,8.2,26.8,,
2026-08-23T14:35:55.787756+05:30,662,84.0,99,276,270,8.2,26.8,,
2026-08-23T14:36:03.370595+05:30,663,84.0,99,276,271,8.2,26.8,,
2026-08-23T14:36:10.540337+05:30,666,84.0,100,278,272,8.2,26.8,,
2026-08-23T14:36:17.939606+05:30,660,84.0,99,275,269,8.2,26.8,,
2026-08-23T14:36:25.293897+05:30,660,84.4,99,275,269,8.2,26.8,,
2026-08-23T14:36:32.655752+05:30,659,84.0,99,275,269,8.2,26.8,,
2026-08-23T14:36:40.048554+05:30,662,83.7,99,276,270,8.2,26.8,,
2026-08-23T14:36:47.398695+05:30,656,83.7,98,273,267,8.2,26.8,,
2026-08-23T14:36:54.571307+05:30,663,83.7,99,276,271,8.2,26.8,,
2026-08-23T14:37:01.937610+05:30,664,83.7,100,277,271,8.2,26.8,,
2026-08-23T14:37:09.317207+05:30,664,83.7,100,277,271,8.2,26.8,,
2026-08-23T14:37:16.899643+05:30,664,84.0,100,277,271,8.2,26.8,,
2026-08-23T14:37:24.065245+05:30,663,83.7,99,276,271,8.2,26.8,,
2026-08-23T14:37:31.238928+05:30,664,83.7,100,277,271,8.2,26.8,,
2026-08-23T14:37:38.825181+05:30,660,83.7,99,275,269,8.2,26.8,,
2026-08-23T14:37:46.178595+05:30,659,83.7,99,275,269,8.2,26.8,,
2026-08-23T14:37:53.802857+05:30,659,83.7,99,275,269,8.2,26.8,,
2026-08-23T14:38:01.131027+05:30,659,83.7,99,275,269,8.2,26.8,,
2026-08-23T14:38:08.501363+05:30,666,83.7,100,278,272,8.2,26.8,,
2026-08-23T14:38:15.872290+05:30,657,83.7,98,274,268,8.2,26.8,,
2026-08-23T14:38:23.246980+05:30,659,83.7,99,275,269,8.2,26.8,,
2026-08-23T14:38:30.422420+05:30,659,84.0,99,275,269,8.2,26.8,,
2026-08-23T14:38:40.291139+05:30,660,83.7,99,275,269,8.2,26.8,,
2026-08-23T14:38:47.823370+05:30,660,83.7,99,275,269,8.2,26.8,,
2026-08-23T14:38:55.211261+05:30,657,83.7,98,274,268,8.2,26.8,,
2026-08-23T14:39:02.587504+05:30,657,83.3,98,274,268,8.2,26.8,,
2026-08-23T14:39:09.727664+05:30,653,83.3,97,272,266,8.2,26.8,,
2026-08-23T14:39:16.920996+05:30,656,83.3,98,273,267,8.2,26.8,,
2026-08-23T14:39:24.276020+05:30,660,83.7,99,275,269,8.2,26.8,,
2026-08-23T14:39:31.862522+05:30,659,84.0,99,275,269,8.2,26.8,,
2026-08-23T14:39:39.230715+05:30,660,83.3,99,275,269,8.2,26.8,,
2026-08-23T14:39:46.591822+05:30,664,83.3,100,277,271,8.2,26.8,,
2026-08-23T14:39:53.766188+05:30,663,83.7,99,276,271,8.2,26.9,,
2026-08-23T14:40:00.939788+05:30,93,23.3,0,2,0,8.9,26.9,,
2026-08-23T14:40:08.313844+05:30,0,23.2,0,0,0,8.5,26.8,,
2026-08-23T14:40:15.693569+05:30,476,57.0,60,186,180,9.0,26.8,,
2026-08-23T14:40:23.065717+05:30,948,87.7,159,414,409,8.8,27.0,,
2026-08-23T14:40:30.022536+05:30,930,87.8,155,405,400,8.0,27.0,,
2026-08-23T14:40:37.603691+05:30,932,88.1,156,406,401,7.8,27.0,,
2026-08-23T14:40:44.977455+05:30,929,88.1,155,405,400,7.7,27.0,,
2026-08-23T14:40:52.129594+05:30,930,88.1,155,405,400,7.6,27.0,,
2026-08-23T14:40:59.519747+05:30,934,88.1,156,407,402,7.6,27.0,,
2026-08-23T14:41:06.899532+05:30,936,88.3,156,408,403,7.6,27.0,,
2026-08-23T14:41:14.264954+05:30,933,88.5,156,407,402,7.6,27.0,,
2026-08-23T14:41:21.637497+05:30,936,88.3,156,408,403,7.6,27.0,,
2026-08-23T14:41:29.430035+05:30,937,88.5,157,409,404,7.6,27.1,,
2026-08-23T14:41:36.802189+05:30,940,88.5,157,410,405,7.6,27.0,,
2026-08-23T14:41:44.147570+05:30,938,88.5,157,409,404,7.6,27.0,,
2026-08-23T14:41:51.550408+05:30,940,88.5,157,410,405,7.6,27.0,,
2026-08-23T14:41:58.699249+05:30,940,88.5,157,410,405,7.6,27.1,,
2026-08-23T14:42:06.089841+05:30,941,88.5,157,411,406,7.6,27.1,,
2026-08-23T14:42:13.243048+05:30,944,88.5,158,412,407,7.6,27.1,,
2026-08-23T14:42:20.827688+05:30,1077,91.6,186,476,472,7.6,27.1,,
2026-08-23T14:42:27.978733+05:30,1115,91.6,194,494,490,7.7,27.1,,
2026-08-23T14:42:35.369097+05:30,1122,91.6,195,498,494,7.7,27.1,,
2026-08-23T14:42:42.731234+05:30,1122,91.6,195,498,494,7.7,27.1,,
2026-08-23T14:42:49.901936+05:30,1128,91.4,196,501,497,7.7,27.1,,
2026-08-23T14:42:57.464599+05:30,1141,91.4,199,507,503,7.7,27.1,,
2026-08-23T14:43:04.661907+05:30,1135,91.4,198,504,500,7.7,27.1,,
2026-08-23T14:43:11.812294+05:30,1128,91.4,196,501,497,7.7,27.1,,
2026-08-23T14:43:19.001434+05:30,1135,91.4,198,504,500,7.7,27.1,,
2026-08-23T14:43:26.159180+05:30,1128,91.4,196,501,497,7.7,27.1,,
2026-08-23T14:43:33.342236+05:30,1128,91.4,196,501,497,7.7,27.2,,
2026-08-23T14:43:40.496489+05:30,1115,91.4,194,494,490,7.7,27.1,,
2026-08-23T14:43:47.656728+05:30,1135,91.4,198,504,500,7.7,27.1,,
2026-08-23T14:43:54.846391+05:30,1160,91.4,203,516,512,7.7,27.2,,
2026-08-23T14:44:02.012641+05:30,1135,91.4,198,504,500,7.8,27.1,,
2026-08-23T14:44:09.642490+05:30,1141,91.4,199,507,503,7.8,27.2,,
2026-08-23T14:44:16.733207+05:30,1141,91.4,199,507,503,7.8,27.2,,
2026-08-23T14:44:23.928212+05:30,1141,91.4,199,507,503,7.8,27.2,,
2026-08-23T14:44:31.074428+05:30,1135,91.6,198,504,500,7.8,27.2,,
2026-08-23T14:44:40.910930+05:30,1141,91.4,199,507,503,7.8,27.2,,
2026-08-23T14:44:48.060932+05:30,1141,91.6,199,507,503,7.8,27.2,,
2026-08-23T14:44:55.448027+05:30,1147,91.6,200,510,506,7.8,27.2,,
2026-08-23T14:45:02.619820+05:30,1147,91.4,200,510,506,7.8,27.2,,
2026-08-23T14:45:09.824706+05:30,1154,91.6,202,513,509,7.8,27.2,,
2026-08-23T14:45:16.968025+05:30,1154,91.4,202,513,509,7.8,27.2,,
2026-08-23T14:45:24.118680+05:30,1160,91.6,203,516,512,7.8,27.3,,
2026-08-23T14:45:31.292303+05:30,1154,91.6,202,513,509,7.8,27.3,,
2026-08-23T14:45:38.694530+05:30,1166,91.4,204,519,515,7.8,27.3,,
2026-08-23T14:45:45.826152+05:30,1154,91.6,202,513,509,7.8,27.3,,
2026-08-23T14:45:53.194784+05:30,1147,91.6,200,510,506,7.8,27.3,,
2026-08-23T14:46:00.698467+05:30,1154,91.6,202,513,509,7.8,27.3,,
2026-08-23T14:46:07.938201+05:30,1160,91.6,203,516,512,7.8,27.3,,
2026-08-23T14:46:15.309929+05:30,1141,91.7,199,507,503,7.8,27.3,,
2026-08-23T14:46:22.475720+05:30,1166,91.6,204,519,515,7.8,27.3,,
2026-08-23T14:46:29.664628+05:30,1160,91.6,203,516,512,7.8,27.3,,
2026-08-23T14:46:36.818823+05:30,1160,91.6,203,516,512,7.8,27.3,,
2026-08-23T14:46:44.412262+05:30,1173,91.6,206,522,519,7.8,27.3,,
2026-08-23T14:46:51.764897+05:30,1166,91.7,204,519,515,7.8,27.3,,
2026-08-23T14:46:58.746492+05:30,1154,91.6,202,513,509,7.8,27.3,,
2026-08-23T14:47:05.695278+05:30,1173,91.6,206,522,519,7.8,27.3,,
2026-08-23T14:47:12.867965+05:30,1160,91.6,203,516,512,7.8,27.3,,
2026-08-23T14:47:20.025647+05:30,1166,91.6,204,519,515,7.8,27.3,,
2026-08-23T14:47:27.203914+05:30,1160,91.6,203,516,512,7.8,27.3,,
2026-08-23T14:47:34.357368+05:30,1173,91.6,206,522,519,7.8,27.3,,
2026-08-23T14:47:41.542513+05:30,1147,91.6,200,510,506,7.8,27.3,,
2026-08-23T14:47:48.704538+05:30,1173,91.6,206,522,519,7.8,27.3,,
2026-08-23T14:47:56.083656+05:30,1173,91.7,206,522,519,7.8,27.3,,
2026-08-23T14:48:03.450707+05:30,1160,91.6,203,516,512,7.8,27.3,,
2026-08-23T14:48:10.615982+05:30,1166,91.6,204,519,515,7.8,27.3,,
2026-08-23T14:48:18.301130+05:30,1160,91.7,203,516,512,7.8,27.3,,
2026-08-23T14:48:25.992616+05:30,1160,91.7,203,516,512,7.8,27.3,,
2026-08-23T14:48:33.558056+05:30,1179,91.7,207,525,522,7.8,27.3,,
2026-08-23T14:48:41.163464+05:30,1173,91.7,206,522,519,7.8,27.3,,
2026-08-23T14:48:48.295121+05:30,1179,91.9,207,525,522,7.8,27.4,,
2026-08-23T14:48:55.471355+05:30,1173,91.7,206,522,519,7.8,27.4,,
2026-08-23T14:49:02.632356+05:30,1173,91.7,206,522,519,7.8,27.4,,
2026-08-23T14:49:09.949305+05:30,1173,91.7,206,522,519,7.8,27.4,,
2026-08-23T14:49:17.177248+05:30,1186,91.7,209,529,525,7.8,27.4,,
2026-08-23T14:49:24.553648+05:30,1179,91.7,207,525,522,7.8,27.4,,
2026-08-23T14:49:31.935053+05:30,1186,91.7,209,529,525,7.8,27.4,,
2026-08-23T14:49:39.310082+05:30,1192,91.9,210,532,528,7.8,27.4,,
2026-08-23T14:49:46.477995+05:30,1186,91.7,209,529,525,7.8,27.4,,
2026-08-23T14:49:53.844559+05:30,1186,91.7,209,529,525,7.8,27.4,,
2026-08-23T14:50:01.014221+05:30,1179,91.9,207,525,522,7.8,27.4,,
2026-08-23T14:50:08.383536+05:30,1179,91.7,207,525,522,7.8,27.4,,
2026-08-23T14:50:15.557709+05:30,1192,91.9,210,532,528,7.8,27.4,,
2026-08-23T14:50:22.721944+05:30,1179,91.9,207,525,522,7.8,27.4,,
2026-08-23T14:50:29.878364+05:30,1179,91.9,207,525,522,7.8,27.4,,
2026-08-23T14:50:37.034315+05:30,1186,91.9,209,529,525,7.8,27.4,,
2026-08-23T14:50:44.432254+05:30,1186,91.9,209,529,525,7.8,27.4,,
2026-08-23T14:50:51.804562+05:30,1192,91.9,210,532,528,7.8,27.4,,
2026-08-23T14:50:59.169653+05:30,1186,91.7,209,529,525,7.8,27.4,,
2026-08-23T14:51:06.960454+05:30,1186,91.9,209,529,525,7.8,27.4,,
2026-08-23T14:51:14.335574+05:30,1192,91.9,210,532,528,7.8,27.4,,
2026-08-23T14:51:21.485534+05:30,1198,91.7,211,535,531,7.8,27.4,,
2026-08-23T14:51:28.666432+05:30,1192,91.9,210,532,528,7.8,27.4,,
2026-08-23T14:51:35.846132+05:30,1192,91.9,210,532,528,7.8,27.4,,
2026-08-23T14:51:43.005315+05:30,1205,91.9,213,538,534,7.8,27.4,,
2026-08-23T14:51:50.632479+05:30,1186,91.9,209,529,525,7.8,27.4,,
2026-08-23T14:51:58.142620+05:30,1192,91.9,210,532,528,7.8,27.4,,
2026-08-23T14:52:05.533009+05:30,1198,91.9,211,535,531,7.8,27.4,,
2026-08-23T14:52:12.906342+05:30,1186,91.9,209,529,525,7.8,27.4,,
2026-08-23T14:52:20.069575+05:30,1192,91.9,210,532,528,7.8,27.4,,
2026-08-23T14:52:27.244744+05:30,1186,91.9,209,529,525,7.8,27.4,,
2026-08-23T14:52:34.812267+05:30,1186,91.9,209,529,525,7.8,27.4,,
2026-08-23T14:52:42.198172+05:30,1198,91.9,211,535,531,7.8,27.4,,
2026-08-23T14:52:49.347777+05:30,1205,91.9,213,538,534,7.8,27.4,,
2026-08-23T14:52:56.749166+05:30,1198,91.9,211,535,531,7.8,27.4,,
2026-08-23T14:53:03.889515+05:30,1198,91.9,211,535,531,7.8,27.4,,
2026-08-23T14:53:11.072358+05:30,1211,91.9,214,541,537,7.8,27.4,,
2026-08-23T14:53:18.227033+05:30,1192,91.9,210,532,528,7.8,27.4,,
2026-08-23T14:53:25.393091+05:30,1192,91.9,210,532,528,7.8,27.4,,
2026-08-23T14:53:32.985930+05:30,1205,91.9,213,538,534,7.8,27.4,,
2026-08-23T14:53:40.131460+05:30,1198,91.9,211,535,531,7.8,27.4,,
2026-08-23T14:53:47.302883+05:30,1198,91.9,211,535,531,7.8,27.4,,
2026-08-23T14:53:54.683828+05:30,1192,92.1,210,532,528,7.7,27.4,,
2026-08-23T14:54:02.056034+05:30,1205,91.9,213,538,534,7.7,27.4,,
2026-08-23T14:54:09.436678+05:30,1205,91.9,213,538,534,7.7,27.4,,
2026-08-23T14:54:16.592725+05:30,1186,91.9,209,529,525,7.7,27.4,,
2026-08-23T14:54:23.762358+05:30,1192,91.9,210,532,528,7.7,27.4,,
2026-08-23T14:54:31.143551+05:30,1198,91.9,211,535,531,7.7,27.4,,
2026-08-23T14:54:38.508115+05:30,1198,91.9,211,535,531,7.7,27.4,,
2026-08-23T14:54:45.884469+05:30,1192,91.9,210,532,528,7.7,27.4,,
2026-08-23T14:54:53.053838+05:30,1192,91.9,210,532,528,7.7,27.4,,
2026-08-23T14:55:00.431965+05:30,1205,91.9,213,538,534,7.7,27.4,,
2026-08-23T14:55:07.587348+05:30,1198,91.9,211,535,531,7.7,27.4,,
2026-08-23T14:55:14.974357+05:30,1198,91.9,211,535,531,7.7,27.4,,
2026-08-23T14:55:22.352934+05:30,1205,91.9,213,538,534,7.7,27.4,,
2026-08-23T14:55:29.505493+05:30,1198,91.9,211,535,531,7.7,27.4,,
2026-08-23T14:55:36.890355+05:30,1186,91.9,209,529,525,7.7,27.4,,
2026-08-23T14:55:44.245494+05:30,1198,91.9,211,535,531,7.7,27.4,,
2026-08-23T14:55:51.628959+05:30,1192,91.9,210,532,528,7.7,27.4,,
2026-08-23T14:55:58.791394+05:30,1179,91.9,207,525,522,7.7,27.4,,
2026-08-23T14:56:05.954852+05:30,1211,91.9,214,541,537,7.7,27.4,,
2026-08-23T14:56:13.124947+05:30,1205,91.9,213,538,534,7.7,27.4,,
2026-08-23T14:56:20.296803+05:30,1198,91.9,211,535,531,7.7,27.4,,
2026-08-23T14:56:27.670771+05:30,1205,91.9,213,538,534,7.7,27.4,,
2026-08-23T14:56:34.867801+05:30,1186,91.9,209,529,525,7.7,27.4,,
2026-08-23T14:56:41.999615+05:30,1198,91.9,211,535,531,7.7,27.4,,
2026-08-23T14:56:49.383389+05:30,1198,91.9,211,535,531,7.7,27.4,,
2026-08-23T14:56:56.553247+05:30,1186,91.9,209,529,525,7.7,27.4,,
2026-08-23T14:57:03.712818+05:30,1186,92.1,209,529,525,7.7,27.4,,
2026-08-23T14:57:10.884271+05:30,1192,91.9,210,532,528,7.7,27.4,,
2026-08-23T14:57:18.244121+05:30,1186,91.9,209,529,525,7.7,27.3,,
2026-08-23T14:57:25.839005+05:30,1198,91.9,211,535,531,7.7,27.3,,
2026-08-23T14:57:33.210378+05:30,1192,91.9,210,532,528,7.7,27.3,,
2026-08-23T14:57:40.584621+05:30,1205,91.9,213,538,534,7.7,27.3,,
2026-08-23T14:57:47.955636+05:30,1192,91.9,210,532,528,7.7,27.3,,
2026-08-23T14:57:55.116701+05:30,1198,91.9,211,535,531,7.7,27.3,,
2026-08-23T14:58:02.280300+05:30,1186,91.9,209,529,525,7.7,27.3,,
2026-08-23T14:58:09.873781+05:30,1186,91.9,209,529,525,7.7,27.3,,
2026-08-23T14:58:17.023522+05:30,1198,91.9,211,535,531,7.7,27.3,,
2026-08-23T14:58:24.201602+05:30,1211,91.9,214,541,537,7.7,27.3,,
2026-08-23T14:58:31.792474+05:30,1211,92.1,214,541,537,7.7,27.3,,
2026-08-23T14:58:39.155968+05:30,1192,91.9,210,532,528,7.7,27.3,,
2026-08-23T14:58:46.527606+05:30,1198,91.9,211,535,531,7.7,27.2,,
2026-08-23T14:58:54.110237+05:30,1186,91.9,209,529,525,7.7,27.2,,
2026-08-23T14:59:01.684961+05:30,1186,91.9,209,529,525,7.7,27.2,,
2026-08-23T14:59:09.068047+05:30,1192,91.9,210,532,528,7.7,27.2,,
2026-08-23T14:59:16.430651+05:30,1198,91.9,211,535,531,7.7,27.2,,
2026-08-23T14:59:23.596739+05:30,1179,91.9,207,525,522,7.7,27.1,,
2026-08-23T14:59:30.983617+05:30,1205,91.9,213,538,534,7.7,27.1,,
2026-08-23T14:59:38.353799+05:30,1192,91.9,210,532,528,7.7,27.1,,
2026-08-23T14:59:45.500326+05:30,1186,91.9,209,529,525,7.7,27.1,,
2026-08-23T14:59:52.677871+05:30,1205,91.9,213,538,534,7.7,27.1,,
2026-08-23T15:00:00.268492+05:30,1186,91.9,209,529,525,7.7,27.1,,
2026-08-23T15:00:07.631593+05:30,1186,91.9,209,529,525,7.7,27.1,,
2026-08-23T15:00:14.795633+05:30,1198,91.9,211,535,531,7.7,27.1,,
2026-08-23T15:00:22.171973+05:30,1166,91.9,204,519,515,7.7,27.1,,
2026-08-23T15:00:29.554299+05:30,1205,91.7,213,538,534,7.7,27.1,,
2026-08-23T15:00:36.699866+05:30,968,86.7,163,424,419,7.7,27.1,,
2026-08-23T15:00:44.277853+05:30,887,83.7,146,385,380,7.6,27.0,,
2026-08-23T15:00:51.444360+05:30,0,29.1,0,0,0,8.1,25.9,,
2026-08-23T15:00:58.827102+05:30,0,26.1,0,0,0,8.0,24.8,,
2026-08-23T15:01:05.997011+05:30,0,39.3,0,0,0,7.7,24.0,,
2026-08-23T15:01:13.389682+05:30,0,9.9,0,0,0,6.1,23.3,,
2026-08-23T15:01:20.758351+05:30,0,6.1,0,0,0,7.1,22.5,,
2026-08-23T15:01:27.905099+05:30,0,6.4,0,0,0,7.7,22.5,,
2026-08-23T15:01:35.075607+05:30,0,5.1,0,0,0,6.2,22.2,,
2026-08-23T15:01:42.665708+05:30,0,5.1,0,0,0,7.7,21.6,,
2026-08-23T15:01:50.021928+05:30,0,5.1,0,0,0,7.6,20.9,,
2026-08-23T15:01:57.188832+05:30,0,6.7,0,0,0,8.3,20.7,,
2026-08-23T15:02:04.564743+05:30,0,17.1,0,0,0,8.3,22.4,,
2026-08-23T15:02:11.925775+05:30,0,22.8,0,0,0,6.3,24.8,,
2026-08-23T15:02:19.316396+05:30,0,22.8,0,0,0,5.6,25.5,,
2026-08-23T15:02:26.690841+05:30,0,23.8,0,0,0,5.5,25.8,,
2026-08-23T15:02:34.276277+05:30,33,35.6,0,0,0,4.6,25.9,,
2026-08-23T15:02:41.434094+05:30,43,33.2,0,0,0,3.9,26.0,,
2026-08-23T15:02:48.603375+05:30,96,38.1,0,3,0,3.4,26.1,,
2026-08-23T15:02:55.772938+05:30,103,39.1,0,6,0,6.4,26.2,,
2026-08-23T15:03:03.155543+05:30,130,51.6,0,19,11,6.4,26.2,,
2026-08-23T15:03:10.310897+05:30,139,54.8,0,24,16,6.4,26.2,,
2026-08-23T15:03:17.576209+05:30,0,18.2,0,0,0,8.2,26.2,,
2026-08-23T15:03:25.054466+05:30,144,55.1,0,26,18,8.3,25.9,,
2026-08-23T15:03:32.425061+05:30,145,55.0,0,27,19,7.3,26.0,,
2026-08-23T15:03:39.589276+05:30,162,61.9,0,35,27,7.2,26.1,,
2026-08-23T15:03:46.975244+05:30,164,61.3,0,36,28,7.2,26.1,,
2026-08-23T15:03:54.342143+05:30,166,61.2,0,37,29,7.2,26.2,,
2026-08-23T15:04:01.514097+05:30,167,61.2,0,37,29,7.3,26.1,,
2026-08-23T15:04:08.883545+05:30,168,61.2,0,38,30,7.3,26.1,,
2026-08-23T15:04:16.261612+05:30,168,62.3,0,38,30,7.3,26.1,,
2026-08-23T15:04:23.631949+05:30,184,66.7,0,45,38,7.4,26.1,,
2026-08-23T15:04:30.787015+05:30,198,72.4,2,52,45,7.4,26.0,,
2026-08-23T15:04:38.159592+05:30,208,72.8,4,57,49,7.4,26.0,,
2026-08-23T15:04:45.549744+05:30,209,72.0,5,58,50,7.4,26.1,,
2026-08-23T15:04:52.918580+05:30,276,83.3,19,90,82,7.5,26.1,,
2026-08-23T15:05:00.283668+05:30,271,80.8,18,87,80,7.5,26.1,,
2026-08-23T15:05:07.867554+05:30,265,78.9,16,85,77,7.6,26.1,,
2026-08-23T15:05:15.033231+05:30,264,78.6,16,84,77,7.6,26.1,,
2026-08-23T15:05:22.196410+05:30,265,77.8,16,85,77,7.6,26.1,,
2026-08-23T15:05:29.351870+05:30,264,77.5,16,84,77,7.7,26.0,,
2026-08-23T15:05:36.758685+05:30,263,77.5,16,84,76,7.7,26.0,,
2026-08-23T15:05:44.118831+05:30,261,77.1,16,83,75,7.7,26.0,,
2026-08-23T15:05:51.479089+05:30,260,77.1,15,82,75,7.8,26.0,,
2026-08-23T15:05:58.659322+05:30,261,77.1,16,83,75,7.8,26.0,,
2026-08-23T15:06:06.034265+05:30,261,76.8,16,83,75,7.8,26.0,,
2026-08-23T15:06:13.180723+05:30,264,76.8,16,84,77,7.9,25.9,,
2026-08-23T15:06:20.579733+05:30,263,76.4,16,84,76,7.9,25.9,,
2026-08-23T15:06:27.950822+05:30,262,76.4,16,83,76,7.9,25.9,,
2026-08-23T15:06:35.319358+05:30,263,76.0,16,84,76,7.9,25.9,,
2026-08-23T15:06:42.478404+05:30,261,76.0,16,83,75,8.0,25.9,,
2026-08-23T15:06:49.854666+05:30,262,75.7,16,83,76,8.0,25.8,,
2026-08-23T15:06:57.223869+05:30,261,75.7,16,83,75,8.0,25.8,,
2026-08-23T15:07:04.388357+05:30,261,75.7,16,83,75,8.0,25.8,,
2026-08-23T15:07:11.565013+05:30,262,76.0,16,83,76,8.1,25.7,,
2026-08-23T15:07:19.141527+05:30,261,75.7,16,83,75,8.1,25.7,,
2026-08-23T15:07:26.522399+05:30,260,75.3,15,82,75,8.1,25.7,,
2026-08-23T15:07:33.672373+05:30,260,75.3,15,82,75,8.1,25.7,,
2026-08-23T15:07:41.060733+05:30,262,75.3,16,83,76,8.1,25.7,,
2026-08-23T15:07:48.434622+05:30,261,74.9,16,83,75,8.2,25.6,,
2026-08-23T15:07:55.791709+05:30,261,74.9,16,83,75,8.2,25.6,,
2026-08-23T15:08:02.953854+05:30,261,74.6,16,83,75,8.2,25.6,,
2026-08-23T15:08:10.132243+05:30,261,74.9,16,83,75,8.2,25.6,,
2026-08-23T15:08:17.316042+05:30,261,74.6,16,83,75,8.2,25.5,,
2026-08-23T15:08:24.465294+05:30,261,74.9,16,83,75,8.3,25.5,,
2026-08-23T15:08:31.634433+05:30,261,74.6,16,83,75,8.3,25.5,,
2026-08-23T15:08:38.998196+05:30,261,74.6,16,83,75,8.3,25.5,,
2026-08-23T15:08:46.171612+05:30,260,74.6,15,82,75,8.3,25.4,,
2026-08-23T15:08:53.552291+05:30,260,74.2,15,82,75,8.3,25.4,,
2026-08-23T15:09:00.710488+05:30,260,74.2,15,82,75,8.3,25.4,,
2026-08-23T15:09:08.098132+05:30,260,74.2,15,82,75,8.3,25.4,,
2026-08-23T15:09:15.267098+05:30,261,74.2,16,83,75,8.3,25.4,,
2026-08-23T15:09:22.446188+05:30,259,74.6,15,82,74,8.4,25.3,,
2026-08-23T15:09:30.014361+05:30,260,74.2,15,82,75,8.4,25.3,,
2026-08-23T15:09:37.400194+05:30,261,74.2,16,83,75,8.4,25.3,,
2026-08-23T15:09:44.743965+05:30,260,74.2,15,82,75,8.4,25.3,,
2026-08-23T15:09:51.927752+05:30,261,73.9,16,83,75,8.4,25.3,,
2026-08-23T15:09:59.302602+05:30,260,74.2,15,82,75,8.4,25.3,,
2026-08-23T15:10:06.668728+05:30,260,73.9,15,82,75,8.4,25.2,,
2026-08-23T15:10:13.828412+05:30,259,73.9,15,82,74,8.4,25.2,,
2026-08-23T15:10:21.216471+05:30,261,73.9,16,83,75,8.4,25.2,,
2026-08-23T15:10:28.372480+05:30,261,73.9,16,83,75,8.4,25.2,,
2026-08-23T15:10:35.962386+05:30,259,74.2,15,82,74,8.5,25.2,,
2026-08-23T15:10:43.316686+05:30,261,73.9,16,83,75,8.5,25.1,,
2026-08-23T15:10:50.492312+05:30,261,73.9,16,83,75,8.5,25.1,,
2026-08-23T15:10:57.863580+05:30,261,73.9,16,83,75,8.5,25.1,,
2026-08-23T15:11:05.030991+05:30,261,73.9,16,83,75,8.5,25.1,,
2026-08-23T15:11:12.401870+05:30,262,73.5,16,83,76,8.5,25.0,,
2026-08-23T15:11:19.782267+05:30,261,73.5,16,83,75,8.5,25.0,,
2026-08-23T15:11:27.159194+05:30,262,73.5,16,83,76,8.5,25.0,,
2026-08-23T15:11:34.527933+05:30,261,73.5,16,83,75,8.5,25.0,,
2026-08-23T15:11:42.108971+05:30,260,73.5,15,82,75,8.5,25.0,,
2026-08-23T15:11:49.699637+05:30,260,73.1,15,82,75,8.5,25.0,,
2026-08-23T15:11:57.063916+05:30,261,73.5,16,83,75,8.5,24.9,,
2026-08-23T15:12:04.426169+05:30,262,73.5,16,83,76,8.5,24.9,,
2026-08-23T15:12:11.588166+05:30,261,73.5,16,83,75,8.5,24.9,,
2026-08-23T15:12:18.974987+05:30,262,73.5,16,83,76,8.5,24.9,,
2026-08-23T15:12:26.333261+05:30,261,73.5,16,83,75,8.5,24.9,,
2026-08-23T15:12:33.510714+05:30,263,73.1,16,84,76,8.5,24.9,,
2026-08-23T15:12:40.893323+05:30,261,73.1,16,83,75,8.5,24.8,,
2026-08-23T15:12:48.261981+05:30,261,73.1,16,83,75,8.5,24.8,,
2026-08-23T15:12:55.626709+05:30,261,73.1,16,83,75,8.5,24.8,,
2026-08-23T15:13:02.988880+05:30,262,73.1,16,83,76,8.5,24.8,,
2026-08-23T15:13:10.377468+05:30,261,73.1,16,83,75,8.5,24.8,,
2026-08-23T15:13:17.979542+05:30,260,73.1,15,82,75,8.5,24.8,,
2026-08-23T15:13:25.537381+05:30,261,73.1,16,83,75,8.5,24.8,,
2026-08-23T15:13:32.905437+05:30,261,73.1,16,83,75,8.5,24.7,,
2026-08-23T15:13:40.078478+05:30,262,73.1,16,83,76,8.6,24.7,,
2026-08-23T15:13:47.234660+05:30,261,73.1,16,83,75,8.6,24.7,,
2026-08-23T15:13:54.824077+05:30,261,73.1,16,83,75,8.6,24.7,,
2026-08-23T15:14:02.186425+05:30,260,73.1,15,82,75,8.6,24.7,,
2026-08-23T15:14:09.349776+05:30,260,73.1,15,82,75,8.6,24.6,,
2026-08-23T15:14:16.730435+05:30,261,72.8,16,83,75,8.6,24.6,,
2026-08-23T15:14:24.103284+05:30,261,72.8,16,83,75,8.6,24.6,,
2026-08-23T15:14:31.481052+05:30,261,72.8,16,83,75,8.6,24.6,,
2026-08-23T15:14:38.628162+05:30,261,72.8,16,83,75,8.6,24.5,,
2026-08-23T15:14:46.024823+05:30,260,73.1,15,82,75,8.6,24.6,,
2026-08-23T15:14:53.373963+05:30,260,72.8,15,82,75,8.6,24.6,,
2026-08-23T15:15:00.549285+05:30,262,72.8,16,83,76,8.6,24.5,,
2026-08-23T15:15:07.913586+05:30,260,72.8,15,82,75,8.6,24.5,,
2026-08-23T15:15:15.304952+05:30,261,72.8,16,83,75,8.6,24.5,,
2026-08-23T15:15:22.476678+05:30,261,72.8,16,83,75,8.6,24.5,,
2026-08-23T15:15:29.853544+05:30,260,72.8,15,82,75,8.6,24.5,,
2026-08-23T15:15:37.222569+05:30,261,72.8,16,83,75,8.6,24.5,,
2026-08-23T15:15:44.391283+05:30,261,72.8,16,83,75,8.6,24.5,,
2026-08-23T15:15:51.764311+05:30,261,72.8,16,83,75,8.6,24.4,,
2026-08-23T15:15:59.145156+05:30,260,72.8,15,82,75,8.6,24.4,,
2026-08-23T15:16:06.290908+05:30,260,72.8,15,82,75,8.6,24.3,,
2026-08-23T15:16:13.477626+05:30,260,72.8,15,82,75,8.6,24.3,,
2026-08-23T15:16:20.835800+05:30,261,72.8,16,83,75,8.6,24.3,,
2026-08-23T15:16:28.419799+05:30,259,72.8,15,82,74,8.6,24.3,,
2026-08-23T15:16:35.788741+05:30,261,72.8,16,83,75,8.6,24.3,,
2026-08-23T15:16:42.956894+05:30,260,72.8,15,82,75,8.6,24.3,,
2026-08-23T15:16:50.325092+05:30,260,72.8,15,82,75,8.6,24.3,,
2026-08-23T15:16:57.487997+05:30,260,72.8,15,82,75,8.6,24.2,,
2026-08-23T15:17:04.669225+05:30,260,72.8,15,82,75,8.6,24.2,,
2026-08-23T15:17:12.261355+05:30,259,72.8,15,82,74,8.6,24.2,,
2026-08-23T15:17:19.623903+05:30,260,72.8,15,82,75,8.6,24.2,,
2026-08-23T15:17:26.979852+05:30,260,72.8,15,82,75,8.6,24.2,,
2026-08-23T15:17:34.149481+05:30,260,73.1,15,82,75,8.6,24.2,,
2026-08-23T15:17:41.532656+05:30,260,72.8,15,82,75,8.6,24.2,,
2026-08-23T15:17:48.915011+05:30,260,72.8,15,82,75,8.6,24.2,,
2026-08-23T15:17:56.281339+05:30,259,72.8,15,82,74,8.5,24.2,,
2026-08-23T15:18:03.643614+05:30,260,72.8,15,82,75,8.5,24.2,,
2026-08-23T15:18:10.817743+05:30,259,72.8,15,82,74,8.5,24.1,,
2026-08-23T15:18:18.193304+05:30,260,72.8,15,82,75,8.5,24.1,,
2026-08-23T15:18:25.351201+05:30,259,72.8,15,82,74,8.5,24.1,,
2026-08-23T15:18:32.936105+05:30,260,72.4,15,82,75,8.5,24.1,,
2026-08-23T15:18:40.511322+05:30,259,72.8,15,82,74,8.5,24.1,,
2026-08-23T15:18:48.095891+05:30,259,72.8,15,82,74,8.5,24.1,,
2026-08-23T15:18:55.470718+05:30,259,72.8,15,82,74,8.5,24.1,,
2026-08-23T15:19:02.844417+05:30,260,72.8,15,82,75,8.5,24.0,,
2026-08-23T15:19:09.986704+05:30,260,72.8,15,82,75,8.5,24.0,,
2026-08-23T15:19:17.385109+05:30,260,72.8,15,82,75,8.5,24.0,,
2026-08-23T15:19:24.755092+05:30,260,72.8,15,82,75,8.5,24.0,,
2026-08-23T15:19:32.117826+05:30,259,72.4,15,82,74,8.5,24.0,,
2026-08-23T15:19:39.477753+05:30,260,72.4,15,82,75,8.5,24.0,,
2026-08-23T15:19:46.859385+05:30,259,72.4,15,82,74,8.5,23.9,,
2026-08-23T15:19:54.014668+05:30,259,72.0,15,82,74,8.5,24.0,,
2026-08-23T15:20:01.194391+05:30,260,72.4,15,82,75,8.5,23.9,,
2026-08-23T15:20:08.582835+05:30,260,72.4,15,82,75,8.5,23.9,,
2026-08-23T15:20:15.947085+05:30,259,72.4,15,82,74,8.5,23.9,,
2026-08-23T15:20:23.105714+05:30,259,72.4,15,82,74,8.5,23.9,,
2026-08-23T15:20:30.493741+05:30,260,72.4,15,82,75,8.5,23.9,,
2026-08-23T15:20:37.869516+05:30,260,72.4,15,82,75,8.5,23.9,,
2026-08-23T15:20:45.248886+05:30,258,72.4,15,81,74,8.5,23.9,,
2026-08-23T15:20:52.599412+05:30,260,72.0,15,82,75,8.5,23.9,,
2026-08-23T15:20:59.969627+05:30,258,72.4,15,81,74,8.5,23.9,,
2026-08-23T15:21:07.356350+05:30,258,72.0,15,81,74,8.5,23.9,,
2026-08-23T15:21:14.516176+05:30,259,72.0,15,82,74,8.5,23.9,,
2026-08-23T15:21:21.896560+05:30,259,72.4,15,82,74,8.5,23.8,,
2026-08-23T15:21:29.253354+05:30,259,72.4,15,82,74,8.5,23.8,,
2026-08-23T15:21:36.419855+05:30,260,72.4,15,82,75,8.5,23.8,,
2026-08-23T15:21:43.587854+05:30,260,72.4,15,82,75,8.5,23.8,,
2026-08-23T15:21:50.977556+05:30,259,72.0,15,82,74,8.5,23.8,,
2026-08-23T15:21:58.348202+05:30,258,72.0,15,81,74,8.5,23.8,,
2026-08-23T15:22:05.719294+05:30,258,72.0,15,81,74,8.5,23.8,,
2026-08-23T15:22:13.076051+05:30,260,72.0,15,82,75,8.5,23.8,,
2026-08-23T15:22:20.262021+05:30,259,72.0,15,82,74,8.5,23.8,,
2026-08-23T15:22:27.644612+05:30,257,72.0,15,81,73,8.5,23.8,,
2026-08-23T15:22:35.006906+05:30,258,72.0,15,81,74,8.5,23.8,,
2026-08-23T15:22:42.170234+05:30,258,72.0,15,81,74,8.5,23.8,,
2026-08-23T15:22:49.540809+05:30,258,72.0,15,81,74,8.5,23.8,,
2026-08-23T15:22:56.708622+05:30,258,72.0,15,81,74,8.5,23.8,,
2026-08-23T15:23:03.874404+05:30,258,72.4,15,81,74,8.5,23.7,,
2026-08-23T15:23:11.036794+05:30,259,72.0,15,82,74,8.5,23.7,,
2026-08-23T15:23:18.212344+05:30,258,71.7,15,81,74,8.5,23.7,,
2026-08-23T15:23:25.384629+05:30,259,72.0,15,82,74,8.5,23.7,,
2026-08-23T15:23:32.549023+05:30,258,72.0,15,81,74,8.5,23.7,,
2026-08-23T15:23:39.931174+05:30,258,72.0,15,81,74,8.5,23.7,,
2026-08-23T15:23:47.303013+05:30,258,72.0,15,81,74,8.5,23.7,,
2026-08-23T15:23:54.679747+05:30,260,72.0,15,82,75,8.5,23.7,,
2026-08-23T15:24:02.046070+05:30,259,72.0,15,82,74,8.5,23.7,,
2026-08-23T15:24:09.409397+05:30,259,72.0,15,82,74,8.5,23.7,,
2026-08-23T15:24:16.584954+05:30,258,72.0,15,81,74,8.5,23.7,,
2026-08-23T15:24:23.746021+05:30,259,72.0,15,82,74,8.5,23.6,,
2026-08-23T15:24:30.912572+05:30,259,72.0,15,82,74,8.5,23.6,,
2026-08-23T15:24:38.074383+05:30,260,72.0,15,82,75,8.5,23.6,,
2026-08-23T15:24:45.282085+05:30,257,72.0,15,81,73,8.5,23.6,,
2026-08-23T15:24:52.423581+05:30,259,72.0,15,82,74,8.5,23.6,,
2026-08-23T15:24:59.572070+05:30,258,72.0,15,81,74,8.5,23.6,,
2026-08-23T15:25:06.752713+05:30,258,72.0,15,81,74,8.5,23.6,,
2026-08-23T15:25:14.136604+05:30,258,72.0,15,81,74,8.5,23.6,,
2026-08-23T15:25:21.314548+05:30,259,71.7,15,82,74,8.5,23.6,,
2026-08-23T15:25:28.680263+05:30,259,72.0,15,82,74,8.5,23.6,,
2026-08-23T15:25:36.259750+05:30,258,71.7,15,81,74,8.5,23.6,,
2026-08-23T15:25:43.421459+05:30,259,72.8,15,82,74,8.5,23.6,,
2026-08-23T15:25:50.807174+05:30,259,72.0,15,82,74,8.5,23.6,,
2026-08-23T15:25:58.170728+05:30,260,71.7,15,82,75,8.5,23.6,,
2026-08-23T15:26:05.331623+05:30,259,72.0,15,82,74,8.5,23.6,,
2026-08-23T15:26:12.490334+05:30,259,72.0,15,82,74,8.5,23.6,,
2026-08-23T15:26:19.655053+05:30,273,73.1,18,88,81,8.5,23.6,,
2026-08-23T15:26:26.821614+05:30,300,80.8,24,101,94,8.5,23.6,,
2026-08-23T15:26:34.204764+05:30,340,87.8,32,121,114,8.5,23.6,,
2026-08-23T15:26:41.365862+05:30,338,86.5,32,120,113,8.5,23.8,,
2026-08-23T15:26:48.770412+05:30,335,85.7,31,118,111,8.5,23.8,,
2026-08-23T15:26:55.904846+05:30,336,85.4,31,119,112,8.5,23.8,,
2026-08-23T15:27:03.073433+05:30,333,85.2,31,117,110,8.5,23.8,,
2026-08-23T15:27:10.671521+05:30,332,85.0,30,117,110,8.5,23.8,,
2026-08-23T15:27:18.028210+05:30,331,84.9,30,116,109,8.4,23.8,,
2026-08-23T15:27:25.399854+05:30,331,84.7,30,116,109,8.4,23.8,,
2026-08-23T15:27:32.563091+05:30,331,84.5,30,116,109,8.4,23.8,,
2026-08-23T15:27:39.965431+05:30,329,84.4,30,115,108,8.4,23.8,,
2026-08-23T15:27:47.104362+05:30,329,84.4,30,115,108,8.4,23.7,,
2026-08-23T15:27:54.278556+05:30,329,84.4,30,115,108,8.4,23.7,,
2026-08-23T15:28:01.467662+05:30,329,84.2,30,115,108,8.4,23.8,,
2026-08-23T15:28:08.623735+05:30,328,84.2,30,115,108,8.4,23.7,,
2026-08-23T15:28:15.779354+05:30,328,84.2,30,115,108,8.4,23.8,,
2026-08-23T15:28:23.167369+05:30,327,84.2,29,114,107,8.4,23.8,,
2026-08-23T15:28:30.531440+05:30,327,84.0,29,114,107,8.4,23.8,,
2026-08-23T15:28:37.908448+05:30,328,84.0,30,115,108,8.4,23.8,,
2026-08-23T15:28:45.065361+05:30,326,84.0,29,114,107,8.4,23.8,,
2026-08-23T15:28:52.435727+05:30,325,83.7,29,113,106,8.4,23.7,,
2026-08-23T15:28:59.608819+05:30,326,83.7,29,114,107,8.4,23.8,,
2026-08-23T15:29:06.795926+05:30,327,83.7,29,114,107,8.4,23.7,,
2026-08-23T15:29:14.177766+05:30,326,83.7,29,114,107,8.4,23.8,,
2026-08-23T15:29:21.517364+05:30,326,84.0,29,114,107,8.4,23.7,,
2026-08-23T15:29:28.908885+05:30,326,83.7,29,114,107,8.4,23.7,,
2026-08-23T15:29:36.053035+05:30,325,83.7,29,113,106,8.4,23.8,,
2026-08-23T15:29:43.244112+05:30,327,83.3,29,114,107,8.4,23.7,,
2026-08-23T15:29:50.599576+05:30,327,83.3,29,114,107,8.4,23.7,,
2026-08-23T15:29:57.770677+05:30,326,83.3,29,114,107,8.4,23.7,,
2026-08-23T15:30:04.953184+05:30,326,83.3,29,114,107,8.4,23.8,,
2026-08-23T15:30:12.113097+05:30,326,83.3,29,114,107,8.4,23.7,,
2026-08-23T15:30:19.278094+05:30,325,83.3,29,113,106,8.4,23.8,,
2026-08-23T15:30:26.442916+05:30,326,83.3,29,114,107,8.4,23.8,,
2026-08-23T15:30:33.637105+05:30,326,83.3,29,114,107,8.4,23.8,,
2026-08-23T15:30:40.987051+05:30,326,83.3,29,114,107,8.4,23.8,,
2026-08-23T15:30:48.175228+05:30,327,83.3,29,114,107,8.4,23.8,,
2026-08-23T15:30:55.558217+05:30,327,83.3,29,114,107,8.4,23.7,,
2026-08-23T15:31:02.917127+05:30,326,83.3,29,114,107,8.4,23.8,,
2026-08-23T15:31:10.503428+05:30,326,83.3,29,114,107,8.4,23.8,,
2026-08-23T15:31:17.864347+05:30,327,83.3,29,114,107,8.4,23.8,,
2026-08-23T15:31:25.238382+05:30,327,83.3,29,114,107,8.4,23.8,,
2026-08-23T15:31:32.868061+05:30,325,83.3,29,113,106,8.4,23.8,,
2026-08-23T15:31:39.968721+05:30,325,83.3,29,113,106,8.4,23.8,,
2026-08-23T15:31:47.337964+05:30,326,83.3,29,114,107,8.4,23.8,,
2026-08-23T15:31:54.714816+05:30,327,83.3,29,114,107,8.4,23.8,,
2026-08-23T15:32:02.516471+05:30,327,83.3,29,114,107,8.4,23.8,,
2026-08-23T15:32:09.664122+05:30,326,83.3,29,114,107,8.4,23.8,,
2026-08-23T15:32:17.056243+05:30,326,83.3,29,114,107,8.4,23.8,,
2026-08-23T15:32:24.218918+05:30,327,82.9,29,114,107,8.4,23.8,,
2026-08-23T15:32:31.396420+05:30,327,83.3,29,114,107,8.4,23.8,,
2026-08-23T15:32:38.539844+05:30,326,82.9,29,114,107,8.4,23.8,,
2026-08-23T15:32:45.715974+05:30,328,83.3,30,115,108,8.4,23.8,,
2026-08-23T15:32:53.090404+05:30,328,83.3,30,115,108,8.4,23.8,,
2026-08-23T15:33:00.662147+05:30,327,82.9,29,114,107,8.4,23.8,,
2026-08-23T15:33:08.255846+05:30,327,82.9,29,114,107,8.4,23.8,,
2026-08-23T15:33:15.611572+05:30,327,83.3,29,114,107,8.4,23.8,,
2026-08-23T15:33:23.000778+05:30,328,83.3,30,115,108,8.4,23.8,,
2026-08-23T15:33:29.955461+05:30,327,83.3,29,114,107,8.4,23.8,,
2026-08-23T15:33:37.541884+05:30,326,82.9,29,114,107,8.4,23.8,,
2026-08-23T15:33:44.915048+05:30,328,82.9,30,115,108,8.4,23.8,,
2026-08-23T15:33:52.064252+05:30,333,84.2,31,117,110,8.4,23.8,,
2026-08-23T15:33:59.455930+05:30,339,85.0,32,120,113,8.4,23.8,,
2026-08-23T15:34:06.823543+05:30,340,85.0,32,121,114,8.4,23.8,,
2026-08-23T15:34:14.196268+05:30,337,84.9,31,119,112,8.4,23.8,,
2026-08-23T15:34:21.564138+05:30,338,85.0,32,120,113,8.4,23.8,,
2026-08-23T15:34:28.936669+05:30,340,85.0,32,121,114,8.4,23.8,,
2026-08-23T15:34:36.722288+05:30,340,84.9,32,121,114,8.5,23.8,,
2026-08-23T15:34:44.094329+05:30,340,84.9,32,121,114,8.5,23.8,,
2026-08-23T15:34:51.480620+05:30,340,85.0,32,121,114,8.5,23.8,,
2026-08-23T15:34:58.632525+05:30,338,84.9,32,120,113,8.5,23.8,,
2026-08-23T15:35:06.028139+05:30,338,84.9,32,120,113,8.5,23.8,,
2026-08-23T15:35:13.394035+05:30,339,84.9,32,120,113,8.5,23.8,,
2026-08-23T15:35:20.768339+05:30,339,84.9,32,120,113,8.5,23.8,,
2026-08-23T15:35:27.906712+05:30,339,84.9,32,120,113,8.5,23.9,,
2026-08-23T15:35:35.291765+05:30,338,84.9,32,120,113,8.5,23.9,,
2026-08-23T15:35:42.665394+05:30,339,84.9,32,120,113,8.5,23.9,,
2026-08-23T15:35:49.829704+05:30,339,84.9,32,120,113,8.5,23.9,,
2026-08-23T15:35:57.196206+05:30,339,84.9,32,120,113,8.5,23.9,,
2026-08-23T15:36:04.361474+05:30,340,84.9,32,121,114,8.5,23.9,,
2026-08-23T15:36:11.531857+05:30,339,84.7,32,120,113,8.5,23.9,,
2026-08-23T15:36:18.702645+05:30,340,84.9,32,121,114,8.5,23.9,,
2026-08-23T15:36:25.865258+05:30,339,84.9,32,120,113,8.5,23.9,,
2026-08-23T15:36:33.059341+05:30,340,84.7,32,121,114,8.5,23.9,,
2026-08-23T15:36:40.317037+05:30,340,84.7,32,121,114,8.5,23.9,,
2026-08-23T15:36:47.370670+05:30,339,84.9,32,120,113,8.5,23.9,,
2026-08-23T15:36:54.536256+05:30,340,84.7,32,121,114,8.5,23.9,,
2026-08-23T15:37:01.715510+05:30,340,84.9,32,121,114,8.5,23.9,,
2026-08-23T15:37:08.890277+05:30,340,84.7,32,121,114,8.5,23.9,,
2026-08-23T15:37:16.039337+05:30,342,84.7,32,122,115,8.5,23.9,,
2026-08-23T15:37:23.214448+05:30,339,84.7,32,120,113,8.5,23.9,,
2026-08-23T15:37:30.383941+05:30,341,84.7,32,121,114,8.5,23.9,,
2026-08-23T15:37:37.750140+05:30,343,84.7,33,122,115,8.5,23.9,,
2026-08-23T15:37:44.916819+05:30,341,84.7,32,121,114,8.5,23.9,,
2026-08-23T15:37:52.091912+05:30,341,84.7,32,121,114,8.5,23.9,,
2026-08-23T15:37:59.691986+05:30,340,84.7,32,121,114,8.5,23.9,,
2026-08-23T15:38:07.181702+05:30,343,84.7,33,122,115,8.5,23.9,,
2026-08-23T15:38:14.409056+05:30,342,84.7,32,122,115,8.5,23.9,,
2026-08-23T15:38:21.581841+05:30,342,84.7,32,122,115,8.5,23.9,,
2026-08-23T15:38:28.743929+05:30,340,84.7,32,121,114,8.5,24.0,,
2026-08-23T15:38:35.935045+05:30,340,84.9,32,121,114,8.5,23.9,,
2026-08-23T15:38:43.108780+05:30,340,84.7,32,121,114,8.5,24.0,,
2026-08-23T15:38:50.262236+05:30,340,84.7,32,121,114,8.5,24.0,,
2026-08-23T15:38:57.415478+05:30,342,84.7,32,122,115,8.5,24.0,,
2026-08-23T15:39:04.823451+05:30,341,84.7,32,121,114,8.5,24.0,,
2026-08-23T15:39:12.379093+05:30,340,84.7,32,121,114,8.5,24.0,,
2026-08-23T15:39:19.748146+05:30,343,84.9,33,122,115,8.5,24.0,,
2026-08-23T15:39:26.916247+05:30,341,84.7,32,121,114,8.5,24.0,,
2026-08-23T15:39:34.297171+05:30,341,84.7,32,121,114,8.5,24.0,,
2026-08-23T15:39:41.453811+05:30,342,84.7,32,122,115,8.5,24.0,,
2026-08-23T15:39:48.631778+05:30,342,84.7,32,122,115,8.5,24.0,,
2026-08-23T15:39:55.817341+05:30,340,84.7,32,121,114,8.5,24.0,,
2026-08-23T15:40:02.958499+05:30,342,84.7,32,122,115,8.5,24.0,,
2026-08-23T15:40:10.343222+05:30,342,84.7,32,122,115,8.5,24.0,,
2026-08-23T15:40:17.500843+05:30,341,84.7,32,121,114,8.5,24.0,,
2026-08-23T15:40:24.681410+05:30,341,84.9,32,121,114,8.5,24.0,,
2026-08-23T15:40:32.042930+05:30,342,84.7,32,122,115,8.5,24.0,,
2026-08-23T15:40:39.429333+05:30,343,84.7,33,122,115,8.5,24.1,,
2026-08-23T15:40:46.802139+05:30,343,84.7,33,122,115,8.5,24.1,,
2026-08-23T15:40:54.166333+05:30,342,84.7,32,122,115,8.5,24.1,,
2026-08-23T15:41:01.343472+05:30,343,84.7,33,122,115,8.5,24.1,,
2026-08-23T15:41:08.687541+05:30,344,84.7,33,123,116,8.5,24.1,,
2026-08-23T15:41:15.864490+05:30,341,84.7,32,121,114,8.5,24.1,,
2026-08-23T15:41:23.034449+05:30,343,84.9,33,122,115,8.5,24.1,,
2026-08-23T15:41:30.230148+05:30,344,84.7,33,123,116,8.4,24.1,,
2026-08-23T15:41:37.589192+05:30,343,84.7,33,122,115,8.4,24.1,,
2026-08-23T15:41:44.949952+05:30,343,84.7,33,122,115,8.4,24.1,,
2026-08-23T15:41:52.112620+05:30,343,84.7,33,122,115,8.4,24.1,,
2026-08-23T15:41:59.277790+05:30,340,84.7,32,121,114,8.4,24.1,,
2026-08-23T15:42:06.461202+05:30,344,84.7,33,123,116,8.4,24.1,,
2026-08-23T15:42:13.608421+05:30,344,84.7,33,123,116,8.4,24.1,,
2026-08-23T15:42:21.013907+05:30,344,84.7,33,123,116,8.4,24.2,,
2026-08-23T15:42:28.368546+05:30,344,84.7,33,123,116,8.4,24.2,,
2026-08-23T15:42:35.527051+05:30,342,84.7,32,122,115,8.4,24.2,,
2026-08-23T15:42:42.711119+05:30,343,84.7,33,122,115,8.4,24.2,,
2026-08-23T15:42:50.084451+05:30,343,84.7,33,122,115,8.4,24.2,,
2026-08-23T15:42:57.259528+05:30,344,84.7,33,123,116,8.4,24.2,,
2026-08-23T15:43:04.432605+05:30,345,84.7,33,123,116,8.4,24.2,,
2026-08-23T15:43:11.573558+05:30,343,84.7,33,122,115,8.4,24.2,,
2026-08-23T15:43:18.742026+05:30,346,84.7,33,124,117,8.4,24.2,,
2026-08-23T15:43:26.115194+05:30,348,84.9,34,125,117,8.4,24.2,,
2026-08-23T15:43:33.503754+05:30,345,84.7,33,123,116,8.4,24.2,,
2026-08-23T15:43:40.660215+05:30,344,84.7,33,123,116,8.4,24.2,,
2026-08-23T15:43:47.835922+05:30,345,84.9,33,123,116,8.4,24.2,,
2026-08-23T15:43:55.201750+05:30,345,84.7,33,123,116,8.4,24.2,,
2026-08-23T15:44:02.379974+05:30,345,84.7,33,123,116,8.4,24.2,,
2026-08-23T15:44:09.538963+05:30,345,84.7,33,123,116,8.4,24.2,,
2026-08-23T15:44:16.720699+05:30,347,84.7,33,124,117,8.4,24.2,,
2026-08-23T15:44:24.307641+05:30,346,84.7,33,124,117,8.4,24.2,,
2026-08-23T15:44:31.663896+05:30,348,84.7,34,125,117,8.4,24.2,,
2026-08-23T15:44:38.833297+05:30,347,84.7,33,124,117,8.4,24.3,,
2026-08-23T15:44:45.978587+05:30,349,84.5,34,125,118,8.4,24.3,,
2026-08-23T15:44:53.168717+05:30,350,84.9,34,126,118,8.4,24.3,,
2026-08-23T15:45:00.326847+05:30,346,84.7,33,124,117,8.4,24.3,,
2026-08-23T15:45:07.492958+05:30,344,84.7,33,123,116,8.4,24.3,,
2026-08-23T15:45:14.656561+05:30,346,84.7,33,124,117,8.4,24.3,,
2026-08-23T15:45:22.463323+05:30,348,84.7,34,125,117,8.4,24.3,,
2026-08-23T15:45:29.610656+05:30,347,84.7,33,124,117,8.4,24.3,,
2026-08-23T15:45:37.002645+05:30,349,84.9,34,125,118,8.4,24.3,,
2026-08-23T15:45:44.370951+05:30,345,84.7,33,123,116,8.4,24.3,,
2026-08-23T15:45:51.519213+05:30,348,84.7,34,125,117,8.4,24.3,,
2026-08-23T15:45:58.688156+05:30,344,84.9,33,123,116,8.4,24.3,,
2026-08-23T15:46:06.278088+05:30,346,84.7,33,124,117,8.4,24.3,,
2026-08-23T15:46:13.440054+05:30,347,84.9,33,124,117,8.4,24.3,,
2026-08-23T15:46:20.819813+05:30,348,84.7,34,125,117,8.4,24.3,,
2026-08-23T15:46:28.196383+05:30,350,84.7,34,126,118,8.4,24.3,,
2026-08-23T15:46:35.567261+05:30,348,84.9,34,125,117,8.4,24.4,,
2026-08-23T15:46:42.743543+05:30,346,84.9,33,124,117,8.4,24.4,,
2026-08-23T15:46:49.913607+05:30,348,84.9,34,125,117,8.4,24.4,,
2026-08-23T15:46:57.059064+05:30,348,84.9,34,125,117,8.4,24.4,,
2026-08-23T15:47:04.283307+05:30,348,84.7,34,125,117,8.4,24.5,,
2026-08-23T15:47:11.092815+05:30,350,84.7,34,126,118,8.4,24.4,,
2026-08-23T15:47:18.802053+05:30,0,6.0,0,0,0,9.0,24.3,,
2026-08-23T15:47:25.967334+05:30,0,17.7,0,0,0,8.6,24.6,,
2026-08-23T15:47:33.327403+05:30,0,21.3,0,0,0,8.8,24.8,,
2026-08-23T15:47:40.500614+05:30,0,22.2,0,0,0,9.0,25.5,,
2026-08-23T15:47:47.876382+05:30,0,26.3,0,0,0,8.3,25.8,,
2026-08-23T15:47:55.248033+05:30,0,27.6,0,0,0,8.2,26.0,,
2026-08-23T15:48:02.418906+05:30,0,27.1,0,0,0,8.3,26.1,,
2026-08-23T15:48:09.585755+05:30,0,26.8,0,0,0,8.3,26.2,,
2026-08-23T15:48:16.751143+05:30,0,26.6,0,0,0,8.3,26.2,,
2026-08-23T15:48:23.918280+05:30,0,26.3,0,0,0,8.2,26.2,,
2026-08-23T15:48:31.080917+05:30,0,26.1,0,0,0,8.2,26.3,,
2026-08-23T15:48:38.258976+05:30,0,26.0,0,0,0,8.1,26.3,,
2026-08-23T15:48:45.422960+05:30,0,25.9,0,0,0,8.1,26.3,,
2026-08-23T15:48:52.796807+05:30,0,25.7,0,0,0,8.1,26.3,,
2026-08-23T15:49:00.160975+05:30,0,25.9,0,0,0,8.6,26.3,,
2026-08-23T15:49:07.326233+05:30,0,31.3,0,0,0,8.6,26.3,,
2026-08-23T15:49:14.515249+05:30,0,30.8,0,0,0,8.5,26.3,,
2026-08-23T15:49:21.669380+05:30,0,39.6,0,0,0,8.5,26.4,,
2026-08-23T15:49:28.881355+05:30,0,35.7,0,0,0,8.4,26.4,,
2026-08-23T15:49:36.018738+05:30,0,48.4,0,0,0,8.3,26.4,,
2026-08-23T15:49:43.177351+05:30,17,61.5,0,0,0,8.1,26.4,,
2026-08-23T15:49:50.351691+05:30,19,62.9,0,0,0,7.9,26.4,,
2026-08-23T15:49:57.496852+05:30,22,63.4,0,0,0,7.9,26.4,,
2026-08-23T15:50:04.886460+05:30,27,64.8,0,0,0,7.5,26.4,,
2026-08-23T15:50:13.483858+05:30,28,65.1,0,0,0,7.7,26.4,,
2026-08-23T15:50:20.648571+05:30,51,77.5,0,0,0,7.7,26.4,,
2026-08-23T15:50:27.827344+05:30,57,81.1,0,0,0,7.6,26.4,,
2026-08-23T15:50:34.976659+05:30,71,86.5,0,0,0,7.6,26.5,,
2026-08-23T15:50:42.560142+05:30,71,87.5,0,0,0,7.5,26.5,,
2026-08-23T15:50:49.737182+05:30,82,89.8,0,0,0,7.5,26.5,,
2026-08-23T15:50:56.902567+05:30,86,93.7,0,0,0,7.3,26.5,,
2026-08-23T15:51:04.271961+05:30,94,100.0,0,2,0,7.2,26.5,,
2026-08-23T15:51:11.643536+05:30,95,100.0,0,3,0,7.2,26.6,,
2026-08-23T15:51:18.817124+05:30,95,100.0,0,3,0,7.1,26.6,,
2026-08-23T15:51:26.000199+05:30,102,100.0,0,6,0,7.1,26.6,,
2026-08-23T15:51:33.150981+05:30,100,100.0,0,5,0,7.1,26.6,,
2026-08-23T15:51:40.334105+05:30,74,90.4,0,0,0,5.5,26.6,,
2026-08-23T15:51:47.477916+05:30,93,100.0,0,2,0,6.8,26.7,,
2026-08-23T15:51:54.659836+05:30,92,100.0,0,1,0,6.6,26.7,,
2026-08-23T15:52:01.836100+05:30,0,11.5,0,0,0,7.1,26.8,,
2026-08-23T15:52:09.002544+05:30,0,7.7,0,0,0,6.8,26.4,,
2026-08-23T15:52:16.156592+05:30,0,7.7,0,0,0,6.8,25.8,,
2026-08-23T15:52:23.527204+05:30,0,22.2,0,0,0,8.3,25.9,,
2026-08-23T15:52:30.700030+05:30,0,22.1,0,0,0,7.7,26.1,,
2026-08-23T15:52:37.879501+05:30,0,22.3,0,0,0,7.5,26.3,,
2026-08-23T15:52:45.032081+05:30,0,22.2,0,0,0,7.3,26.3,,
2026-08-23T15:52:52.214755+05:30,0,22.2,0,0,0,7.3,26.4,,
2026-08-23T15:52:59.366111+05:30,0,22.3,0,0,0,7.3,26.4,,
2026-08-23T15:53:06.549951+05:30,0,22.3,0,0,0,7.3,26.4,,
2026-08-23T15:53:13.718666+05:30,0,22.3,0,0,0,7.2,26.5,,
2026-08-23T15:53:21.090264+05:30,0,22.3,0,0,0,7.2,26.5,,
2026-08-23T15:53:28.247028+05:30,0,22.3,0,0,0,7.2,26.5,,
2026-08-23T15:53:35.424125+05:30,0,22.3,0,0,0,7.2,26.5,,
2026-08-23T15:53:42.589342+05:30,0,22.3,0,0,0,7.3,26.6,,
2026-08-23T15:53:49.757201+05:30,0,22.2,0,0,0,7.3,26.6,,
2026-08-23T15:53:56.925895+05:30,0,22.2,0,0,0,7.3,26.6,,
2026-08-23T15:54:04.090015+05:30,0,22.2,0,0,0,7.3,26.6,,
2026-08-23T15:54:11.250079+05:30,0,22.3,0,0,0,7.3,26.6,,
2026-08-23T15:54:18.441870+05:30,0,22.3,0,0,0,7.3,26.6,,
2026-08-23T15:54:25.611162+05:30,0,22.3,0,0,0,7.3,26.6,,
2026-08-23T15:54:32.756540+05:30,0,22.3,0,0,0,7.3,26.6,,
2026-08-23T15:54:39.922963+05:30,0,22.3,0,0,0,7.3,26.6,,
2026-08-23T15:54:47.103437+05:30,0,22.3,0,0,0,7.3,26.6,,
2026-08-23T15:54:54.690084+05:30,0,22.2,0,0,0,7.3,26.6,,
2026-08-23T15:55:01.855831+05:30,0,22.3,0,0,0,7.3,26.7,,
2026-08-23T15:55:09.007691+05:30,0,25.9,0,0,0,7.4,26.7,,
2026-08-23T15:55:16.178623+05:30,0,25.7,0,0,0,7.4,26.7,,
2026-08-23T15:55:23.319865+05:30,0,26.1,0,0,0,7.4,26.7,,
2026-08-23T15:55:30.762985+05:30,0,26.0,0,0,0,7.4,26.7,,
2026-08-23T15:55:37.897760+05:30,0,25.9,0,0,0,7.4,26.7,,
2026-08-23T15:55:45.275757+05:30,0,25.9,0,0,0,7.4,26.7,,
2026-08-23T15:55:52.638625+05:30,0,26.2,0,0,0,7.4,26.7,,
2026-08-23T15:55:59.999963+05:30,0,25.9,0,0,0,7.6,26.7,,
2026-08-23T15:56:07.177855+05:30,0,30.1,0,0,0,7.5,26.8,,
2026-08-23T15:56:14.353358+05:30,93,52.6,0,2,0,7.6,26.9,,
2026-08-23T15:56:21.496923+05:30,112,45.6,0,11,3,7.5,27.0,,
2026-08-23T15:56:28.679015+05:30,125,42.2,0,17,9,7.5,27.0,,
2026-08-23T15:56:35.837794+05:30,152,57.4,0,30,22,7.5,27.1,,
2026-08-23T15:56:43.013997+05:30,173,63.8,0,40,32,7.5,27.1,,
2026-08-23T15:56:50.179152+05:30,179,64.4,0,43,35,7.5,27.1,,
2026-08-23T15:56:57.553074+05:30,186,65.7,0,46,39,7.5,27.2,,
2026-08-23T15:57:04.928874+05:30,192,65.9,1,49,42,7.4,27.3,,
2026-08-23T15:57:12.094049+05:30,197,65.3,2,52,44,7.4,27.3,,
2026-08-23T15:57:19.279390+05:30,225,69.1,8,65,58,7.4,27.3,,
2026-08-23T15:57:26.434031+05:30,245,70.6,12,75,67,7.4,27.4,,
2026-08-23T15:57:33.600915+05:30,259,71.7,15,82,74,7.4,27.4,,
2026-08-23T15:57:40.766044+05:30,273,72.0,18,88,81,7.4,27.4,,
2026-08-23T15:57:47.935938+05:30,287,71.3,21,95,88,7.4,27.4,,
2026-08-23T15:57:55.103297+05:30,302,72.4,24,102,95,7.5,27.5,,
2026-08-23T15:58:02.266608+05:30,313,71.3,26,108,100,7.5,27.5,,
2026-08-23T15:58:09.647229+05:30,321,69.3,28,112,104,7.5,27.5,,
2026-08-23T15:58:17.008390+05:30,330,68.4,30,116,109,7.5,27.6,,
2026-08-23T15:58:24.388538+05:30,342,68.7,32,122,115,7.5,27.6,,
2026-08-23T15:58:31.567176+05:30,348,68.4,34,125,117,7.5,27.6,,
2026-08-23T15:58:38.729349+05:30,366,74.6,37,133,126,7.5,27.6,,
2026-08-23T15:58:45.891712+05:30,391,83.3,43,145,138,7.5,27.6,,
2026-08-23T15:58:53.050391+05:30,401,84.2,45,150,143,7.5,27.7,,
2026-08-23T15:59:00.228811+05:30,411,84.5,47,155,148,7.5,27.7,,
2026-08-23T15:59:07.399827+05:30,419,84.4,49,159,152,7.5,27.7,,
2026-08-23T15:59:14.563762+05:30,425,84.7,50,162,155,7.5,27.7,,
2026-08-23T15:59:21.948586+05:30,432,85.0,51,165,158,7.5,27.8,,
2026-08-23T15:59:29.118576+05:30,437,84.4,52,167,161,7.5,27.8,,
2026-08-23T15:59:36.469586+05:30,443,84.7,54,170,164,7.6,27.8,,
2026-08-23T15:59:43.651564+05:30,448,85.0,55,173,166,7.5,27.8,,
2026-08-23T15:59:50.825943+05:30,449,85.0,55,173,167,7.5,27.8,,
2026-08-23T15:59:57.981495+05:30,449,85.0,55,173,167,7.5,27.8,,
2026-08-23T16:00:05.144206+05:30,452,85.0,55,175,168,7.5,27.8,,
2026-08-23T16:00:12.311429+05:30,450,84.7,55,174,167,7.5,27.8,,
2026-08-23T16:00:19.485149+05:30,449,84.9,55,173,167,7.5,27.8,,
2026-08-23T16:00:26.657493+05:30,449,84.4,55,173,167,7.5,27.8,,
2026-08-23T16:00:34.248768+05:30,448,84.4,55,173,166,7.5,27.8,,
2026-08-23T16:00:41.386521+05:30,454,87.0,56,176,169,7.5,27.8,,
2026-08-23T16:00:48.560818+05:30,471,91.4,59,184,177,7.5,27.8,,
2026-08-23T16:00:55.734379+05:30,475,91.7,60,186,179,7.5,27.8,,
2026-08-23T16:01:02.930935+05:30,478,92.7,61,187,181,7.5,27.9,,
2026-08-23T16:01:10.073807+05:30,488,94.4,63,192,186,7.5,27.9,,
2026-08-23T16:01:17.237976+05:30,489,95.0,63,193,186,7.5,27.9,,
2026-08-23T16:01:24.409276+05:30,491,95.2,64,194,187,7.5,27.9,,
2026-08-23T16:01:31.777102+05:30,491,96.0,64,194,187,7.5,27.9,,
2026-08-23T16:01:38.956498+05:30,493,97.9,64,195,188,7.5,27.9,,
2026-08-23T16:01:46.316500+05:30,494,99.3,64,195,188,7.5,27.9,,
2026-08-23T16:01:53.497862+05:30,494,99.3,64,195,188,7.5,28.0,,
2026-08-23T16:02:00.661956+05:30,494,99.8,64,195,188,7.5,28.0,,
2026-08-23T16:02:07.838000+05:30,492,100.0,64,194,187,7.5,28.0,,
2026-08-23T16:02:15.002644+05:30,491,100.0,64,194,187,7.5,28.0,,
2026-08-23T16:02:22.171603+05:30,491,100.0,64,194,187,7.5,28.0,,
2026-08-23T16:02:29.332608+05:30,489,100.0,63,193,186,7.5,28.0,,
2026-08-23T16:02:36.699253+05:30,488,100.0,63,192,186,7.5,28.0,,
2026-08-23T16:02:43.856167+05:30,488,100.0,63,192,186,7.5,28.0,,
2026-08-23T16:02:51.245756+05:30,488,100.0,63,192,186,7.5,28.0,,
2026-08-23T16:02:58.606420+05:30,486,100.0,62,191,185,7.5,28.0,,
2026-08-23T16:03:05.788092+05:30,485,100.0,62,191,184,7.5,28.0,,
2026-08-23T16:03:12.952956+05:30,486,100.0,62,191,185,7.5,28.0,,
2026-08-23T16:03:20.122015+05:30,485,100.0,62,191,184,7.5,28.1,,
2026-08-23T16:03:27.286053+05:30,486,100.0,62,191,185,7.5,28.0,,
2026-08-23T16:03:34.463023+05:30,486,100.0,62,191,185,7.5,28.1,,
2026-08-23T16:03:41.628006+05:30,485,100.0,62,191,184,7.5,28.0,,
2026-08-23T16:03:48.975081+05:30,487,100.0,63,192,185,7.5,28.1,,
2026-08-23T16:03:56.165396+05:30,487,100.0,63,192,185,7.5,28.1,,
2026-08-23T16:04:03.339471+05:30,487,100.0,63,192,185,7.5,28.1,,
2026-08-23T16:04:10.493138+05:30,487,100.0,63,192,185,7.6,28.1,,
2026-08-23T16:04:17.651678+05:30,489,100.0,63,193,186,7.6,28.1,,
2026-08-23T16:04:24.829382+05:30,489,100.0,63,193,186,7.6,28.1,,
2026-08-23T16:04:32.051055+05:30,488,100.0,63,192,186,7.6,28.1,,
2026-08-23T16:04:39.177922+05:30,489,100.0,63,193,186,7.6,28.1,,
2026-08-23T16:04:46.550177+05:30,489,100.0,63,193,186,7.6,28.1,,
2026-08-23T16:04:53.971713+05:30,488,100.0,63,192,186,7.6,28.1,,
2026-08-23T16:05:01.087163+05:30,487,100.0,63,192,185,7.6,28.1,,
2026-08-23T16:05:08.255063+05:30,488,100.0,63,192,186,7.6,28.1,,
2026-08-23T16:05:15.437805+05:30,488,100.0,63,192,186,7.6,28.1,,
2026-08-23T16:05:22.596235+05:30,488,100.0,63,192,186,7.6,28.1,,
2026-08-23T16:05:29.788487+05:30,488,100.0,63,192,186,7.6,28.1,,
2026-08-23T16:05:36.931879+05:30,489,100.0,63,193,186,7.6,28.1,,
2026-08-23T16:05:44.105435+05:30,488,100.0,63,192,186,7.6,28.1,,
2026-08-23T16:05:51.262255+05:30,487,100.0,63,192,185,7.6,28.0,,
2026-08-23T16:05:58.637120+05:30,488,100.0,63,192,186,7.5,28.1,,
2026-08-23T16:06:05.815113+05:30,488,100.0,63,192,186,7.6,28.0,,
2026-08-23T16:06:12.971639+05:30,489,100.0,63,193,186,7.6,28.1,,
2026-08-23T16:06:20.141507+05:30,488,100.0,63,192,186,7.6,28.0,,
2026-08-23T16:06:27.309971+05:30,488,100.0,63,192,186,7.6,28.1,,
2026-08-23T16:06:34.477424+05:30,489,100.0,63,193,186,7.6,28.0,,
2026-08-23T16:06:41.673451+05:30,489,100.0,63,193,186,7.6,28.0,,
2026-08-23T16:06:48.808144+05:30,492,100.0,64,194,187,7.6,28.0,,
2026-08-23T16:06:55.987234+05:30,491,100.0,64,194,187,7.5,28.0,,
2026-08-23T16:07:03.146026+05:30,490,100.0,63,193,187,7.5,28.0,,
2026-08-23T16:07:10.516985+05:30,491,100.0,64,194,187,7.6,28.0,,
2026-08-23T16:07:17.683635+05:30,492,100.0,64,194,187,7.5,28.0,,
2026-08-23T16:07:24.867485+05:30,492,100.0,64,194,187,7.6,28.0,,
2026-08-23T16:07:32.026602+05:30,493,100.0,64,195,188,7.5,28.0,,
2026-08-23T16:07:39.182339+05:30,492,100.0,64,194,187,7.5,28.0,,
2026-08-23T16:07:46.353724+05:30,494,100.0,64,195,188,7.6,28.0,,
2026-08-23T16:07:53.523554+05:30,493,100.0,64,195,188,7.6,28.0,,
2026-08-23T16:08:00.692266+05:30,493,100.0,64,195,188,7.6,28.0,,
2026-08-23T16:08:07.858672+05:30,492,100.0,64,194,187,7.6,28.0,,
2026-08-23T16:08:15.030807+05:30,494,100.0,64,195,188,7.6,28.0,,
2026-08-23T16:08:22.193873+05:30,493,100.0,64,195,188,7.6,28.0,,
2026-08-23T16:08:29.363599+05:30,494,100.0,64,195,188,7.6,28.0,,
2026-08-23T16:08:36.546642+05:30,494,100.0,64,195,188,7.6,28.0,,
2026-08-23T16:08:43.696111+05:30,494,100.0,64,195,188,7.6,27.9,,
2026-08-23T16:08:50.874883+05:30,496,100.0,65,196,189,7.6,27.9,,
2026-08-23T16:08:58.038087+05:30,496,100.0,65,196,189,7.6,27.9,,
2026-08-23T16:09:05.411642+05:30,496,100.0,65,196,189,7.6,27.9,,
2026-08-23T16:09:12.779865+05:30,494,100.0,64,195,188,7.6,27.9,,
2026-08-23T16:09:20.167592+05:30,496,100.0,65,196,189,7.6,27.9,,
2026-08-23T16:09:27.534025+05:30,496,100.0,65,196,189,7.6,27.9,,
2026-08-23T16:09:34.703434+05:30,496,100.0,65,196,189,7.6,27.9,,
2026-08-23T16:09:41.865702+05:30,497,100.0,65,196,190,7.6,27.9,,
2026-08-23T16:09:49.037750+05:30,497,100.0,65,196,190,7.6,27.9,,
2026-08-23T16:09:56.615933+05:30,497,100.0,65,196,190,7.6,27.9,,
2026-08-23T16:10:03.786256+05:30,498,100.0,65,197,190,7.6,27.9,,
2026-08-23T16:10:11.157487+05:30,497,100.0,65,196,190,7.6,27.9,,
2026-08-23T16:10:18.310028+05:30,497,100.0,65,196,190,7.6,27.9,,
2026-08-23T16:10:25.693108+05:30,497,100.0,65,196,190,7.6,27.9,,
2026-08-23T16:10:32.869375+05:30,497,100.0,65,196,190,7.6,27.9,,
2026-08-23T16:10:40.021570+05:30,499,100.0,65,197,191,7.6,27.9,,
2026-08-23T16:10:47.191980+05:30,498,100.0,65,197,190,7.6,27.9,,
2026-08-23T16:10:54.380292+05:30,498,100.0,65,197,190,7.6,27.9,,
2026-08-23T16:11:01.533092+05:30,499,100.0,65,197,191,7.6,27.9,,
2026-08-23T16:11:08.707018+05:30,498,100.0,65,197,190,7.6,27.9,,
2026-08-23T16:11:15.870911+05:30,498,100.0,65,197,190,7.6,27.9,,
2026-08-23T16:11:23.239566+05:30,498,100.0,65,197,190,7.6,27.9,,
2026-08-23T16:11:30.627285+05:30,497,100.0,65,196,190,7.6,27.9,,
2026-08-23T16:11:37.766970+05:30,497,100.0,65,196,190,7.6,27.8,,
2026-08-23T16:11:44.953683+05:30,502,100.0,66,199,192,7.6,27.9,,
2026-08-23T16:11:52.111998+05:30,499,100.0,65,197,191,7.6,27.9,,
2026-08-23T16:12:02.170567+05:30,498,100.0,65,197,190,7.6,27.8,,
2026-08-23T16:12:09.539304+05:30,502,100.0,66,199,192,7.6,27.8,,
2026-08-23T16:12:16.701043+05:30,499,100.0,65,197,191,7.6,27.9,,
2026-08-23T16:12:24.072775+05:30,501,100.0,66,198,192,7.6,27.8,,
2026-08-23T16:12:31.441583+05:30,501,100.0,66,198,192,7.6,27.8,,
2026-08-23T16:12:38.619553+05:30,501,100.0,66,198,192,7.6,27.8,,
2026-08-23T16:12:45.778322+05:30,501,100.0,66,198,192,7.6,27.8,,
2026-08-23T16:12:53.162021+05:30,501,100.0,66,198,192,7.6,27.8,,
2026-08-23T16:13:00.332807+05:30,502,100.0,66,199,192,7.6,27.8,,
2026-08-23T16:13:07.492485+05:30,499,100.0,65,197,191,7.6,27.8,,
2026-08-23T16:13:14.650911+05:30,502,100.0,66,199,192,7.6,27.8,,
2026-08-23T16:13:21.829573+05:30,503,100.0,66,199,193,7.6,27.8,,
2026-08-23T16:13:29.209474+05:30,501,100.0,66,198,192,7.6,27.8,,
2026-08-23T16:13:36.365298+05:30,503,100.0,66,199,193,7.6,27.8,,
2026-08-23T16:13:43.523421+05:30,502,100.0,66,199,192,7.6,27.8,,
2026-08-23T16:13:50.704446+05:30,505,100.0,66,200,194,7.6,27.8,,
2026-08-23T16:13:57.880130+05:30,501,100.0,66,198,192,7.6,27.8,,
2026-08-23T16:14:05.029133+05:30,507,100.0,67,201,195,7.6,27.8,,
2026-08-23T16:14:12.196619+05:30,505,100.0,66,200,194,7.6,27.8,,
2026-08-23T16:14:19.392635+05:30,505,100.0,66,200,194,7.6,27.8,,
2026-08-23T16:14:26.537909+05:30,513,100.0,68,204,198,7.6,27.8,,
2026-08-23T16:14:33.908083+05:30,502,100.0,66,199,192,7.6,27.8,,
2026-08-23T16:14:41.288852+05:30,503,100.0,66,199,193,7.6,27.8,,
2026-08-23T16:14:48.467392+05:30,502,100.0,66,199,192,7.6,27.8,,
2026-08-23T16:14:55.606673+05:30,506,100.0,67,201,194,7.6,27.8,,
2026-08-23T16:15:02.776227+05:30,505,100.0,66,200,194,7.6,27.8,,
2026-08-23T16:15:09.950568+05:30,506,100.0,67,201,194,7.6,27.8,,
2026-08-23T16:15:17.127487+05:30,503,100.0,66,199,193,7.6,27.8,,
2026-08-23T16:15:24.293012+05:30,505,100.0,66,200,194,7.6,27.8,,
2026-08-23T16:15:31.464635+05:30,506,100.0,67,201,194,7.6,27.8,,
2026-08-23T16:15:38.838186+05:30,501,100.0,66,198,192,7.6,27.8,,
2026-08-23T16:15:46.021669+05:30,507,100.0,67,201,195,7.6,27.8,,
2026-08-23T16:15:53.378014+05:30,507,100.0,67,201,195,7.6,27.8,,
2026-08-23T16:16:00.544458+05:30,503,100.0,66,199,193,7.6,27.8,,
2026-08-23T16:16:07.707955+05:30,506,100.0,67,201,194,7.6,27.8,,
2026-08-23T16:16:14.878255+05:30,506,100.0,67,201,194,7.6,27.8,,
2026-08-23T16:16:22.042913+05:30,507,100.0,67,201,195,7.6,27.8,,
2026-08-23T16:16:29.227521+05:30,509,100.0,67,202,196,7.6,27.8,,
2026-08-23T16:16:36.387562+05:30,509,100.0,67,202,196,7.6,27.8,,
2026-08-23T16:16:43.753216+05:30,501,100.0,66,198,192,7.6,27.8,,
2026-08-23T16:16:51.122192+05:30,509,100.0,67,202,196,7.6,27.8,,
2026-08-23T16:16:58.293816+05:30,502,100.0,66,199,192,7.6,27.8,,
2026-08-23T16:17:05.469759+05:30,507,100.0,67,201,195,7.6,27.8,,
2026-08-23T16:17:12.632236+05:30,505,100.0,66,200,194,7.6,27.8,,
2026-08-23T16:17:19.808605+05:30,505,100.0,66,200,194,7.6,27.8,,
2026-08-23T16:17:26.976433+05:30,512,100.0,68,204,197,7.6,27.8,,
2026-08-23T16:17:34.127489+05:30,513,100.0,68,204,198,7.6,27.8,,
2026-08-23T16:17:41.314680+05:30,512,100.0,68,204,197,7.6,27.8,,
2026-08-23T16:17:48.473964+05:30,509,100.0,67,202,196,7.6,27.8,,
2026-08-23T16:17:55.840787+05:30,509,100.0,67,202,196,7.6,27.8,,
2026-08-23T16:18:03.218527+05:30,510,100.0,68,203,196,7.6,27.8,,
2026-08-23T16:18:10.390203+05:30,516,100.0,69,206,199,7.6,27.8,,
2026-08-23T16:18:17.557889+05:30,510,100.0,68,203,196,7.6,27.8,,
2026-08-23T16:18:24.723488+05:30,507,100.0,67,201,195,7.6,27.8,,
2026-08-23T16:18:31.901597+05:30,510,100.0,68,203,196,7.6,27.8,,
2026-08-23T16:18:39.052804+05:30,512,100.0,68,204,197,7.6,27.8,,
2026-08-23T16:18:46.226385+05:30,513,100.0,68,204,198,7.6,27.8,,
2026-08-23T16:18:53.404045+05:30,512,100.0,68,204,197,7.6,27.8,,
2026-08-23T16:19:00.770246+05:30,512,100.0,68,204,197,7.6,27.8,,
2026-08-23T16:19:07.932261+05:30,512,100.0,68,204,197,7.6,27.8,,
2026-08-23T16:19:15.108567+05:30,512,100.0,68,204,197,7.6,27.8,,
2026-08-23T16:19:22.271311+05:30,512,100.0,68,204,197,7.6,27.8,,
2026-08-23T16:19:29.444772+05:30,513,100.0,68,204,198,7.6,27.7,,
2026-08-23T16:19:36.599375+05:30,509,100.0,67,202,196,7.6,27.8,,
2026-08-23T16:19:43.782455+05:30,512,100.0,68,204,197,7.6,27.7,,
2026-08-23T16:19:50.939054+05:30,513,100.0,68,204,198,7.6,27.8,,
2026-08-23T16:19:58.306577+05:30,514,100.0,68,205,198,7.6,27.8,,
2026-08-23T16:20:05.693027+05:30,512,100.0,68,204,197,7.6,27.8,,
2026-08-23T16:20:12.846658+05:30,513,100.0,68,204,198,7.6,27.8,,
2026-08-23T16:20:20.020323+05:30,513,100.0,68,204,198,7.6,27.8,,
2026-08-23T16:20:27.403205+05:30,513,100.0,68,204,198,7.6,27.8,,
2026-08-23T16:20:34.776903+05:30,513,100.0,68,204,198,7.6,27.7,,
2026-08-23T16:20:41.950724+05:30,514,100.0,68,205,198,7.6,27.8,,
2026-08-23T16:20:49.108573+05:30,514,100.0,68,205,198,7.6,27.7,,
2026-08-23T16:20:56.272826+05:30,513,100.0,68,204,198,7.6,27.8,,
2026-08-23T16:21:03.445426+05:30,513,100.0,68,204,198,7.6,27.8,,
2026-08-23T16:21:10.619142+05:30,514,100.0,68,205,198,7.6,27.8,,
2026-08-23T16:21:17.776585+05:30,518,100.0,69,207,200,7.6,27.8,,
2026-08-23T16:21:24.948277+05:30,518,100.0,69,207,200,7.6,27.7,,
2026-08-23T16:21:32.330316+05:30,516,100.0,69,206,199,7.6,27.7,,
2026-08-23T16:21:39.494719+05:30,512,100.0,68,204,197,7.6,27.7,,
2026-08-23T16:21:46.652088+05:30,516,100.0,69,206,199,7.6,27.7,,
2026-08-23T16:21:53.809270+05:30,516,100.0,69,206,199,7.6,27.7,,
2026-08-23T16:22:00.980750+05:30,517,100.0,69,206,200,7.6,27.7,,
2026-08-23T16:22:08.147103+05:30,516,100.0,69,206,199,7.6,27.8,,
2026-08-23T16:22:15.332075+05:30,514,100.0,68,205,198,7.6,27.7,,
2026-08-23T16:22:22.486599+05:30,517,100.0,69,206,200,7.6,27.8,,
2026-08-23T16:22:29.663555+05:30,517,100.0,69,206,200,7.6,27.8,,
2026-08-23T16:22:37.039208+05:30,518,100.0,69,207,200,7.6,27.7,,
2026-08-23T16:22:44.401701+05:30,518,100.0,69,207,200,7.6,27.7,,
2026-08-23T16:22:51.579226+05:30,518,100.0,69,207,200,7.5,27.7,,
2026-08-23T16:22:58.747505+05:30,518,100.0,69,207,200,7.5,27.7,,
2026-08-23T16:23:05.903833+05:30,520,100.0,70,208,201,7.5,27.7,,
2026-08-23T16:23:13.094330+05:30,518,100.0,69,207,200,7.5,27.7,,
2026-08-23T16:23:20.253604+05:30,517,100.0,69,206,200,7.5,27.7,,
2026-08-23T16:23:27.412610+05:30,520,100.0,70,208,201,7.5,27.7,,
2026-08-23T16:23:34.590330+05:30,521,100.0,70,208,202,7.5,27.7,,
2026-08-23T16:23:42.153893+05:30,520,100.0,70,208,201,7.5,27.7,,
2026-08-23T16:23:49.541465+05:30,520,100.0,70,208,201,7.5,27.7,,
2026-08-23T16:23:56.707284+05:30,520,100.0,70,208,201,7.5,27.7,,
2026-08-23T16:24:03.883655+05:30,518,100.0,69,207,200,7.5,27.7,,
2026-08-23T16:24:11.041716+05:30,518,100.0,69,207,200,7.5,27.7,,
2026-08-23T16:24:18.412822+05:30,522,100.0,70,208,202,7.5,27.7,,
2026-08-23T16:24:25.581025+05:30,518,100.0,69,207,200,7.5,27.7,,
2026-08-23T16:24:32.737243+05:30,520,100.0,70,208,201,7.5,27.7,,
2026-08-23T16:24:39.915406+05:30,520,100.0,70,208,201,7.5,27.7,,
2026-08-23T16:24:47.289231+05:30,520,100.0,70,208,201,7.5,27.7,,
2026-08-23T16:24:54.651869+05:30,520,100.0,70,208,201,7.5,27.7,,
2026-08-23T16:25:01.831283+05:30,521,100.0,70,208,202,7.5,27.7,,
2026-08-23T16:25:09.001551+05:30,524,100.0,70,209,203,7.5,27.7,,
2026-08-23T16:25:16.183776+05:30,520,100.0,70,208,201,7.5,27.7,,
2026-08-23T16:25:23.281106+05:30,521,100.0,70,208,202,7.5,27.7,,
2026-08-23T16:25:30.507700+05:30,521,100.0,70,208,202,7.5,27.7,,
2026-08-23T16:25:37.671854+05:30,521,100.0,70,208,202,7.5,27.7,,
2026-08-23T16:25:44.835719+05:30,521,100.0,70,208,202,7.5,27.7,,
2026-08-23T16:25:52.229249+05:30,521,100.0,70,208,202,7.5,27.7,,
2026-08-23T16:25:59.579996+05:30,522,100.0,70,208,202,7.5,27.7,,
2026-08-23T16:26:06.952529+05:30,521,100.0,70,208,202,7.5,27.7,,
2026-08-23T16:26:14.120768+05:30,521,100.0,70,208,202,7.5,27.7,,
2026-08-23T16:26:21.287751+05:30,522,100.0,70,208,202,7.5,27.7,,
2026-08-23T16:26:28.459659+05:30,521,100.0,70,208,202,7.5,27.7,,
2026-08-23T16:26:35.629251+05:30,520,100.0,70,208,201,7.5,27.7,,
2026-08-23T16:26:42.801128+05:30,521,100.0,70,208,202,7.5,27.7,,
2026-08-23T16:26:49.969901+05:30,520,100.0,70,208,201,7.5,27.7,,
2026-08-23T16:26:57.132947+05:30,521,100.0,70,208,202,7.5,27.7,,
2026-08-23T16:27:04.504822+05:30,520,100.0,70,208,201,7.5,27.7,,
2026-08-23T16:27:11.671110+05:30,522,100.0,70,208,202,7.5,27.7,,
2026-08-23T16:27:18.831643+05:30,520,100.0,70,208,201,7.5,27.7,,
2026-08-23T16:27:26.010217+05:30,522,100.0,70,208,202,7.5,27.7,,
2026-08-23T16:27:33.186259+05:30,522,100.0,70,208,202,7.5,27.7,,
2026-08-23T16:27:40.352246+05:30,522,100.0,70,208,202,7.5,27.7,,
2026-08-23T16:27:47.509088+05:30,520,100.0,70,208,201,7.5,27.7,,
2026-08-23T16:27:54.672242+05:30,522,100.0,70,208,202,7.5,27.7,,
2026-08-23T16:28:01.848102+05:30,524,100.0,70,209,203,7.5,27.6,,
2026-08-23T16:28:09.232208+05:30,524,100.0,70,209,203,7.5,27.6,,
2026-08-23T16:28:16.386433+05:30,521,100.0,70,208,202,7.5,27.6,,
2026-08-23T16:28:23.553891+05:30,521,100.0,70,208,202,7.5,27.6,,
2026-08-23T16:28:30.727228+05:30,520,100.0,70,208,201,7.5,27.6,,
2026-08-23T16:28:37.888253+05:30,521,100.0,70,208,202,7.5,27.6,,
2026-08-23T16:28:45.059042+05:30,522,100.0,70,208,202,7.5,27.6,,
2026-08-23T16:28:52.232281+05:30,522,100.0,70,208,202,7.5,27.6,,
2026-08-23T16:28:59.398208+05:30,522,100.0,70,208,202,7.5,27.6,,
2026-08-23T16:29:06.563460+05:30,520,100.0,70,208,201,7.5,27.6,,
2026-08-23T16:29:13.939722+05:30,521,100.0,70,208,202,7.5,27.6,,
2026-08-23T16:29:21.132962+05:30,521,100.0,70,208,202,7.5,27.6,,
2026-08-23T16:29:28.274570+05:30,518,100.0,69,207,200,7.5,27.6,,
2026-08-23T16:29:35.434064+05:30,522,100.0,70,208,202,7.5,27.6,,
2026-08-23T16:29:42.610344+05:30,521,100.0,70,208,202,7.5,27.6,,
2026-08-23T16:29:49.769196+05:30,525,100.0,71,210,204,7.5,27.6,,
2026-08-23T16:29:56.943960+05:30,522,100.0,70,208,202,7.5,27.5,,
2026-08-23T16:30:04.114432+05:30,522,100.0,70,208,202,7.5,27.5,,
2026-08-23T16:30:11.297155+05:30,521,100.0,70,208,202,7.5,27.5,,
2026-08-23T16:30:18.651123+05:30,521,100.0,70,208,202,7.5,27.5,,
2026-08-23T16:30:26.025138+05:30,520,100.0,70,208,201,7.5,27.5,,
2026-08-23T16:30:33.406542+05:30,524,100.0,70,209,203,7.5,27.5,,
2026-08-23T16:30:40.569940+05:30,517,100.0,69,206,200,7.5,27.5,,
2026-08-23T16:30:47.738128+05:30,524,100.0,70,209,203,7.5,27.5,,
2026-08-23T16:30:54.896327+05:30,517,100.0,69,206,200,7.5,27.5,,
2026-08-23T16:31:02.068436+05:30,520,100.0,70,208,201,7.5,27.5,,
2026-08-23T16:31:09.228339+05:30,522,100.0,70,208,202,7.5,27.5,,
2026-08-23T16:31:16.409687+05:30,521,100.0,70,208,202,7.5,27.4,,
2026-08-23T16:31:23.776339+05:30,521,100.0,70,208,202,7.5,27.5,,
2026-08-23T16:31:31.156971+05:30,521,100.0,70,208,202,7.5,27.4,,
2026-08-23T16:31:38.313697+05:30,521,100.0,70,208,202,7.5,27.4,,
2026-08-23T16:31:45.498339+05:30,521,100.0,70,208,202,7.5,27.4,,
2026-08-23T16:31:52.656528+05:30,522,100.0,70,208,202,7.5,27.4,,
2026-08-23T16:31:59.830590+05:30,521,100.0,70,208,202,7.5,27.4,,
2026-08-23T16:32:06.995674+05:30,521,100.0,70,208,202,7.5,27.4,,
2026-08-23T16:32:14.166361+05:30,517,100.0,69,206,200,7.5,27.4,,
2026-08-23T16:32:21.337014+05:30,524,100.0,70,209,203,7.5,27.4,,
2026-08-23T16:32:28.695559+05:30,520,100.0,70,208,201,7.5,27.4,,
2026-08-23T16:32:36.084426+05:30,521,100.0,70,208,202,7.5,27.4,,
2026-08-23T16:32:43.442797+05:30,518,100.0,69,207,200,7.5,27.4,,
2026-08-23T16:32:50.615536+05:30,520,100.0,70,208,201,7.5,27.4,,
2026-08-23T16:32:57.782276+05:30,518,100.0,69,207,200,7.5,27.3,,
2026-08-23T16:33:04.946411+05:30,520,100.0,70,208,201,7.4,27.4,,
2026-08-23T16:33:12.126069+05:30,520,100.0,70,208,201,7.4,27.3,,
2026-08-23T16:33:19.289035+05:30,518,100.0,69,207,200,7.4,27.3,,
2026-08-23T16:33:26.459440+05:30,522,100.0,70,208,202,7.4,27.3,,
2026-08-23T16:33:33.635624+05:30,520,100.0,70,208,201,7.4,27.3,,
2026-08-23T16:33:40.793661+05:30,518,100.0,69,207,200,7.4,27.3,,
2026-08-23T16:33:48.170093+05:30,525,100.0,71,210,204,7.4,27.3,,
2026-08-23T16:33:55.316859+05:30,520,100.0,70,208,201,7.4,27.2,,
2026-08-23T16:34:02.505929+05:30,516,100.0,69,206,199,7.4,27.3,,
2026-08-23T16:34:09.668252+05:30,521,100.0,70,208,202,7.4,27.2,,
2026-08-23T16:34:16.843424+05:30,517,100.0,69,206,200,7.4,27.2,,
2026-08-23T16:34:24.000146+05:30,518,100.0,69,207,200,7.4,27.2,,
2026-08-23T16:34:31.180010+05:30,520,100.0,70,208,201,7.4,27.1,,
2026-08-23T16:34:38.536807+05:30,520,100.0,70,208,201,7.4,27.1,,
2026-08-23T16:34:45.919777+05:30,516,100.0,69,206,199,7.4,27.1,,
2026-08-23T16:34:53.096893+05:30,517,100.0,69,206,200,7.4,27.1,,
2026-08-23T16:35:00.255450+05:30,520,100.0,70,208,201,7.4,27.1,,
2026-08-23T16:35:07.435363+05:30,518,100.0,69,207,200,7.4,27.1,,
2026-08-23T16:35:14.584869+05:30,518,100.0,69,207,200,7.4,27.1,,
2026-08-23T16:35:21.765456+05:30,518,100.0,69,207,200,7.4,27.1,,
2026-08-23T16:35:29.131406+05:30,520,100.0,70,208,201,7.4,27.1,,
2026-08-23T16:35:36.307265+05:30,520,100.0,70,208,201,7.4,27.0,,
2026-08-23T16:35:43.460300+05:30,520,100.0,70,208,201,7.4,27.0,,
2026-08-23T16:35:50.633316+05:30,517,100.0,69,206,200,7.4,27.0,,
2026-08-23T16:35:57.812121+05:30,517,100.0,69,206,200,7.4,27.0,,
2026-08-23T16:36:04.969417+05:30,517,100.0,69,206,200,7.4,27.0,,
2026-08-23T16:36:12.159377+05:30,517,100.0,69,206,200,7.4,27.0,,
2026-08-23T16:36:19.297211+05:30,518,100.0,69,207,200,7.4,27.0,,
2026-08-23T16:36:26.672427+05:30,518,100.0,69,207,200,7.4,27.0,,
2026-08-23T16:36:33.847922+05:30,516,100.0,69,206,199,7.4,27.0,,
2026-08-23T16:36:41.012230+05:30,518,100.0,69,207,200,7.4,27.0,,
2026-08-23T16:36:48.386438+05:30,517,100.0,69,206,200,7.4,27.0,,
2026-08-23T16:36:55.552978+05:30,517,100.0,69,206,200,7.4,26.9,,
2026-08-23T16:37:02.725338+05:30,517,100.0,69,206,200,7.4,26.9,,
2026-08-23T16:37:09.879347+05:30,514,100.0,68,205,198,7.4,26.9,,
2026-08-23T16:37:17.056899+05:30,517,100.0,69,206,200,7.4,26.9,,
2026-08-23T16:37:24.026589+05:30,521,100.0,70,208,202,7.4,26.9,,
2026-08-23T16:37:31.199907+05:30,516,100.0,69,206,199,7.4,26.9,,
2026-08-23T16:37:38.564054+05:30,516,100.0,69,206,199,7.4,26.9,,
2026-08-23T16:37:45.947502+05:30,516,100.0,69,206,199,7.4,26.9,,
2026-08-23T16:37:53.110702+05:30,517,100.0,69,206,200,7.4,26.9,,
2026-08-23T16:38:00.280217+05:30,522,100.0,70,208,202,7.4,26.8,,
2026-08-23T16:38:07.444072+05:30,514,100.0,68,205,198,7.4,26.8,,
2026-08-23T16:38:14.619838+05:30,516,100.0,69,206,199,7.4,26.8,,
2026-08-23T16:38:21.769799+05:30,513,100.0,68,204,198,7.4,26.8,,
2026-08-23T16:38:28.935976+05:30,513,100.0,68,204,198,7.4,26.8,,
2026-08-23T16:38:36.320422+05:30,517,100.0,69,206,200,7.4,26.8,,
2026-08-23T16:38:43.697670+05:30,514,100.0,68,205,198,7.4,26.8,,
2026-08-23T16:38:50.872715+05:30,512,100.0,68,204,197,7.4,26.8,,
2026-08-23T16:38:58.024106+05:30,520,100.0,70,208,201,7.4,26.8,,
2026-08-23T16:39:05.194892+05:30,514,100.0,68,205,198,7.4,26.8,,
2026-08-23T16:39:12.363583+05:30,516,100.0,69,206,199,7.4,26.8,,
2026-08-23T16:39:19.518194+05:30,510,100.0,68,203,196,7.4,26.7,,
2026-08-23T16:39:26.695210+05:30,520,100.0,70,208,201,7.4,26.7,,
2026-08-23T16:39:33.871185+05:30,516,100.0,69,206,199,7.4,26.7,,
2026-08-23T16:39:41.241830+05:30,517,100.0,69,206,200,7.4,26.7,,
2026-08-23T16:39:48.402565+05:30,516,100.0,69,206,199,7.4,26.7,,
2026-08-23T16:39:55.580058+05:30,516,100.0,69,206,199,7.4,26.7,,
2026-08-23T16:40:02.737987+05:30,516,100.0,69,206,199,7.4,26.7,,
2026-08-23T16:40:09.906872+05:30,516,100.0,69,206,199,7.4,26.7,,
2026-08-23T16:40:17.069734+05:30,516,100.0,69,206,199,7.4,26.7,,
2026-08-23T16:40:24.034421+05:30,516,100.0,69,206,199,7.4,26.7,,
2026-08-23T16:40:31.212028+05:30,516,100.0,69,206,199,7.4,26.7,,
2026-08-23T16:40:38.579343+05:30,516,100.0,69,206,199,7.4,26.6,,
2026-08-23T16:40:45.748770+05:30,516,100.0,69,206,199,7.4,26.7,,
2026-08-23T16:40:52.916620+05:30,521,100.0,70,208,202,7.4,26.6,,
2026-08-23T16:41:00.095622+05:30,518,100.0,69,207,200,7.4,26.6,,
2026-08-23T16:41:07.280742+05:30,509,100.0,67,202,196,7.4,26.6,,
2026-08-23T16:41:14.451681+05:30,516,100.0,69,206,199,7.4,26.6,,
2026-08-23T16:41:21.599866+05:30,513,100.0,68,204,198,7.4,26.6,,
2026-08-23T16:41:28.758280+05:30,510,100.0,68,203,196,7.4,26.6,,
2026-08-23T16:41:35.962776+05:30,513,100.0,68,204,198,7.4,26.6,,
2026-08-23T16:41:43.084108+05:30,516,100.0,69,206,199,7.4,26.6,,
2026-08-23T16:41:50.278974+05:30,516,100.0,69,206,199,7.4,26.6,,
2026-08-23T16:41:57.424611+05:30,513,100.0,68,204,198,7.4,26.6,,
2026-08-23T16:42:04.802659+05:30,514,100.0,68,205,198,7.4,26.5,,
2026-08-23T16:42:11.980595+05:30,514,100.0,68,205,198,7.4,26.5,,
2026-08-23T16:42:19.123148+05:30,513,100.0,68,204,198,7.4,26.5,,
2026-08-23T16:42:26.936488+05:30,514,100.0,68,205,198,7.4,26.5,,
2026-08-23T16:42:34.081062+05:30,509,100.0,67,202,196,7.4,26.5,,
2026-08-23T16:42:41.289098+05:30,514,100.0,68,205,198,7.4,26.5,,
2026-08-23T16:42:48.526380+05:30,512,100.0,68,204,197,7.3,26.5,,
2026-08-23T16:42:55.707404+05:30,513,100.0,68,204,198,7.3,26.5,,
2026-08-23T16:43:03.073510+05:30,512,100.0,68,204,197,7.3,26.5,,
2026-08-23T16:43:10.458517+05:30,514,100.0,68,205,198,7.3,26.5,,
2026-08-23T16:43:17.811841+05:30,517,100.0,69,206,200,7.3,26.4,,
2026-08-23T16:43:24.977206+05:30,513,100.0,68,204,198,7.3,26.4,,
2026-08-23T16:43:32.137503+05:30,513,100.0,68,204,198,7.3,26.4,,
2026-08-23T16:43:39.311823+05:30,514,100.0,68,205,198,7.3,26.4,,
2026-08-23T16:43:46.486784+05:30,514,100.0,68,205,198,7.3,26.4,,
2026-08-23T16:43:53.646492+05:30,513,100.0,68,204,198,7.3,26.4,,
2026-08-23T16:44:00.839015+05:30,514,100.0,68,205,198,7.3,26.4,,
2026-08-23T16:44:08.050710+05:30,512,100.0,68,204,197,7.3,26.4,,
2026-08-23T16:44:15.365731+05:30,512,100.0,68,204,197,7.3,26.4,,
2026-08-23T16:44:22.523540+05:30,513,100.0,68,204,198,7.3,26.4,,
2026-08-23T16:44:29.910493+05:30,514,100.0,68,205,198,7.3,26.4,,
2026-08-23T16:44:37.077556+05:30,516,100.0,69,206,199,7.3,26.4,,
2026-08-23T16:44:44.241484+05:30,512,100.0,68,204,197,7.3,26.4,,
2026-08-23T16:44:51.412383+05:30,513,100.0,68,204,198,7.3,26.4,,
2026-08-23T16:44:58.568686+05:30,514,100.0,68,205,198,7.3,26.3,,
2026-08-23T16:45:05.750070+05:30,513,100.0,68,204,198,7.3,26.3,,
2026-08-23T16:45:12.907813+05:30,516,100.0,69,206,199,7.3,26.3,,
2026-08-23T16:45:20.083056+05:30,513,100.0,68,204,198,7.3,26.3,,
2026-08-23T16:45:27.449176+05:30,513,100.0,68,204,198,7.3,26.3,,
2026-08-23T16:45:34.832878+05:30,514,100.0,68,205,198,7.3,26.3,,
2026-08-23T16:45:41.987611+05:30,512,100.0,68,204,197,7.3,26.3,,
2026-08-23T16:45:49.169706+05:30,513,100.0,68,204,198,7.3,26.3,,
2026-08-23T16:45:56.325804+05:30,517,100.0,69,206,200,7.3,26.3,,
2026-08-23T16:46:03.490581+05:30,509,100.0,67,202,196,7.3,26.3,,
2026-08-23T16:46:13.551867+05:30,512,100.0,68,204,197,7.3,26.3,,
2026-08-23T16:46:20.726326+05:30,513,100.0,68,204,198,7.3,26.3,,
2026-08-23T16:46:28.481859+05:30,513,100.0,68,204,198,7.3,26.3,,
2026-08-23T16:46:35.855114+05:30,513,100.0,68,204,198,7.3,26.2,,
2026-08-23T16:46:43.232538+05:30,514,100.0,68,205,198,7.3,26.2,,
2026-08-23T16:46:50.409887+05:30,512,100.0,68,204,197,7.3,26.2,,
2026-08-23T16:46:57.571021+05:30,512,100.0,68,204,197,7.3,26.2,,
2026-08-23T16:47:04.747981+05:30,512,100.0,68,204,197,7.3,26.2,,
2026-08-23T16:47:11.905943+05:30,510,100.0,68,203,196,7.3,26.2,,
2026-08-23T16:47:19.064628+05:30,512,100.0,68,204,197,7.3,26.2,,
2026-08-23T16:47:26.230121+05:30,513,100.0,68,204,198,7.3,26.2,,
2026-08-23T16:47:33.401854+05:30,512,100.0,68,204,197,7.3,26.2,,
2026-08-23T16:47:40.569659+05:30,513,100.0,68,204,198,7.3,26.2,,
2026-08-23T16:47:47.771608+05:30,512,100.0,68,204,197,7.3,26.2,,
2026-08-23T16:47:54.916326+05:30,507,100.0,67,201,195,7.3,26.2,,
2026-08-23T16:48:02.061114+05:30,513,100.0,68,204,198,7.3,26.2,,
2026-08-23T16:48:09.254340+05:30,517,100.0,69,206,200,7.3,26.2,,
2026-08-23T16:48:16.397654+05:30,510,100.0,68,203,196,7.3,26.1,,
2026-08-23T16:48:23.599017+05:30,513,100.0,68,204,198,7.3,26.2,,
2026-08-23T16:48:30.757527+05:30,510,100.0,68,203,196,7.3,26.1,,
2026-08-23T16:48:37.908626+05:30,513,100.0,68,204,198,7.3,26.1,,
2026-08-23T16:48:45.087714+05:30,513,100.0,68,204,198,7.3,26.1,,
2026-08-23T16:48:52.259245+05:30,512,100.0,68,204,197,7.3,26.1,,
2026-08-23T16:48:59.437671+05:30,516,100.0,69,206,199,7.3,26.1,,
2026-08-23T16:49:06.626597+05:30,513,100.0,68,204,198,7.3,26.1,,
2026-08-23T16:49:13.756274+05:30,512,100.0,68,204,197,7.3,26.1,,
2026-08-23T16:49:20.938468+05:30,512,100.0,68,204,197,7.3,26.1,,
2026-08-23T16:49:28.083503+05:30,510,100.0,68,203,196,7.3,26.1,,
2026-08-23T16:49:35.267927+05:30,507,100.0,67,201,195,7.3,26.1,,
2026-08-23T16:49:42.413127+05:30,512,100.0,68,204,197,7.3,26.0,,
2026-08-23T16:49:49.596257+05:30,510,100.0,68,203,196,7.3,26.0,,
2026-08-23T16:49:56.957650+05:30,510,100.0,68,203,196,7.3,26.0,,
2026-08-23T16:50:04.117891+05:30,512,100.0,68,204,197,7.3,26.0,,
2026-08-23T16:50:11.305633+05:30,512,100.0,68,204,197,7.3,26.0,,
2026-08-23T16:50:18.466289+05:30,512,100.0,68,204,197,7.3,26.0,,
2026-08-23T16:50:25.655771+05:30,512,100.0,68,204,197,7.3,26.0,,
2026-08-23T16:50:32.819951+05:30,509,100.0,67,202,196,7.3,26.0,,
2026-08-23T16:50:39.973256+05:30,510,100.0,68,203,196,7.3,26.0,,
2026-08-23T16:50:47.131027+05:30,516,100.0,69,206,199,7.3,26.0,,
2026-08-23T16:50:54.727036+05:30,510,100.0,68,203,196,7.3,26.0,,
2026-08-23T16:51:01.899329+05:30,509,100.0,67,202,196,7.3,25.9,,
2026-08-23T16:51:09.070329+05:30,510,100.0,68,203,196,7.3,26.0,,
2026-08-23T16:51:16.226352+05:30,510,100.0,68,203,196,7.3,26.0,,
2026-08-23T16:51:23.394459+05:30,512,100.0,68,204,197,7.3,25.9,,
2026-08-23T16:51:30.555346+05:30,510,100.0,68,203,196,7.3,25.9,,
2026-08-23T16:51:37.728875+05:30,516,100.0,69,206,199,7.3,25.9,,
2026-08-23T16:51:44.895962+05:30,507,100.0,67,201,195,7.3,25.9,,
2026-08-23T16:51:52.069789+05:30,513,100.0,68,204,198,7.3,25.9,,
2026-08-23T16:51:59.440884+05:30,513,100.0,68,204,198,7.3,25.9,,
2026-08-23T16:52:06.802340+05:30,510,100.0,68,203,196,7.3,25.9,,
2026-08-23T16:52:13.997444+05:30,509,100.0,67,202,196,7.3,25.9,,
2026-08-23T16:52:21.143384+05:30,512,100.0,68,204,197,7.3,25.9,,
2026-08-23T16:52:28.310604+05:30,513,100.0,68,204,198,7.3,25.9,,
2026-08-23T16:52:35.465246+05:30,510,100.0,68,203,196,7.3,25.9,,
2026-08-23T16:52:42.645800+05:30,514,100.0,68,205,198,7.3,25.9,,
2026-08-23T16:52:49.857841+05:30,510,100.0,68,203,196,7.3,25.9,,
2026-08-23T16:52:56.981986+05:30,510,100.0,68,203,196,7.3,25.9,,
2026-08-23T16:53:04.160329+05:30,509,100.0,67,202,196,7.3,25.9,,
2026-08-23T16:53:11.322906+05:30,509,100.0,67,202,196,7.3,25.9,,
2026-08-23T16:53:18.487358+05:30,510,100.0,68,203,196,7.3,25.8,,
2026-08-23T16:53:25.673750+05:30,513,100.0,68,204,198,7.3,25.8,,
2026-08-23T16:53:32.819068+05:30,509,100.0,67,202,196,7.3,25.8,,
2026-08-23T16:53:40.014407+05:30,510,100.0,68,203,196,7.3,25.8,,
2026-08-23T16:53:47.159349+05:30,512,100.0,68,204,197,7.3,25.8,,
2026-08-23T16:53:54.317127+05:30,510,100.0,68,203,196,7.3,25.8,,
2026-08-23T16:54:01.516343+05:30,509,100.0,67,202,196,7.3,25.8,,
2026-08-23T16:54:08.663036+05:30,512,100.0,68,204,197,7.3,25.8,,
2026-08-23T16:54:15.839486+05:30,509,100.0,67,202,196,7.3,25.8,,
2026-08-23T16:54:23.004341+05:30,514,100.0,68,205,198,7.3,25.8,,
2026-08-23T16:54:30.171142+05:30,510,100.0,68,203,196,7.3,25.8,,
2026-08-23T16:54:37.350334+05:30,512,100.0,68,204,197,7.3,25.8,,
2026-08-23T16:54:44.502951+05:30,510,100.0,68,203,196,7.3,25.8,,
2026-08-23T16:54:51.873436+05:30,507,100.0,67,201,195,7.3,25.7,,
2026-08-23T16:54:59.051654+05:30,510,100.0,68,203,196,7.3,25.7,,
2026-08-23T16:55:06.233060+05:30,510,100.0,68,203,196,7.3,25.7,,
2026-08-23T16:55:13.373706+05:30,509,100.0,67,202,196,7.3,25.7,,
2026-08-23T16:55:20.554097+05:30,512,100.0,68,204,197,7.3,25.7,,
2026-08-23T16:55:27.712397+05:30,510,100.0,68,203,196,7.3,25.7,,
2026-08-23T16:55:34.893445+05:30,512,100.0,68,204,197,7.3,25.7,,
2026-08-23T16:55:42.067345+05:30,507,100.0,67,201,195,7.3,25.7,,
2026-08-23T16:55:49.228874+05:30,509,100.0,67,202,196,7.3,25.7,,
2026-08-23T16:55:56.402309+05:30,507,100.0,67,201,195,7.3,25.7,,
2026-08-23T16:56:03.566459+05:30,509,100.0,67,202,196,7.3,25.7,,
2026-08-23T16:56:10.728613+05:30,510,100.0,68,203,196,7.3,25.7,,
2026-08-23T16:56:17.901243+05:30,510,100.0,68,203,196,7.3,25.7,,
2026-08-23T16:56:25.260858+05:30,509,100.0,67,202,196,7.3,25.7,,
2026-08-23T16:56:32.423180+05:30,509,100.0,67,202,196,7.3,25.7,,
2026-08-23T16:56:39.794612+05:30,506,100.0,67,201,194,7.2,25.7,,
2026-08-23T16:56:46.975429+05:30,505,100.0,66,200,194,7.2,25.6,,
2026-08-23T16:56:54.142507+05:30,507,100.0,67,201,195,7.2,25.7,,
2026-08-23T16:57:01.320709+05:30,509,100.0,67,202,196,7.2,25.7,,
2026-08-23T16:57:08.477692+05:30,510,100.0,68,203,196,7.2,25.6,,
2026-08-23T16:57:15.636464+05:30,509,100.0,67,202,196,7.2,25.6,,
2026-08-23T16:57:22.805800+05:30,507,100.0,67,201,195,7.2,25.6,,
2026-08-23T16:57:29.988736+05:30,510,100.0,68,203,196,7.2,25.6,,
2026-08-23T16:57:37.144563+05:30,509,100.0,67,202,196,7.2,25.6,,
2026-08-23T16:57:44.318220+05:30,509,100.0,67,202,196,7.2,25.6,,
2026-08-23T16:57:51.499085+05:30,509,100.0,67,202,196,7.2,25.6,,
2026-08-23T16:57:58.649914+05:30,509,100.0,67,202,196,7.2,25.6,,
2026-08-23T16:58:05.822422+05:30,510,100.0,68,203,196,7.2,25.6,,
2026-08-23T16:58:13.004235+05:30,505,100.0,66,200,194,7.2,25.6,,
2026-08-23T16:58:20.178318+05:30,509,100.0,67,202,196,7.2,25.6,,
2026-08-23T16:58:27.326210+05:30,510,100.0,68,203,196,7.2,25.6,,
2026-08-23T16:58:34.479846+05:30,509,100.0,67,202,196,7.2,25.6,,
2026-08-23T16:58:41.663077+05:30,512,100.0,68,204,197,7.2,25.6,,
2026-08-23T16:58:48.839652+05:30,506,100.0,67,201,194,7.2,25.6,,
2026-08-23T16:58:55.996198+05:30,509,100.0,67,202,196,7.2,25.5,,
2026-08-23T16:59:03.158082+05:30,510,100.0,68,203,196,7.2,25.6,,
2026-08-23T16:59:10.342674+05:30,513,100.0,68,204,198,7.2,25.5,,
2026-08-23T16:59:17.706993+05:30,510,100.0,68,203,196,7.2,25.5,,
2026-08-23T16:59:25.081805+05:30,505,100.0,66,200,194,7.2,25.5,,
2026-08-23T16:59:32.253093+05:30,509,100.0,67,202,196,7.2,25.5,,
2026-08-23T16:59:39.429172+05:30,512,100.0,68,204,197,7.2,25.5,,
2026-08-23T16:59:46.603747+05:30,509,100.0,67,202,196,7.2,25.5,,
2026-08-23T16:59:53.761502+05:30,509,100.0,67,202,196,7.2,25.5,,
2026-08-23T17:00:00.941333+05:30,509,100.0,67,202,196,7.2,25.5,,
2026-08-23T17:00:08.087981+05:30,509,100.0,67,202,196,7.2,25.5,,
2026-08-23T17:00:15.280922+05:30,510,100.0,68,203,196,7.2,25.5,,
2026-08-23T17:00:22.429586+05:30,507,100.0,67,201,195,7.2,25.5,,
2026-08-23T17:00:29.795885+05:30,505,100.0,66,200,194,7.2,25.5,,
2026-08-23T17:00:37.174544+05:30,507,100.0,67,201,195,7.2,25.5,,
2026-08-23T17:00:44.545881+05:30,509,100.0,67,202,196,7.2,25.5,,
2026-08-23T17:00:51.732770+05:30,509,100.0,67,202,196,7.2,25.5,,
2026-08-23T17:00:58.899174+05:30,509,100.0,67,202,196,7.2,25.5,,
2026-08-23T17:01:06.039277+05:30,507,100.0,67,201,195,7.2,25.5,,
2026-08-23T17:01:13.199562+05:30,512,100.0,68,204,197,7.2,25.5,,
2026-08-23T17:01:20.382820+05:30,513,100.0,68,204,198,7.2,25.5,,
2026-08-23T17:01:27.551696+05:30,509,100.0,67,202,196,7.2,25.4,,
2026-08-23T17:01:34.716752+05:30,510,100.0,68,203,196,7.2,25.4,,
2026-08-23T17:01:41.890233+05:30,510,100.0,68,203,196,7.2,25.4,,
2026-08-23T23:46:56.131070+05:30,0,2.1,0,0,0,0.0,29.7,,
2026-08-23T23:47:03.512964+05:30,0,2.2,0,0,0,0.0,29.6,,
2026-08-23T23:47:10.896205+05:30,0,2.1,0,0,0,0.0,29.6,,
2026-08-23T23:47:18.449959+05:30,0,2.2,0,0,0,0.0,29.5,,
2026-08-23T23:47:25.617910+05:30,0,2.1,0,0,0,0.0,29.5,,
2026-08-23T23:48:31.965431+05:30,0,2.2,0,0,0,0.0,29.0,,
2026-08-23T23:48:39.362375+05:30,0,2.2,0,0,0,0.0,29.0,,
2026-08-23T23:48:46.512152+05:30,0,68.4,0,0,0,0.0,28.9,,
2026-08-23T23:48:53.684873+05:30,0,75.7,0,0,0,0.0,26.6,,
2026-08-23T23:49:04.545443+05:30,0,76.8,0,0,0,0.0,26.0,,
2026-08-23T23:49:11.907833+05:30,0,77.1,0,0,0,0.0,25.8,,
2026-08-23T23:49:19.479310+05:30,467,76.8,270,10,88,7.0,26.0,,
2026-08-23T23:49:26.860612+05:30,470,77.1,268,10,86,7.0,25.8,,
2026-08-23T23:49:34.246185+05:30,471,77.5,266,10,87,6.8,25.8,,
2026-08-23T23:49:41.384900+05:30,473,77.8,263,10,86,6.6,25.7,,
2026-08-23T23:49:48.572678+05:30,473,77.8,263,10,86,6.6,25.7,,
2026-08-23T23:49:56.140281+05:30,473,78.2,262,10,86,6.5,25.7,,
2026-08-23T23:50:03.533532+05:30,473,78.6,261,11,86,6.5,25.7,,
2026-08-23T23:50:10.872559+05:30,473,78.6,261,11,86,6.5,25.7,,
2026-08-23T23:50:18.046203+05:30,472,79.3,260,11,86,6.5,25.7,,
2026-08-23T23:50:25.440107+05:30,472,79.7,256,12,85,6.5,25.7,,
2026-08-23T23:50:32.800585+05:30,472,80.0,255,12,85,6.5,25.7,,
2026-08-23T23:50:39.960273+05:30,472,80.0,258,11,86,6.5,25.7,,
2026-08-23T23:50:47.353179+05:30,471,80.4,257,11,85,6.5,25.7,,
2026-08-23T23:50:54.517537+05:30,471,80.4,255,12,85,6.5,25.7,,
2026-08-23T23:51:01.889500+05:30,471,80.8,254,12,84,6.5,25.7,,
2026-08-23T23:51:09.258820+05:30,471,80.8,257,11,85,6.5,25.7,,
2026-08-23T23:51:16.845226+05:30,469,80.8,257,11,86,6.5,25.8,,
2026-08-23T23:51:24.213470+05:30,469,80.8,257,11,86,6.5,25.8,,
2026-08-23T23:51:31.590187+05:30,469,80.8,257,11,86,6.5,25.8,,
2026-08-23T23:51:38.744228+05:30,468,81.1,257,11,86,6.6,25.8,,
2026-08-23T23:51:46.129661+05:30,468,81.5,256,11,85,6.6,25.8,,
2026-08-23T23:51:53.493038+05:30,468,81.5,256,11,85,6.6,25.8,,
2026-08-23T23:52:00.877296+05:30,468,81.8,256,11,85,6.6,25.8,,
2026-08-23T23:52:08.233877+05:30,468,81.8,256,11,85,6.6,25.8,,
2026-08-23T23:52:15.402557+05:30,467,81.8,257,11,85,6.7,25.8,,
2026-08-23T23:52:22.766338+05:30,467,81.8,257,11,85,6.7,25.8,,
2026-08-23T23:52:29.936529+05:30,467,81.8,257,11,85,6.7,25.8,,
2026-08-23T23:52:37.114249+05:30,467,81.8,257,11,85,6.7,25.8,,
2026-08-23T23:52:44.712229+05:30,466,81.8,257,11,86,6.7,25.9,,
2026-08-23T23:52:51.866774+05:30,465,81.8,258,11,85,6.8,25.9,,
2026-08-23T23:52:59.043575+05:30,465,81.8,258,11,85,6.8,25.9,,
2026-08-23T23:53:06.614337+05:30,465,81.8,258,11,86,6.8,25.9,,
2026-08-23T23:53:13.984757+05:30,465,81.8,258,11,86,6.8,25.9,,
2026-08-23T23:53:21.139781+05:30,465,81.8,258,11,86,6.8,25.9,,
2026-08-23T23:53:28.317519+05:30,464,81.8,259,11,85,6.9,25.9,,
2026-08-23T23:53:35.902459+05:30,464,81.8,259,11,85,6.9,25.9,,
2026-08-23T23:53:43.253062+05:30,464,81.8,259,11,85,6.9,25.9,,
2026-08-23T23:53:50.425241+05:30,464,82.2,258,11,85,6.9,25.9,,
2026-08-23T23:53:57.813807+05:30,464,82.2,258,11,85,6.9,25.9,,
2026-08-23T23:54:05.188751+05:30,463,82.2,259,11,85,7.0,25.9,,
2026-08-23T23:54:12.553013+05:30,463,82.2,259,11,85,7.0,25.9,,
2026-08-23T23:54:20.132026+05:30,463,82.2,259,11,85,7.0,25.9,,
2026-08-23T23:54:27.500630+05:30,463,82.2,259,11,85,7.0,25.9,,
2026-08-23T23:54:34.879943+05:30,463,82.2,259,11,85,7.0,25.9,,
2026-08-23T23:54:42.248580+05:30,462,82.2,259,11,86,7.0,26.0,,
2026-08-23T23:54:49.661147+05:30,461,82.2,260,11,85,7.1,26.0,,
2026-08-23T23:54:56.785297+05:30,461,82.2,260,11,85,7.1,26.0,,
2026-08-23T23:55:03.954506+05:30,461,82.2,260,11,85,7.1,26.0,,
2026-08-23T23:55:11.125016+05:30,0,2.4,0,0,0,0.0,25.6,,
2026-08-23T23:55:18.494534+05:30,0,2.5,0,0,0,0.0,25.0,,
2026-08-23T23:55:25.873176+05:30,0,2.5,0,0,0,0.0,24.7,,
2026-08-23T23:55:33.042861+05:30,0,2.4,0,0,0,0.0,24.7,,
2026-08-23T23:55:40.827381+05:30,0,2.5,0,0,0,0.0,24.8,,
2026-08-23T23:55:48.210725+05:30,0,2.5,0,0,0,0.0,24.9,,
2026-08-23T23:55:55.574137+05:30,0,2.5,0,0,0,0.0,25.0,,
2026-08-23T23:56:02.730855+05:30,0,2.5,0,0,0,0.0,25.2,,
2026-08-23T23:56:09.919869+05:30,0,2.5,0,0,0,0.0,25.3,,
2026-08-23T23:56:17.264807+05:30,0,2.5,0,0,0,0.0,25.4,,
2026-08-23T23:56:24.853114+05:30,0,65.7,0,0,0,0.0,25.7,,
2026-08-23T23:56:32.212494+05:30,0,66.3,0,0,0,0.0,25.9,,
2026-08-23T23:56:39.389815+05:30,0,66.7,0,0,0,0.0,26.0,,
2026-08-23T23:56:46.549605+05:30,0,67.0,0,0,0,0.0,26.0,,
2026-08-23T23:56:54.130616+05:30,466,66.7,308,5,101,7.3,26.0,,
2026-08-23T23:57:01.498423+05:30,466,67.0,305,6,101,7.2,26.0,,
2026-08-23T23:57:08.898249+05:30,466,67.2,306,5,102,7.2,26.0,,
2026-08-23T23:57:16.474919+05:30,466,67.4,304,6,101,7.2,26.0,,
2026-08-23T23:57:24.046805+05:30,466,67.4,305,6,101,7.2,26.0,,
2026-08-23T23:57:31.419460+05:30,464,67.6,307,5,102,7.2,26.1,,
2026-08-23T23:57:38.579229+05:30,464,68.0,306,5,102,7.2,26.1,,
2026-08-23T23:57:45.754663+05:30,464,68.0,304,6,101,7.2,26.1,,
2026-08-23T23:57:53.329951+05:30,464,68.0,306,5,102,7.2,26.1,,
2026-08-23T23:58:00.492177+05:30,464,68.2,305,5,102,7.2,26.1,,
2026-08-23T23:58:07.869219+05:30,462,68.4,304,6,102,7.2,26.2,,
2026-08-23T23:58:15.033370+05:30,462,68.4,304,6,102,7.2,26.2,,
2026-08-23T23:58:22.621481+05:30,462,68.4,304,6,102,7.2,26.2,,
2026-08-23T23:58:29.978432+05:30,462,68.4,306,6,102,7.2,26.2,,
2026-08-23T23:58:37.349928+05:30,462,68.4,306,6,102,7.2,26.2,,
2026-08-23T23:58:44.718156+05:30,462,68.4,306,6,102,7.2,26.2,,
2026-08-23T23:59:02.350264+05:30,462,68.4,306,6,102,7.2,26.2,,
2026-08-23T23:59:24.251662+05:30,461,68.4,306,5,102,7.3,26.2,,
2026-08-23T23:59:31.824422+05:30,461,68.4,306,5,102,7.3,26.2,,
2026-08-23T23:59:39.219697+05:30,0,0.0,0,0,0,0.0,25.5,,
2026-08-23T23:59:46.584242+05:30,0,0.0,0,0,0,0.0,25.3,,
2026-08-23T23:59:53.740507+05:30,0,0.0,0,0,0,0.0,25.4,,
